Authors,Author full names,Title,Year,Source title,DOI,Link,Abstract,Author Keywords,Index Keywords,Affiliations,Authors with affiliations,References,Document Type,Cited by,Source,EID
"Pritam, Nishant; Gill, Kanwarpartap Singh; Kumar, Mukesh; Rawat, Ruchira; Banerjee, Deepak","Pritam, Nishant; Gill, Kanwarpartap Singh; Kumar, Mukesh; Rawat, Ruchira; Banerjee, Deepak",Classification of Student Mental Health Analysis using Logistic Regression and other classification techniques through Machine Learning Methods,2024,2024 3rd International Conference for Innovation in Technology (INOCON),10.1109/INOCON60754.2024.10512216,https://ieeexplore.ieee.org/document/10512216/,,Data Analytics; Students; mental health; modelling; classifier; depression; anxiety; Machine learning; Logistic Regression; support vector machines; decision trees; random forests; Artificial intelligence,Support vector machines; Logistic regression; Analytical models; Machine learning algorithms; Statistical analysis; Linear regression; Mental health,"Chitkara University Institute of Engineering and Technology, Chitkara University, Punjab, India; Computer Science & Engineering, Graphic Era Hill University, Dehradun, Uttarakhand, India; Computer Science & Engineering, Graphic Era Deemed to be University, Dehradun, Uttarakhand, India","Chitkara University Institute of Engineering and Technology, Chitkara University, Punjab, India; Computer Science & Engineering, Graphic Era Hill University, Dehradun, Uttarakhand, India; Computer Science & Engineering, Graphic Era Deemed to be University, Dehradun, Uttarakhand, India",,Conference Paper,13,IEEE Xplore,I001
"Bhadane, Satish N; Reddy, Kuraparthi TV; Patil, Pradeep","Bhadane, Satish N; Reddy, Kuraparthi TV; Patil, Pradeep",Predicting Emotional Well-Being of Undergraduate Students Using Machine Learning Approaches,2025,"2025 3rd DMIHER International Conference on Artificial Intelligence in Healthcare, Education and Industry (IDICAIHEI)",10.1109/IDICAIHEI65991.2025.11378760,https://ieeexplore.ieee.org/document/11378760/,,Emotional Well-Being; Machine Learning; K-Means Clustering; Undergraduate Students; Mental Health,Logistic regression; Accuracy; Scalability; Mental health; Medical services; Predictive models; Real-time systems; Reliability; Random forests; Unsupervised learning,"Department of Artificial Intelligence and Data Science, Faculty of Engineering and Technology, Datta Meghe Institute of Higher Education and Research (DU), Sawangi Wardha, Maharashtra, India; Faculty of Engineering and Engineering and Technology, Datta Meghe Institute of Higher Education and Research (DU), Sawangi Wardha, Maharashtra, India; Department of Psychiatry, Faculty o, Datta Meghe Medical College, Nagpur, Maharashtra, India","Department of Artificial Intelligence and Data Science, Faculty of Engineering and Technology, Datta Meghe Institute of Higher Education and Research (DU), Sawangi Wardha, Maharashtra, India; Faculty of Engineering and Engineering and Technology, Datta Meghe Institute of Higher Education and Research (DU), Sawangi Wardha, Maharashtra, India; Department of Psychiatry, Faculty o, Datta Meghe Medical College, Nagpur, Maharashtra, India",,Conference Paper,0,IEEE Xplore,I002
"Lin, Jiaogang","Lin, Jiaogang",Construction and Application of Predictive Model of College Students' Mental Health Based on Machine Learning,2025,2025 8th International Conference on Computer Information Science and Application Technology (CISAT),10.1109/CISAT66811.2025.11181881,https://ieeexplore.ieee.org/document/11181881/,,Machine learning; Mental health of college students; Analysis and prediction model; data mining,Analytical models; Accuracy; Machine learning algorithms; Computational modeling; Education; Mental health; Predictive models; Prediction algorithms; Data models; Monitoring,"Shandong Xiehe University, Jinan City, China","Shandong Xiehe University, Jinan City, China",,Conference Paper,1,IEEE Xplore,I004
"Chen, Bicui; Zuo, Haiwei; Liao, Yinping; Li, Zhenjun","Chen, Bicui; Zuo, Haiwei; Liao, Yinping; Li, Zhenjun",A Data-Driven Analysis of Mental Health Status and Early Warning System for Vocational College Students,2024,2024 5th International Conference on Information Science and Education (ICISE-IE),10.1109/ICISE-IE64355.2024.11025411,https://ieeexplore.ieee.org/document/11025411/,,vocational college; student mental health; big data analysis; warning mechanism; intervention measures,Information science; Correlation; Systematics; Education; Mental health; Predictive models; Big Data; Depression; Data models; Indexes,"School of Information and Communications Technology, Shenzhen City Polytechnic, Shenzhen, China","School of Information and Communications Technology, Shenzhen City Polytechnic, Shenzhen, China",,Conference Paper,3,IEEE Xplore,I005
"Liu, Renbao","Liu, Renbao",An Empirical Analysis of the Mental Health and Gender Differences of College Students Based on 16PF Big Data,2021,"2021 IEEE 3rd Eurasia Conference on IOT, Communication and Engineering (ECICE)",10.1109/ECICE52819.2021.9645736,https://ieeexplore.ieee.org/document/9645736/,,college students; mental health; gender differences; big data,Data analysis; Statistical analysis; Conferences; Mental health; Big Data; Software,"School of Public Administrator, Shandong Technology and Business University, Yantai, China","School of Public Administrator, Shandong Technology and Business University, Yantai, China",,Conference Paper,1,IEEE Xplore,I007
"Mao, Lanfang","Mao, Lanfang",Design of a College Student Mental Health Assessment System Based on Improved Apriori Algorithm,2024,2024 IEEE 2nd International Conference on Image Processing and Computer Applications (ICIPCA),10.1109/ICIPCA61593.2024.10709082,https://ieeexplore.ieee.org/document/10709082/,,Mental Health Assessment; Intelligent Systems; Evaluation Systems; Binomial Sets,Databases; Image processing; Mental health; Medical services; Computer applications; Stability analysis; Data systems; Data mining; Faces,"College of Surveying, Mapping and Geographic Information, Lanzhou University of Resources and Environment, Lanzhou, Gansu, China","College of Surveying, Mapping and Geographic Information, Lanzhou University of Resources and Environment, Lanzhou, Gansu, China",,Conference Paper,1,IEEE Xplore,I008
"Wei, Huimei; Wang, Lijuan; He, Dandan; Li, Yao","Wei, Huimei; Wang, Lijuan; He, Dandan; Li, Yao",Research on the Early Warning System of College Students' Mental Health Based on Big Data Analysis,2022,"2022 International Conference on Computer Network, Electronic and Automation (ICCNEA)",10.1109/ICCNEA57056.2022.00022,https://ieeexplore.ieee.org/document/9933227/,,Big Data; Student Mental Health Warning; Data Visualization; Psychological Consulting Robot,Employee welfare; Visualization; Soft sensors; Education; Mental health; Transforms; Big Data,"School of Information Science and Technology, Dalian Institute of Science and Technology, Dalian, China","School of Information Science and Technology, Dalian Institute of Science and Technology, Dalian, China",,Conference Paper,3,IEEE Xplore,I009
"Chen, Jiao","Chen, Jiao",Student Mental Health Risk Prediction Based on Apriori Algorithm in the Context of Big Data,2024,"2024 International Conference on Electrical Drives, Power Electronics & Engineering (EDPEE)",10.1109/EDPEE61724.2024.00120,https://ieeexplore.ieee.org/document/10539715/,,student mental health; Big data technology; association rule mining; Data mining; Risk prediction,Correlation; Mental health; Predictive models; Big Data; Prediction algorithms; Market research; Numerical models,"Chengdu Polytechnic, Chengdu, Sichuan, China","Chengdu Polytechnic, Chengdu, Sichuan, China",,Conference Paper,6,IEEE Xplore,I010
"Ren, Yaping; Min, Qiuyue; Jain, Amar","Ren, Yaping; Min, Qiuyue; Jain, Amar",Analysis of College Students' Mental Health Based on Machine Learning Algorithm,2024,2024 International Conference on Integrated Circuits and Communication Systems (ICICACS),10.1109/ICICACS60521.2024.10498768,https://ieeexplore.ieee.org/document/10498768/,,machine learning algorithms; mental health; health conditions; Psychological,Employee welfare; Integrated circuits; Privacy; Machine learning algorithms; Mental health; Machine learning; Regulation,"Weifang Engineering Vocational College, Shandong, China; Department of Civil Engineering, Symbiosis Institute of Technology, Symbiosis International, Pune, India","Weifang Engineering Vocational College, Shandong, China; Department of Civil Engineering, Symbiosis Institute of Technology, Symbiosis International, Pune, India",,Conference Paper,3,IEEE Xplore,I011
"Wang, Junrong; Xie, Qing","Wang, Junrong; Xie, Qing",Construction of a Mental Health Risk Early Warning System for College Students Based on Apriori Data Mining,2025,2025 2nd International Conference on Intelligent Computing and Robotics (ICICR),10.1109/ICICR65456.2025.00155,https://ieeexplore.ieee.org/document/11172979/,,Apriori algorithm; data mining; mental health; risk warning; university students,Productivity; Accuracy; High performance computing; Mental health; Alarm systems; Association rule learning; Artificial intelligence; Robots; Testing,"Guangdong Vocational Institute of Public Administration, Guangzhou, China; Anshun University, Anshun, China","Guangdong Vocational Institute of Public Administration, Guangzhou, China; Anshun University, Anshun, China",,Conference Paper,0,IEEE Xplore,I012
"Xilin, Zhang; Honglian, Yi","Xilin, Zhang; Honglian, Yi",Design of Data Mining and Evaluation System for College Students’ Mental Health,2021,2021 13th International Conference on Measuring Technology and Mechatronics Automation (ICMTMA),10.1109/ICMTMA52658.2021.00132,https://ieeexplore.ieee.org/document/9410139/,,data mining; mental health; MSSQL 2015; Apriori; college students,Visual BASIC; Visualization; Solid modeling; Education; Mental health; Real-time systems; Data mining,"Dalian University of Science and Technology, Dalian, China; Dalian University of Technology, Dalian, China","Dalian University of Science and Technology, Dalian, China; Dalian University of Technology, Dalian, China",,Conference Paper,2,IEEE Xplore,I013
"Mistry, Lavina; Shekhawat, Divya; Patil, Harshali","Mistry, Lavina; Shekhawat, Divya; Patil, Harshali",Personality and Emotional Profiling: A Study on Students Personality Traits and Their Influence on Emotional Well-Being,2025,2025 1st International Conference on Data Science and Intelligent Network Computing (ICDSINC),10.1109/ICDSINC66221.2025.11448225,https://ieeexplore.ieee.org/document/11448225/,,Personality traits; Emotional well-being; Sentiment analysis; Student mental health; Natural language processing; Educational data mining,Bridges; Employee welfare; Sentiment analysis; Intelligent networks; Engineering profession; Anxiety disorders; Mental health; Data science; Tokenization; Data mining,"Faculty of Computer Science, Pacific Academy of Higher Education and Research University, Udaipur, India; Somaiya School of Basic and Applied Sciences, Somaiya Vidyavihar University, Mumbai, India","Faculty of Computer Science, Pacific Academy of Higher Education and Research University, Udaipur, India; Somaiya School of Basic and Applied Sciences, Somaiya Vidyavihar University, Mumbai, India",,Conference Paper,0,IEEE Xplore,I014
"Wang, Chiyue; Yang, Tao","Wang, Chiyue; Yang, Tao",Research on Mental Health Situations of College Students Based on Machine Learning Algorithm,2023,"2023 International Conference on Ambient Intelligence, Knowledge Informatics and Industrial Electronics (AIKIIE)",10.1109/AIKIIE60097.2023.10389910,https://ieeexplore.ieee.org/document/10389910/,,Psychological health; machine learning algorithms; key factors; predictive models; intervention strategies,Machine learning algorithms; Social networking (online); Soft sensors; Mental health; Machine learning; Predictive models; Data models,"Nanjing University of Finance & Economics, Nanjing, China; Nanjing Agricultural University, Nanjing, China","Nanjing University of Finance & Economics, Nanjing, China; Nanjing Agricultural University, Nanjing, China",,Conference Paper,8,IEEE Xplore,I016
"Liu, Ziyu; Li, Yu; Liu, Chunmei; Zhao, Xiaojing; Yin, Wendi","Liu, Ziyu; Li, Yu; Liu, Chunmei; Zhao, Xiaojing; Yin, Wendi",Application of K-Means Clustering Algorithm in Analyzing College Students' Mental Health,2024,2024 3rd International Conference on Artificial Intelligence and Autonomous Robot Systems (AIARS),10.1109/AIARS63200.2024.00038,https://ieeexplore.ieee.org/document/10708838/,,Mental health; K-means clustering; college students,Anxiety disorders; Clustering algorithms; Mental health; Depression; Stability analysis; Complexity theory; Reliability; Thermal stability; Autonomous robots,"Weifang Engineering Vocational College, Qingzhou, Shandong, China","Weifang Engineering Vocational College, Qingzhou, Shandong, China",,Conference Paper,2,IEEE Xplore,I017
"Sun, Xiaoyu","Sun, Xiaoyu",Research on Data Mining of College Students' Psychological Problems Based on Apriori Algorithm,2025,"2025 2nd International Conference on Digital Media, Communication and Information Systems (DMCIS)",10.1109/DMCIS65888.2025.11138382,https://ieeexplore.ieee.org/document/11138382/,,data mining; student mental health; Apriori algorithm; Intelligent decision-making,Surveys; Analytical models; Accuracy; Data analysis; Soft sensors; Mental health; Media; Data models; Optimization; Information systems,"Dalian Vocational and Technical College (Dalian Open University), Dalian, Liaoning, China","Dalian Vocational and Technical College (Dalian Open University), Dalian, Liaoning, China",,Conference Paper,0,IEEE Xplore,I018
"Sathishkumar, B.R.; Kumar, M. Kavin; Paveen, S.G.; Vignesh, S. Poorna","Sathishkumar, B.R.; Kumar, M. Kavin; Paveen, S.G.; Vignesh, S. Poorna",Mental Health Prediction of Students Using Machine Learning Method,2024,2024 International Conference on Smart Technologies for Sustainable Development Goals (ICSTSDG),10.1109/ICSTSDG61998.2024.11026687,https://ieeexplore.ieee.org/document/11026687/,,Machine Learning; Mental Health; Visual Analysis; Students,Economics; Visualization; Data visualization; Mental health; Machine learning; Data collection; Market research; Reliability; Sustainable development; Standards,"ECE, Sri Ramakrishna Engineering College, Coimbatore, India","ECE, Sri Ramakrishna Engineering College, Coimbatore, India",,Conference Paper,1,IEEE Xplore,I020
"Shang, Meihe; Zhang, Yixin","Shang, Meihe; Zhang, Yixin",Intelligent Perception Model for Detecting College Students' Psychological Abnormalities Based on Educational Big Data,2025,"2025 IEEE International Conference on Computation, Big-Data and Engineering (ICCBE)",10.1109/ICCBE65177.2025.11255807,https://ieeexplore.ieee.org/document/11255807/,,intelligent perception model; psychological abnormalities; educational big data; data mining,Systematics; Scalability; Prevention and mitigation; Refining; Mental health; Computer architecture; Big Data; Predictive models; Data models; Association rule learning,"Jilin Agricultural Science and Technology College, Jilin, China","Jilin Agricultural Science and Technology College, Jilin, China",,Conference Paper,0,IEEE Xplore,I021
"Varsha, Meka; Ramya, Moushmi; Sobin, C C; Subheesh, NP.; Ali, Jahfar","Varsha, Meka; Ramya, Moushmi; Sobin, C C; Subheesh, NP.; Ali, Jahfar",Assessing Emotional Well-being of Students using Machine Learning Techniques,2021,2021 19th OITS International Conference on Information Technology (OCIT),10.1109/OCIT53463.2021.00073,https://ieeexplore.ieee.org/document/9719343/,,Mental Health; Happiness; Machine Learning,Pediatrics; Machine learning; Mental health; Information technology; Faces,"Dept.of CSE, SRM University AP, Andhra Pradesh, India; IIT Madras, Tamilnadu, India; LTRC, IIT Hyderabad, Telangana, India","Dept.of CSE, SRM University AP, Andhra Pradesh, India; IIT Madras, Tamilnadu, India; LTRC, IIT Hyderabad, Telangana, India",,Conference Paper,1,IEEE Xplore,I022
"Runling, Wang","Runling, Wang",Early-Warning Model of College Students' Psychological Problems Based On Data Mining Technology,2023,2023 IEEE 3rd International Conference on Social Sciences and Intelligence Management (SSIM),10.1109/SSIM59263.2023.10469427,https://ieeexplore.ieee.org/document/10469427/,,early warning; model design mechanism; college students; psychological problem; data mining,Analytical models; Statistical analysis; Mood; Education; Psychology; Mental health; Data models,"Shandong Institute of Commerce and Technology, Jinan, China","Shandong Institute of Commerce and Technology, Jinan, China",,Conference Paper,0,IEEE Xplore,I023
"Gita, Nyoman Ayu; Kusumajati","Gita, Nyoman Ayu; Kusumajati",Empowering Student Mental Health Through Machine Learning in Blended Learning Environments,2025,2025 International Conference on Artificial Intelligence and Technological Solutions (ICAITech),10.1109/ICAITech66481.2025.11387472,https://ieeexplore.ieee.org/document/11387472/,,Blended Learning; Mental Health; Machine Learning; Higher Education; Student Well-being,Training; Logistic regression; Accuracy; Supervised learning; Mental health; Predictive models; Nearest neighbor methods; Hybrid learning; Random forests; Resilience,"Computer Science Department, School of Computer Science, Bina Nusantara University, Jakarta, Indonesia; Kusumajati Character Building Development Center School of Information System, Bina Nusantara University, Jakarta, Indonesia","Computer Science Department, School of Computer Science, Bina Nusantara University, Jakarta, Indonesia; Kusumajati Character Building Development Center School of Information System, Bina Nusantara University, Jakarta, Indonesia",,Conference Paper,0,IEEE Xplore,I026
"Yanfang, Su; Yamin, Wu","Yanfang, Su; Yamin, Wu",Application of Big Data Technology in the Research on Mental Health Education of College Students from Poverty-Stricken Families,2021,2021 2nd International Conference on Artificial Intelligence and Education (ICAIE),10.1109/ICAIE53562.2021.00077,https://ieeexplore.ieee.org/document/9534561/,,big data technology; poor family economic status; mental health,Economics; Databases; Education; Clustering algorithms; Mental health; Transforms; Big Data,"College of Electronic Science and Technology of China, Chengdu, China","College of Electronic Science and Technology of China, Chengdu, China",,Conference Paper,0,IEEE Xplore,I027
"Li, Bingbing; Xu, You","Li, Bingbing; Xu, You",Research on evaluation model of College Students’ mental health,2021,2021 International Conference on Health Big Data and Smart Sports (HBDSS),10.1109/HBDSS54392.2021.00031,https://ieeexplore.ieee.org/document/9681144/,,College students; Mental health; Evaluation and model,Analytical models; Systematics; Electronic learning; Data analysis; Social networking (online); Mental health; Data models,"Yichun Vocational Technical College, Yichun, Jiangxi, 336000, China","Yichun Vocational Technical College, Yichun, Jiangxi, 336000, China",,Conference Paper,2,IEEE Xplore,I028
"Song, Xiaoyi; Zheng, Jie; He, Jun","Song, Xiaoyi; Zheng, Jie; He, Jun",Study on Promoting College Students’ Mental Health by AI Music Therapy Based on Big Data Analysis,2025,2025 IEEE/IEIE International Conference on Consumer Electronics-Asia (ICCE-Asia),10.1109/ICCE-Asia67487.2025.11263737,https://ieeexplore.ieee.org/document/11263737/,,AI music therapy; big data analytics; mental health; personalized interventions,Emotion recognition; Heuristic algorithms; Medical treatment; Mental health; Big Data; Physiology; Multiple signal classification; Cultural differences; Artificial intelligence; Heart rate variability,"Xiamen Academy of Arts & Design Fuzhou University, Xiamen, China; School of Artificial Intelligence Xiamen Institute of Technology, Xiamen, China","Xiamen Academy of Arts & Design Fuzhou University, Xiamen, China; School of Artificial Intelligence Xiamen Institute of Technology, Xiamen, China",,Conference Paper,2,IEEE Xplore,I029
"Zhang, Ye","Zhang, Ye",The Intelligent Prediction Model of College Students' Mental Health Based on Cluster Analysis Algorithm,2022,"2022 International Symposium on Advances in Informatics, Electronics and Education (ISAIEE)",10.1109/ISAIEE57420.2022.00138,https://ieeexplore.ieee.org/document/10071184/,,cluster analysis; college student psychology; mental health; prediction model,Analytical models; Graphical models; Soft sensors; Education; Clustering algorithms; Mental health; Predictive models,"Changchun Institute of Technology, Changchun, China","Changchun Institute of Technology, Changchun, China",,Conference Paper,1,IEEE Xplore,I031
"Xie, Wenyan","Xie, Wenyan",Big data Analysis on The Management Content of College Students' Mental Health Education,2021,2021 13th International Conference on Measuring Technology and Mechatronics Automation (ICMTMA),10.1109/ICMTMA52658.2021.00152,https://ieeexplore.ieee.org/document/9410145/,,college students; big data; mental health; decision trees; data minting,Cloud computing; Statistical analysis; Education; Mental health; Big Data; Predictive models; Classification algorithms,"Sichuan Vocational and Technical College, Suining, China","Sichuan Vocational and Technical College, Suining, China",,Conference Paper,4,IEEE Xplore,I034
"Lin, Fengping; Liu, Wenbin","Lin, Fengping; Liu, Wenbin",Research on Intelligent Analysis Platform of Students Mental Health Based on Big Data Computation,2023,2023 IEEE 6th International Conference on Knowledge Innovation and Invention (ICKII),10.1109/ICKII58656.2023.10332736,https://ieeexplore.ieee.org/document/10332736/,,Big Data Analysis; student mental health; Intelligence; Analysis Platform,Surveys; Technological innovation; Statistical analysis; Social networking (online); Mental health; Big Data; Prediction algorithms,"Fujian Vocational College of Bioengineering, Fuzhou, China; Fuzhou Software Technology Vocational College, Fuzhou, China","Fujian Vocational College of Bioengineering, Fuzhou, China; Fuzhou Software Technology Vocational College, Fuzhou, China",,Conference Paper,1,IEEE Xplore,I035
"Deng, Qiyin","Deng, Qiyin",Application of Sentiment Analysis Algorithm based on Big Data in Mental Health Assessment,2024,"2024 3rd International Conference on Data Analytics, Computing and Artificial Intelligence (ICDACAI)",10.1109/ICDACAI65086.2024.00008,https://ieeexplore.ieee.org/document/10835595/,,psychological health of college students; data mining algorithms; evaluation models; emotional regulation; learning impact,Sentiment analysis; Heuristic algorithms; Education; Clustering algorithms; Mental health; Big Data; Data models; Internet; Data mining; Indexes,"Chengdu Agricultural College, Chengdu City, China","Chengdu Agricultural College, Chengdu City, China",,Conference Paper,0,IEEE Xplore,I036
"Xun, Mangmang","Xun, Mangmang",Establishing Early Warning System of College Students' Mental Health Based on System Dynamics,2021,"2021 International Symposium on Advances in Informatics, Electronics and Education (ISAIEE)",10.1109/ISAIEE55071.2021.00017,https://ieeexplore.ieee.org/document/9726994/,,System Dynamics; College Student Psychology; Mental Health; Early Warning System,System dynamics; Education; Mental health; Alarm systems; Time factors; Informatics; Monitoring,"Luzhou Vocational & Technical College, Luzhou, Sichuan, China","Luzhou Vocational & Technical College, Luzhou, Sichuan, China",,Conference Paper,1,IEEE Xplore,I037
"Lin, Shuang; Lin, Wen","Lin, Shuang; Lin, Wen",Research on the Mental Health Status of College Students Based on Machine Learning,2025,2025 5th International Symposium on Computer Technology and Information Science (ISCTIS),10.1109/ISCTIS65944.2025.11064987,https://ieeexplore.ieee.org/document/11064987/,,Mental Health Status; College Students; Machine Learning; support vector machines,Support vector machines; Surveys; Machine learning algorithms; Accuracy; Risk minimization; Mental health; Social factors; Classification algorithms; Kernel; Optimization,"Accounting and Finance, Shandong Business Institute, Yantai, China","Accounting and Finance, Shandong Business Institute, Yantai, China",,Conference Paper,0,IEEE Xplore,I040
"Xu, Yixin; Guo, Yanhong; Chen, Jing","Xu, Yixin; Guo, Yanhong; Chen, Jing",Research on mental health education of college students based on k-means algorithm,2025,2025 IEEE 8th Information Technology and Mechatronics Engineering Conference (ITOEC),10.1109/ITOEC63606.2025.10968882,https://ieeexplore.ieee.org/document/10968882/,,mental health education; Descriptive analysis; Cluster analysis; K-means algorithm,Surveys; Mechatronics; Statistical analysis; Education; Clustering algorithms; Mental health; Data collection; Mathematical models; Information technology,"Department of Marxism, Wuhan Business University, China; Department of Information Engineering, Wuhan Business University, China","Department of Marxism, Wuhan Business University, China; Department of Information Engineering, Wuhan Business University, China",,Conference Paper,1,IEEE Xplore,I041
"Sun, Yutao; Wu, Haifeng; Li, Hui; Fu, Yuan","Sun, Yutao; Wu, Haifeng; Li, Hui; Fu, Yuan",Machine Learning-based Mental Health Analysis and Early Warning for College Student,2021,"2021 IEEE 21st International Conference on Software Quality, Reliability and Security Companion (QRS-C)",10.1109/QRS-C55045.2021.00087,https://ieeexplore.ieee.org/document/9742126/,,Machine learning; Mental health of college students; Multi-indicator evaluation,Training; Analytical models; Machine learning algorithms; Mental health; Machine learning; Software quality; Data models,"China University of Geosciences, Wuhan, China","China University of Geosciences, Wuhan, China",,Conference Paper,5,IEEE Xplore,I043
"Zhang, Zelin; Yu, Aiwen","Zhang, Zelin; Yu, Aiwen",Design and Development of Ensemble Deep Learning Framework for Psychological Health Assessment of College Students,2025,2025 International Conference on Intelligent Computing and Knowledge Extraction (ICICKE),10.1109/ICICKE65317.2025.11136466,https://ieeexplore.ieee.org/document/11136466/,,psychological well-being; neural networks; mental health; early detection; academic stress; social pressure; and lifestyles,Deep learning; Accuracy; Computational modeling; Scalability; Neural networks; Mental health; Performance metrics; Real-time systems; Standards; Monitoring,"College of Preschool Education, Harbin Preschool Teachers College, Harbin, China; Faculty of Art, Harbin Preschool Teachers College, Harbin, China","College of Preschool Education, Harbin Preschool Teachers College, Harbin, China; Faculty of Art, Harbin Preschool Teachers College, Harbin, China",,Conference Paper,1,IEEE Xplore,I049
"Chen, Xumei","Chen, Xumei",A Dynamic Psychological Health Assessment System for College Students Based on Machine Learning and Intelligent Algorithms,2024,"2024 International Conference on Computers, Information Processing and Advanced Education (CIPAE)",10.1109/CIPAE64326.2024.00135,https://ieeexplore.ieee.org/document/10788299/,,Dynamic Psychology Health Assessment System; College Students; Machine Learning; Intelligent Algorithms; Mental Wellness; Coping Environment,Machine learning algorithms; Accuracy; Heuristic algorithms; Education; Psychology; Machine learning; Mental health; Information processing; Prediction algorithms; Real-time systems,"Mental Health Education Center, Sichuan University of Media and Communications, Chengdu, China","Mental Health Education Center, Sichuan University of Media and Communications, Chengdu, China",,Conference Paper,3,IEEE Xplore,I050
"Chen, Xumei","Chen, Xumei",Algorithm Driven Early Warning and Intervention System for Mental Health of College Students,2024,"2024 International Conference on Internet of Things, Robotics and Distributed Computing (ICIRDC)",10.1109/ICIRDC65564.2024.00082,https://ieeexplore.ieee.org/document/11146166/,,Health assessment system; early warning; intervention systems; intelligent algorithms; mental health; algorithms driven models,Data privacy; Machine learning algorithms; Data analysis; Mental health; Predictive models; Market research; Data models; Internet of Things; Monitoring; Robots,"Mental Health Education Center, Sichuan University of Media and Communications, Chengdu, China","Mental Health Education Center, Sichuan University of Media and Communications, Chengdu, China",,Conference Paper,2,IEEE Xplore,I051
"Dayananda, Chaithanya; P, Hemashree; D, Impu; S, Janavi; S, Gururaja H","Dayananda, Chaithanya; P, Hemashree; D, Impu; S, Janavi; S, Gururaja H",A Multi-Model Ensemble Approach for Proactive Student Mental Health Assessment,2024,"2024 IEEE International Conference for Women in Innovation, Technology & Entrepreneurship (ICWITE)",10.1109/ICWITE59797.2024.10502925,https://ieeexplore.ieee.org/document/10502925/,,Machine Learning; Support vector classifier; Logistic regression; decision trees; random forests; ensemble models,Mental health; Medical services; Predictive models; Prediction algorithms; Vectors; Ensemble learning; Reliability,"Department of CSE, Global Academy of Technology, Bangalore, Karnataka, India; Department of ISE, B.M.S. College of Engineering, Bangalore, Karnataka, India","Department of CSE, Global Academy of Technology, Bangalore, Karnataka, India; Department of ISE, B.M.S. College of Engineering, Bangalore, Karnataka, India",,Conference Paper,0,IEEE Xplore,I052
"Luo, Guangli; Li, Chao","Luo, Guangli; Li, Chao",Research on Mental Health Problem Identification Algorithm of College Students,2024,2024 IEEE 2nd International Conference on Image Processing and Computer Applications (ICIPCA),10.1109/ICIPCA61593.2024.10708980,https://ieeexplore.ieee.org/document/10708980/,,College students; Mental health; Identify; algorithms,Surveys; Training; Art; Accuracy; Mental health; Feature extraction; Prediction algorithms; Rhythm; Time measurement; Classification algorithms,"South China Business College, Guangdong University of Foreign Studies, Guangzhou City, China","South China Business College, Guangdong University of Foreign Studies, Guangzhou City, China",,Conference Paper,2,IEEE Xplore,I053
"Liu, Fangfang; Liu, Di","Liu, Fangfang; Liu, Di",Mining the Mental Health Crisis Among College Students Using Big Data : ---- A Data Analysis based on TikTok,2022,"2022 3rd International Conference on Education, Knowledge and Information Management (ICEKIM)",10.1109/ICEKIM55072.2022.00188,https://ieeexplore.ieee.org/document/10027306/,,psychological crisis of university students; python; CiteSpace,Visualization; Emotion recognition; Education; Data visualization; Mental health; Big Data; Search problems,"Yunnan Vocational College of Land Resources, Nningxia, China","Yunnan Vocational College of Land Resources, Nningxia, China",,Conference Paper,1,IEEE Xplore,I054
"Riaz, Sadia; Banerjee, Arindam; Parthasaarathy, Sutharsan Chiranjeevi","Riaz, Sadia; Banerjee, Arindam; Parthasaarathy, Sutharsan Chiranjeevi",Proactive Student Wellbeing Monitoring in K-12 Schools Using Machine Learning,2025,2025 10th International Conference on Cloud Computing and Big Data Analytics (ICCCBDA),10.1109/ICCCBDA64898.2025.11030513,https://ieeexplore.ieee.org/document/11030513/,,Student Wellbeing; Predictive Modelling; Human-AI Collaboration; K-12 Education; Early Intervention; Educational Technology,Analytical models; Ethics; Computational modeling; Psychology; Predictive models; Prediction algorithms; Environmental factors; Predictive analytics; Random forests; Monitoring,"S.P.Jain London School of Management, London, United Kingdom; S.P.Jain School of Global Management, Dubai, United Arab Emirates","S.P.Jain London School of Management, London, United Kingdom; S.P.Jain School of Global Management, Dubai, United Arab Emirates",,Conference Paper,1,IEEE Xplore,I055
"Wardhani, Retno; Nafiiyah, Nur; Farouq, M Kemal","Wardhani, Retno; Nafiiyah, Nur; Farouq, M Kemal",K-Means Clustering of the Mental Health of Engineering Students at the Universitas Islam Lamongan,2023,"2023 IEEE International Conference on Communication, Networks and Satellite (COMNETSAT)",10.1109/COMNETSAT59769.2023.10420590,https://ieeexplore.ieee.org/document/10420590/,,clustering; engineering students; k-means; mental health,Learning systems; Heart; Satellites; Mental health; Depression; Engineering students; Diseases,"Department of Informatics, Universitas Islam Lamongan, Lamongan, Indonesia","Department of Informatics, Universitas Islam Lamongan, Lamongan, Indonesia",,Conference Paper,1,IEEE Xplore,I056
"Kumar, Kanak; Verma, Anshul; Verma, Pradeepika; Tripathi, Suman Lata","Kumar, Kanak; Verma, Anshul; Verma, Pradeepika; Tripathi, Suman Lata",Unveiling Mental Stress: Examining the Impact on College Students' Well-being Using Machine Learning Based Solutions,2024,2024 IEEE International Conference of Electron Devices Society Kolkata Chapter (EDKCON),10.1109/EDKCON62339.2024.10870747,https://ieeexplore.ieee.org/document/10870747/,,Machine learning; mental illness; college stu-dents; mental stress; mental health diagnosis and treatment,Radio frequency; Hands; Logistic regression; Accuracy; Machine learning algorithms; Mental health; Nearest neighbor methods; Electron devices; Random forests; Recruitment,"Dept. of Computer Science, Banaras Hindu University, Varanasi, India; Technology Innovation Hub, Indian Institute of Technology, Patna, India; VLSI Design, Lovely Professional University, Phagwara, India","Dept. of Computer Science, Banaras Hindu University, Varanasi, India; Technology Innovation Hub, Indian Institute of Technology, Patna, India; VLSI Design, Lovely Professional University, Phagwara, India",,Conference Paper,5,IEEE Xplore,I058
"He, Caixia; Luo, Rencai","He, Caixia; Luo, Rencai",Fuzzy C-Means Clustering Algorithm in College Students' Mental Health Test,2022,2022 International Conference on Artificial Intelligence and Autonomous Robot Systems (AIARS),10.1109/AIARS57204.2022.00027,https://ieeexplore.ieee.org/document/9943245/,,DM; Cluster Analysis; Mental Health; Personality Factors,Training; Analytical models; Clustering algorithms; Mental health; Big Data; Data models; Reliability,"Department of Ideological and Political Theory, Hunan Software Vocational and Technical University, Xiangtan, China; Tensioner Segment, Schaeffler (XiangTan) Co.Ltd, Xiangtan, China","Department of Ideological and Political Theory, Hunan Software Vocational and Technical University, Xiangtan, China; Tensioner Segment, Schaeffler (XiangTan) Co.Ltd, Xiangtan, China",,Conference Paper,0,IEEE Xplore,I059
"Nison, Pornrat; Vuttipittayamongkol, Pattaramon; Boonyapuk, Pimrat; Kemavuthanon, Kemachart","Nison, Pornrat; Vuttipittayamongkol, Pattaramon; Boonyapuk, Pimrat; Kemavuthanon, Kemachart",A Machine Learning Approach for Depression Screening in College Students Based on Non-Clinical Information,2023,2023 International Conference On Cyber Management And Engineering (CyMaEn),10.1109/CyMaEn57228.2023.10051001,https://ieeexplore.ieee.org/document/10051001/,,depression; mental health screening; college students; machine learning; classification; imbalanced data,Training; Machine learning algorithms; Mental health; Predictive models; Depression; Prediction algorithms; Reliability,"The Center of Excellence in Artificial Intelligence and Emerging Technologies, School of Information Technology, Mae Fah Luang University, Thailand; School of Nursing, Mae Fah Luang University, Thailand; School of Information Technology, Mae Fah Luang University, Thailand","The Center of Excellence in Artificial Intelligence and Emerging Technologies, School of Information Technology, Mae Fah Luang University, Thailand; School of Nursing, Mae Fah Luang University, Thailand; School of Information Technology, Mae Fah Luang University, Thailand",,Conference Paper,2,IEEE Xplore,I060
"Choudhary, Jayant; Awasthi, Devashish; Bhatt, Bhaskar; Narang, Harshit; Vats, Satvik; Sharma, Vikrant","Choudhary, Jayant; Awasthi, Devashish; Bhatt, Bhaskar; Narang, Harshit; Vats, Satvik; Sharma, Vikrant",SentiSense: Pioneering Mental Health Application Through Advanced Technology,2024,"2024 International Conference on Electronics, Computing, Communication and Control Technology (ICECCC)",10.1109/ICECCC61767.2024.10593909,https://ieeexplore.ieee.org/document/10593909/,,Mental Health; Health; Deep Learning; support vector machines; Machine Learning,Accuracy; Machine learning algorithms; Anxiety disorders; Neural networks; Mental health; Machine learning; Predictive models,"Computer Science and Engineering, Graphic Era Hill University, Dehradun, India","Computer Science and Engineering, Graphic Era Hill University, Dehradun, India",,Conference Paper,3,IEEE Xplore,I061
"Wang, Jie; Su, Zhao; Liu, Yun; Zhang, Xizhe","Wang, Jie; Su, Zhao; Liu, Yun; Zhang, Xizhe",Preventing Dropouts and Promoting Student Success: The Role of Predictive Analytics,2023,2023 International Conference on Computer Applications Technology (CCAT),10.1109/CCAT59108.2023.00059,https://ieeexplore.ieee.org/document/10410340/,,PHQ-9; dropouts; student success; predictive analytics,Solid modeling; Mental disorders; Education; Machine learning; Mental health; Predictive models; Regression analysis,"Department of Biomedical, Engineering and Informatics, Nanjing Medical University, Nanjing, China; Department of Biomedical Engineering and Informatics, Nanjing Medical University, Nanjing, China","Department of Biomedical, Engineering and Informatics, Nanjing Medical University, Nanjing, China; Department of Biomedical Engineering and Informatics, Nanjing Medical University, Nanjing, China",,Conference Paper,0,IEEE Xplore,I062
"Zhang, Ping; Chen, Jing","Zhang, Ping; Chen, Jing",Tracking of Mental Health Management for Students Based on Fuzzy C-Means Clustering Algorithm,2023,2023 Third International Conference on Digital Data Processing (DDP),10.1109/DDP60485.2023.00041,https://ieeexplore.ieee.org/document/10418832/,,FCM algorithm; student mental health; Psychological management data,Schedules; Art; Clustering algorithms; Mental health; Security; Data mining; System analysis and design,"Wuhan University of Engineering Science, Wuhan, Hubei, China; Wuhan Qingchuan University, Wuhan, Hubei, China","Wuhan University of Engineering Science, Wuhan, Hubei, China; Wuhan Qingchuan University, Wuhan, Hubei, China",,Conference Paper,1,IEEE Xplore,I063
"Yu, Xiajun","Yu, Xiajun",Intelligent Assessment of College Students' Mental Health based on Hybrid Decision Tree Algorithm,2025,2025 International Conference on Intelligent Computing and Knowledge Extraction (ICICKE),10.1109/ICICKE65317.2025.11136440,https://ieeexplore.ieee.org/document/11136440/,,mental health assessment; decision trees; intelligent analytics; early intervention; student well-being; predictive modelling; feature selection; adaptive learning,Support vector machines; Accuracy; Machine learning algorithms; Computational modeling; Mental health; Prediction algorithms; Feature extraction; Real-time systems; Classification algorithms; Decision trees,"Chongqing Three Gorges Vocational College, Chongqing, China","Chongqing Three Gorges Vocational College, Chongqing, China",,Conference Paper,1,IEEE Xplore,I064
"Singh, Ashutosh; Singh, Khushdeep; Kumar, Amit; Shrivastava, Abhishek; Kumar, Santosh","Singh, Ashutosh; Singh, Khushdeep; Kumar, Amit; Shrivastava, Abhishek; Kumar, Santosh",Optimizing Well-Being: Unveiling Eustress and Distress through Machine Learning,2024,2024 International Conference on Inventive Computation Technologies (ICICT),10.1109/ICICT60155.2024.10544592,https://ieeexplore.ieee.org/document/10544592/,,Stress; Eustress; Distress; Machine Learning; Logistic Regression; K-Nearest Neighbors,Surveys; Support vector machines; Logistic regression; Machine learning algorithms; Conferences; Anxiety disorders; Blood pressure,"Department of Data Science and Artificial Intelligence, IIIT Naya Raipur, Chhattisgarh, India","Department of Data Science and Artificial Intelligence, IIIT Naya Raipur, Chhattisgarh, India",,Conference Paper,8,IEEE Xplore,I066
"Rani, Ritu; Gupta, Sheifali","Rani, Ritu; Gupta, Sheifali",Predicting Student Anxiety and Depression Using Random Forest Classifiers Optimizer,2024,2024 Second International Conference Computational and Characterization Techniques in Engineering & Sciences (IC3TES),10.1109/IC3TES62412.2024.10877644,https://ieeexplore.ieee.org/document/10877644/,,random forests; mental health; university students; depression; anxiety; insomnia; machine learning; early intervention; COVID-19; data analytics,Epidemics; Accuracy; Sensitivity; Anxiety disorders; Mental health; Forestry; Predictive models; Depression; Reliability; Random forests,"Chitkara University Institute of Engineering and Technology, Chitkara University, Punjab, India","Chitkara University Institute of Engineering and Technology, Chitkara University, Punjab, India",,Conference Paper,1,IEEE Xplore,I069
"Gayatri, Nyoman Ayu Gita; Kusumajati, Dian Anggraini","Gayatri, Nyoman Ayu Gita; Kusumajati, Dian Anggraini",AI-Driven Mental Health Predicition: A Scalable Model for Early Intervension in Higher Education Institution,2025,2025 International Conference on Information and Communication Technology (ICoICT),10.1109/ICoICT66265.2025.11192979,https://ieeexplore.ieee.org/document/11192979/,,mental health; college students; machine learning; academic achievement; higher education; prediction model; early intervention; anxiety; well-being,Support vector machines; Logistic regression; Accuracy; Surveillance; Education; Anxiety disorders; Mental health; Predictive models; Nearest neighbor methods; Random forests,"Computer Science Department, School of Computer Science, Bina Nusantara University, Jakarta, Indonesia; Character Building Development Center, School of Information System, Bina Nusantara University, Jakarta, Indonesia","Computer Science Department, School of Computer Science, Bina Nusantara University, Jakarta, Indonesia; Character Building Development Center, School of Information System, Bina Nusantara University, Jakarta, Indonesia",,Conference Paper,0,IEEE Xplore,I072
"Alazzam, Seif Hshem; Al-oudat, Mohammad","Alazzam, Seif Hshem; Al-oudat, Mohammad",AI-Driven Classification of Academic and Psychological Challenges in Higher Education,2025,2025 International Conference on New Trends in Computing Sciences (ICTCS),10.1109/ICTCS65341.2025.10989304,https://ieeexplore.ieee.org/document/10989304/,,Academic and Psychological Challenges; large language models; Jordanian Higher Education; Machine Learning for Classification,Support vector machines; Accuracy; Statistical analysis; Large language models; Computational modeling; Education; Psychology; Nearest neighbor methods; Reliability; Testing,"Department of Software Engineering, Philadelphia University of Jordan, Amman, Jordan; Department of Computer Science, Philadelphia University of Jordan, Amman, Jordan","Department of Software Engineering, Philadelphia University of Jordan, Amman, Jordan; Department of Computer Science, Philadelphia University of Jordan, Amman, Jordan",,Conference Paper,0,IEEE Xplore,I073
"Singh, Ashutosh; Singh, Khushdeep; Kumar, Amit; Shrivastava, Abhishek; Kumar, Santosh","Singh, Ashutosh; Singh, Khushdeep; Kumar, Amit; Shrivastava, Abhishek; Kumar, Santosh",Machine Learning Algorithms for Detecting Mental Stress in College Students,2024,2024 IEEE 9th International Conference for Convergence in Technology (I2CT),10.1109/I2CT61223.2024.10544243,https://ieeexplore.ieee.org/document/10544243/,,Stress; Non-stress; Machine learning algorithms; Support vector machines,Support vector machines; Surveys; Logistic regression; Machine learning algorithms; Conferences; Human factors; Vectors,"Department of Data Science and Artificial Intelligence, IIIT Naya, Raipur, Chhattisgarh, India","Department of Data Science and Artificial Intelligence, IIIT Naya, Raipur, Chhattisgarh, India",,Conference Paper,22,IEEE Xplore,I079
"Riyadi, Slamet; Carera, Silviana Chandra","Riyadi, Slamet; Carera, Silviana Chandra",Classification of Student Mental Health Using the Tabular ResNet Method,2025,2025 IEEE Symposium on Industrial Electronics & Applications (ISIEA),10.1109/ISIEA65768.2025.11138406,https://ieeexplore.ieee.org/document/11138406/,,student mental health; classification; tabular; resnet,Surveys; Adaptation models; Accuracy; Machine learning algorithms; Mental health; Nearest neighbor methods; Data models; Socioeconomics; Random forests; Testing,"Department of Information Technology, Universitas Muhammadiyah Yogyakarta, Yogyakarta, Indonesia","Department of Information Technology, Universitas Muhammadiyah Yogyakarta, Yogyakarta, Indonesia",,Conference Paper,1,IEEE Xplore,I080
"Balamurugan, M; S.G., Mayasre.; H, Kirthika","Balamurugan, M; S.G., Mayasre.; H, Kirthika",An Intelligent Tool to Predict and Analyze Students' Stress for Their Academic Growth,2023,2023 Intelligent Computing and Control for Engineering and Business Systems (ICCEBS),10.1109/ICCEBS58601.2023.10448969,https://ieeexplore.ieee.org/document/10448969/,,Machine learning techniques; random forests; student's mental health analysis; web application,Training; Machine learning algorithms; Mental health; Medical services; Pupils; Random forests; Monitoring,"Department of Computer Science and Engineering, Sri Sairam Engineering College, Chennai, Tamilnadu, India","Department of Computer Science and Engineering, Sri Sairam Engineering College, Chennai, Tamilnadu, India",,Conference Paper,1,IEEE Xplore,I081
"D, Subhash Chandra Mouli; Kovuru, Durgaprasad Reddy; Ganesh, Pottypati; Asifa, Shaik; Dharani, Koppala; B., Pandurangaraju","D, Subhash Chandra Mouli; Kovuru, Durgaprasad Reddy; Ganesh, Pottypati; Asifa, Shaik; Dharani, Koppala; B., Pandurangaraju",Interpretable Hybrid Machine Learning for Student Mental Health Screening,2026,2026 4th International Conference on Knowledge Engineering and Communication Systems (ICKECS),10.1109/ICKECS70176.2026.11527614,https://ieeexplore.ieee.org/document/11527614/,,Student Mental Health; Hybrid Machine Learning; explainable ai; Interpretability; Mental Health Screening,Modeling; Machine learning; Mental health; Machining; Educational institutions; Depression; Printing; Human factors; Stress; Uncertainty,"Department of CSE, Annamacharya University, Rajampet, India; Department of CSE, Annamacharya Institute of Technology and Sciences, Rajampet, India; Department of AI&DS, Annamacharya University, Rajampet, India","Department of CSE, Annamacharya University, Rajampet, India; Department of CSE, Annamacharya Institute of Technology and Sciences, Rajampet, India; Department of AI&DS, Annamacharya University, Rajampet, India",,Conference Paper,0,IEEE Xplore,I083
"Poddar, Procheta; Saha, Debasmita; Pal, Sayan; Karmakar, Rahul","Poddar, Procheta; Saha, Debasmita; Pal, Sayan; Karmakar, Rahul",Mental Health Monitoring in Students: A Classifier-Based Machine Learning Approach,2025,"2025 International Conference on Computing, Intelligence, and Application (CIACON)",10.1109/CIACON65473.2025.11189529,https://ieeexplore.ieee.org/document/11189529/,,Student Mental Health; Machine Learning; SMOTE; Feature Selection; decision trees,Accuracy; Computational modeling; Supervised learning; Mental health; Machine learning; Feature extraction; Decision trees; Monitoring; Tuning; Principal component analysis,"Department of Computer Science, University of Gour Banga, Malda, West Bengal, India; Department of Computer Science, The University of Burdwan, Burdwan East, West Bengal, India","Department of Computer Science, University of Gour Banga, Malda, West Bengal, India; Department of Computer Science, The University of Burdwan, Burdwan East, West Bengal, India",,Conference Paper,3,IEEE Xplore,I086
"Jia, Yuqi; Zhen, Wei; Li, Cui","Jia, Yuqi; Zhen, Wei; Li, Cui",An Explainable Decision Tree Framework for Mental Health Assessment of College Students,2026,2026 4th International Conference on Integrated Circuits and Communication Systems (ICICACS),10.1109/ICICACS68679.2026.11578641,https://ieeexplore.ieee.org/document/11578641/,,decision tree learning; explainable ai; mental health assessment; optimization; student wellbeing,Modeling; Mental health; Educational institutions; Decision trees; Accuracy; Equations; Optimization; Printing; Machine learning; Depression,"Qiushi College, Taiyuan University of Technology, Taiyuan, China; Department of Human Resources, Taiyuan University of Technology, Taiyuan, China; College of Physics and Optoelectronics, Taiyuan University of Technology, Taiyuan, China","Qiushi College, Taiyuan University of Technology, Taiyuan, China; Department of Human Resources, Taiyuan University of Technology, Taiyuan, China; College of Physics and Optoelectronics, Taiyuan University of Technology, Taiyuan, China",,Conference Paper,0,IEEE Xplore,I087
"Nasution, Muhammad Habli; Sfenrianto","Nasution, Muhammad Habli; Sfenrianto",A Data Mining-Based Prototype for Predictive Mental Health Analytics in Schools,2025,"2025 International Conference on Computer, Control, Informatics and its Applications (IC3INA)",10.1109/IC3INA68387.2025.11325290,https://ieeexplore.ieee.org/document/11325290/,,mental health; data mining; education outcomes; academic performance,Surveys; Education; Prototypes; Mental health; Predictive models; Prediction algorithms; Data mining; Predictive analytics; Random forests; Standards,"Information System Management Department, Bina Nusantara University, Jakarta, Indonesia","Information System Management Department, Bina Nusantara University, Jakarta, Indonesia",,Conference Paper,0,IEEE Xplore,I088
"Chowdhury, Meghna Roy; Xuan, Wei; Sen, Shreyas; Zhao, Yixue; Ding, Yi","Chowdhury, Meghna Roy; Xuan, Wei; Sen, Shreyas; Zhao, Yixue; Ding, Yi",Predicting and Understanding College Student Mental Health with Interpretable Machine Learning,2025,"2025 IEEE/ACM Conference on Connected Health: Applications, Systems and Engineering Technologies (CHASE)",,https://ieeexplore.ieee.org/document/11121100/,,Mental Health; College Students; Interpretable Machine Learning; Personalized Prediction,Human computer interaction; Analytical models; Accuracy; Pandemics; Closed box; Mental health; Machine learning; Predictive models; Sensors; Mobile computing,"Purdue University, West Lafayette, IN, USA; University of Southern California, Los Angeles, CA, USA; USC Information Sciences Institute, Arlington, VA, USA","Purdue University, West Lafayette, IN, USA; University of Southern California, Los Angeles, CA, USA; USC Information Sciences Institute, Arlington, VA, USA",,Conference Paper,3,IEEE Xplore,I089
"Aramburu, Francis; Minaya, Wendy; Santisteban, José","Aramburu, Francis; Minaya, Wendy; Santisteban, José","Natural Language Processing Algorithms to detect mental disorders in College Students in Lima, Perú",2025,2025 8th International Conference on Artificial Intelligence and Big Data (ICAIBD),10.1109/ICAIBD64986.2025.11081967,https://ieeexplore.ieee.org/document/11081967/,,Mental Health; natural language processing; Anxiety; Depression; Machine Learning; College Students,Support vector machines; Adaptation models; Accuracy; Computational modeling; Mental health; Linguistics; Depression; Natural language processing; Cultural differences; Context modeling,"Information Systems Engineering Faculty, Universidad Peruana De Ciencias Aplicadas (UPC), Lima, Perú","Information Systems Engineering Faculty, Universidad Peruana De Ciencias Aplicadas (UPC), Lima, Perú",,Conference Paper,1,IEEE Xplore,I090
"Wang, Tianma; Ren, Zhizheng","Wang, Tianma; Ren, Zhizheng",Big Data Applications in Monitoring and Warning of Mental Health of International Students,2025,"2025 8th International Conference on Computer Network, Electronic and Automation (ICCNEA)",10.1109/ICCNEA66167.2025.11212148,https://ieeexplore.ieee.org/document/11212148/,,big data; real time; dynamic monitoring; mental health; warning,Employee welfare; Training; Social networking (online); Mental health; Predictive models; Feature extraction; Data models; Real-time systems; Cultural differences; Monitoring,"International Education Institute, North China Electric Power University, Beijing, China","International Education Institute, North China Electric Power University, Beijing, China",,Conference Paper,0,IEEE Xplore,I092
"Kaushik, Dhruv; Yadavalli, Ramu","Kaushik, Dhruv; Yadavalli, Ramu",Federated Explainable Mental Health Analytics (FEMHA): A Sustainable Framework for SDG-Aligned Risk Prediction and Emerging Challenges,2025,"2025 International Conference on Information, Implementation, and Innovation in Technology (I2ITCON)",10.1109/I2ITCON65200.2025.11210548,https://ieeexplore.ieee.org/document/11210548/,,Mental Health Analytics; Student Depression Prediction; Federated Learning; Explainable AI; Sustainable Development Goals; Multimodal Data Fusion; Privacy-Preserving Machine Learning; Ethical AI; Predictive Analytics; Healthcare AI,Ethics; Technological innovation; Federated learning; Focusing; Mental health; Medical services; Market research; Sustainable development; Predictive analytics; Optimization,"UC Santa Barbara, California, USA; Department of C.S.E., Shri Vishnu Engineering College for Women, Bhimavaram, Andhra Pradesh, India","UC Santa Barbara, California, USA; Department of C.S.E., Shri Vishnu Engineering College for Women, Bhimavaram, Andhra Pradesh, India",,Conference Paper,0,IEEE Xplore,I093
"Cai, Yongsen; Lin, Danling; Lu, Qing","Cai, Yongsen; Lin, Danling; Lu, Qing",Comparison of Different Machine Learning Algorithms in the Mental Health Assessment of College Students,2024,Journal of ICT Standardization,10.13052/jicts2245-800X.1243,https://ieeexplore.ieee.org/document/10916567/,,Machine learning; college students; mental health assessment; LightGBM,Radio frequency; Machine learning algorithms; Mental health; Hyperparameter optimization; Data processing; Classification algorithms; Bayes methods; Particle swarm optimization; Usability; Optimization,"School of Safety & Management, Zhejiang College of Security Technology, Wenzhou, China","School of Safety & Management, Zhejiang College of Security Technology, Wenzhou, China",,Article,3,IEEE Xplore,I094
"Kandasamy, C. A.; R, Harshini A; Prakash, N.; Yogananthan, A.; Kalyanasundaram, P.; Anitha, P.","Kandasamy, C. A.; R, Harshini A; Prakash, N.; Yogananthan, A.; Kalyanasundaram, P.; Anitha, P.",Analysing Mental Health Trends and Predictors Among Students using Reinforcement Learning,2025,2025 6th International Conference on Intelligent Communication Technologies and Virtual Mobile Networks (ICICV),10.1109/ICICV64824.2025.11085863,https://ieeexplore.ieee.org/document/11085863/,,Reinforcement Learning; k-nearest neighbors; Mental Health Prediction; Machine Learning; vectors; Accuracy; Student Mental Health; Efficiency,Accuracy; Reinforcement learning; Mental health; Nearest neighbor methods; Predictive models; Prediction algorithms; Market research; Natural language processing; Distance measurement; Standards,"Department of Computer Applications, K S R College of Engineering, Tiruchengode; Department of Computer Applications, K S R College of Engineering, Tiruchengode, India; Department of Information Technology, K S R College of Engineering, Tiruchengode","Department of Computer Applications, K S R College of Engineering, Tiruchengode; Department of Computer Applications, K S R College of Engineering, Tiruchengode, India; Department of Information Technology, K S R College of Engineering, Tiruchengode",,Conference Paper,1,IEEE Xplore,I095
"Mou, Kefen; Xu, Bing","Mou, Kefen; Xu, Bing",Research on Emotional Analysis Platform of College Students' Public Opinion Information Based on Big Data,2022,2022 IEEE 6th Information Technology and Mechatronics Engineering Conference (ITOEC),10.1109/ITOEC53115.2022.9734607,https://ieeexplore.ieee.org/document/9734607/,,Big Data; Public Opinion Information; Emotional Characteristics; Emotional Model,Analytical models; Privacy; Mechatronics; Conferences; Education; Psychology; Big Data,"ChongQing College Of Finance And Economics, Yongchuan, Chongqing, China","ChongQing College Of Finance And Economics, Yongchuan, Chongqing, China",,Conference Paper,4,IEEE Xplore,I098
"Zhang, Yansen; Chang, Xiaoquan; Ding, Yaning; Li, Zhaoqi","Zhang, Yansen; Chang, Xiaoquan; Ding, Yaning; Li, Zhaoqi",Research on Predicting and Classifying the Effect of Mental Health Intervention for Vocational College Freshmen Based on Machine Learning Model,2024,2024 3rd International Conference on Smart City Challenges & Outcomes for Urban Transformation (SCOUT),10.1109/SCOUT64349.2024.00028,https://ieeexplore.ieee.org/document/10982672/,,psychology; group counseling; random forests; machine learning; freshmen in higher vocational colleges,Employee welfare; Support vector machines; Adaptation models; Logistic regression; Analytical models; Mental health; Predictive models; Stability analysis; Data models; Random forests,"Lanzhou Vocational Technical College, Lanzhou, China","Lanzhou Vocational Technical College, Lanzhou, China",,Conference Paper,0,IEEE Xplore,I099
"Gala, Jheel Kishore; Sprigler, Asher; Malaviya, Priyanshu Rajeshbhai; Shen, Elizabeth; Zhao, Yixue; Ding, Yi; Shen, Xipeng","Gala, Jheel Kishore; Sprigler, Asher; Malaviya, Priyanshu Rajeshbhai; Shen, Elizabeth; Zhao, Yixue; Ding, Yi; Shen, Xipeng",From Detection to Forecasting: An Empirical Study of College Student Mental Health Using Smartphone Sensing,2026,"2026 IEEE/ACM Conference on Connected Health: Applications, Systems and Engineering Technologies (CHASE)",10.1109/CHASE69719.2026.00011,https://ieeexplore.ieee.org/document/11668061/,,Mental Health; Smartphone Sensing; Machine Learning,Forecasting; Machine learning; Mental health; Modeling; Printing; Accuracy; Training; Educational institutions; Timing; Design methodology,"Department of Computer Science, North Carolina State University, Raleigh, NC, USA; Elmore Family School of Electrical and Computer Engineering, Purdue University, West Lafayette, USA; Green Hope High School, Raleigh, NC, USA; Yixue Research Institute, Washington DC, USA","Department of Computer Science, North Carolina State University, Raleigh, NC, USA; Elmore Family School of Electrical and Computer Engineering, Purdue University, West Lafayette, USA; Green Hope High School, Raleigh, NC, USA; Yixue Research Institute, Washington DC, USA",,Conference Paper,1,IEEE Xplore,I100
"Xu, Haolun","Xu, Haolun",Research on the Construction of Secondary Psychological Counseling Station in Colleges and Universities Under the “Internet+” Environment by Data Analysis,2023,2023 IEEE 8th International Conference on Smart Cloud (SmartCloud),10.1109/SmartCloud58862.2023.00030,https://ieeexplore.ieee.org/document/10349189/,,Internet+; Mental health; data analysis; cloud computing,Employee welfare; Cloud computing; Data analysis; Education; Clustering algorithms; Mental health; Big Data,"College of Computer Science and Technology, Wuhan University Of Science And Technology, WuHan, China","College of Computer Science and Technology, Wuhan University Of Science And Technology, WuHan, China",,Conference Paper,1,IEEE Xplore,I101
"Nartia, Ellen Joyce B.; Paragas, Jessie R.; Pascual, Neil","Nartia, Ellen Joyce B.; Paragas, Jessie R.; Pascual, Neil",Detection of Students’ Mental Health Status: A Decision Support System,2021,2021 3rd International Conference on Research and Academic Community Services (ICRACOS),10.1109/ICRACOS53680.2021.9701996,https://ieeexplore.ieee.org/document/9701996/,,DASS-42; depression; anxiety; stress; mental health; university students; decision support systems,Decision support systems; Training; Computational modeling; Software algorithms; Training data; Mental health; Predictive models,"Biliran Province State University, Naval, Biliran, Philippines; Eastern Visayas State University, Tacloban City, Philippines","Biliran Province State University, Naval, Biliran, Philippines; Eastern Visayas State University, Tacloban City, Philippines",,Conference Paper,2,IEEE Xplore,I102
"Kumar, Aiswarya S; Gopika, S","Kumar, Aiswarya S; Gopika, S",A Computational Approach for Modeling and Supporting Student Well-Being,2026,2026 4th International Conference on Self Sustainable Artificial Intelligence Systems (ICSSAS),10.1109/ICSSAS68835.2026.11559370,https://ieeexplore.ieee.org/document/11559370/,,Machine Learning; Natural Language Processing; Mental Health Monitoring; Emotion recognition,Modeling; Mental health; Printing; Natural language processing; Emotion recognition; Accuracy; Machine learning; Artificial intelligence; Bit error rate; Surveys,"Department of Computer Science and Engineering, Amrita School of Computing, Amrita Vishwa Vidyapeetham, Kollam, India","Department of Computer Science and Engineering, Amrita School of Computing, Amrita Vishwa Vidyapeetham, Kollam, India",,Conference Paper,0,IEEE Xplore,I103
"Poddar, Procheta; Pal, Sayan; Karmakar, Rahul; Saha, Debasmita","Poddar, Procheta; Pal, Sayan; Karmakar, Rahul; Saha, Debasmita",Mental Health Risk Prediction Among Students Using Cross-Validated Ensemble Learning Techniques,2026,"2026 International Conference on Computing, Intelligence, and Applications (CIACON)",10.1109/CIACON70148.2026.11689516,https://ieeexplore.ieee.org/document/11689516/,,Student Depression Prediction; Mental Health Analytics; Ensemble Learning; Machine Learning; CatBoost,Modeling; Machine learning; Depression; Machining; Stacking; Training; Printing; Educational institutions; Mental health; Random forests,"Department of Computer Science, University of Gour Banga, Malda, West Bengal, India; Department of Computer Science, The University of Burdwan, Burdwan East, West Bengal, India","Department of Computer Science, University of Gour Banga, Malda, West Bengal, India; Department of Computer Science, The University of Burdwan, Burdwan East, West Bengal, India",,Conference Paper,0,IEEE Xplore,I104
"Li, Li; Xiao, Ping","Li, Li; Xiao, Ping",Design and Implementation of a Student Psychological Assessment and Counseling System Under Data Mining Algorithms,2023,2023 International Conference on Computer Science and Automation Technology (CSAT),10.1109/CSAT61646.2023.00059,https://ieeexplore.ieee.org/document/10471674/,,Data Mining Algorithms; Psychological Assessment; Psychological Counseling,Employee welfare; Vents; Sociology; Psychology; Mental health; Stability analysis; Data mining,"Wuhan Railway Vocational College of Technology, Wuhan, Hubei Province, China","Wuhan Railway Vocational College of Technology, Wuhan, Hubei Province, China",,Conference Paper,0,IEEE Xplore,I105
"Sayis, Batuhan; Gao, Rui; Song, Siyang; Gunes, Hatice","Sayis, Batuhan; Gao, Rui; Song, Siyang; Gunes, Hatice",Learning Graph Representation for Predicting Student Mental Wellbeing in Robot Assisted Journal Writing Context,2024,2024 12th International Conference on Affective Computing and Intelligent Interaction Workshops and Demos (ACIIW),10.1109/ACIIW63320.2024.00051,https://ieeexplore.ieee.org/document/10970279/,,social robots; self-disclosure; journal writing; student mental health; graph representation learning,Representation learning; Employee welfare; Educational robots; Mood; Social robots; Mental health; Medical services; Writing; Physiology; Standards,"Universitat Pompeu Fabra, Barcelona, Spain; Fudan University, Shanghai, China; University of Leicester, Leicester, United Kingdom; University of Cambridge, Cambridge, United Kingdom","Universitat Pompeu Fabra, Barcelona, Spain; Fudan University, Shanghai, China; University of Leicester, Leicester, United Kingdom; University of Cambridge, Cambridge, United Kingdom",,Conference Paper,0,IEEE Xplore,I106
"Kushwaha, Pradeep Kumar; Sree, Manne Divya; Bhargava, Deepshikha; Mayank","Kushwaha, Pradeep Kumar; Sree, Manne Divya; Bhargava, Deepshikha; Mayank",AI-Powered Safety & Mental Health Companion for Students,2025,2025 International Conference on Emerging Technologies and Innovation for Sustainability (EmergIN),10.1109/EmergIN67762.2025.11450605,https://ieeexplore.ieee.org/document/11450605/,,artificial intelligence; Machine Learning; Mobile App; Student Safety; Mental Health; natural language processing,Emotion recognition; Technological innovation; Mental health; Machine learning; Chatbots; Real-time systems; Safety; Mobile applications; Usability; Monitoring,"Department of CSE, Amity University, Greater Noida, Uttar Pradesh; Undergraduate Scholar Amity University, Greater Noida, Uttar Pradesh","Department of CSE, Amity University, Greater Noida, Uttar Pradesh; Undergraduate Scholar Amity University, Greater Noida, Uttar Pradesh",,Conference Paper,1,IEEE Xplore,I108
"Reddy, Chilukuri Riktha; Devi, B. Madhavi; Reddy, Kura Pranav; Medarametla, Lahari","Reddy, Chilukuri Riktha; Devi, B. Madhavi; Reddy, Kura Pranav; Medarametla, Lahari",Enhancing Mental Wellbeing Among College Students Using Autogen,2025,"2025 IEEE International Students' Conference on Electrical, Electronics and Computer Science (SCEECS)",10.1109/SCEECS64059.2025.10940967,https://ieeexplore.ieee.org/document/10940967/,,Questionnaire Survey; natural language processing; Deep Learning Algorithm; Mental health education,Surveys; Deep learning; Computer science; Sentiment analysis; Computational modeling; Data visualization; Mental health; Chatbots; Market research; Standards,"Department of Computer Science and Engineering, Institute of Aeronautical Engineering, Hyderabad, India","Department of Computer Science and Engineering, Institute of Aeronautical Engineering, Hyderabad, India",,Conference Paper,0,IEEE Xplore,I111
"Shetty, Keerthi; Sanjana; Savitha; Murthy, Anantha; M, Harshitha G; Prathwini","Shetty, Keerthi; Sanjana; Savitha; Murthy, Anantha; M, Harshitha G; Prathwini","Assessing University Students' Mental Health through Ensemble Machine Learning: The Role of Academic, Social, and Lifestyle Factors on Depression, Anxiety, and Future Insecurity",2025,2025 International Conference on Artificial Intelligence and Data Engineering (AIDE),10.1109/AIDE64228.2025.10987514,https://ieeexplore.ieee.org/document/10987514/,,Academic Pressure; Bullying; CGPA; Discrimi nation; Depression; Lifestyle Factors; Mental Well-Being; Sleep Patterns; Stress-Relief Activities; Student Mental Health; University Support Systems; Anxiety,Training; Uncertainty; Social networking (online); Anxiety disorders; Buildings; Mental health; Depression; Robustness; Sports; Resilience,"Department of MCA, NMAM Institute of Technology, NITTE (Deemed to be University), India","Department of MCA, NMAM Institute of Technology, NITTE (Deemed to be University), India",,Conference Paper,0,IEEE Xplore,I112
"Sun, Xiaowei; Chen, Chao","Sun, Xiaowei; Chen, Chao",Intelligent Assessment of University Students' Mental Health based on ReliefF-Based Reduced Error Pruned C4.5 Decision Tree,2026,2026 4th International Conference on Integrated Circuits and Communication Systems (ICICACS),10.1109/ICICACS68679.2026.11578598,https://ieeexplore.ieee.org/document/11578598/,,assessment of university students; c4.5 decision tree; reduced error pruned; Relieff; student mental health,Mental health; Modeling; Educational institutions; Equations; Decision trees; Printing; Optimization; Machine learning; Accuracy; Complexity theory,"School of Automotive Engineering, Chongqing Three Gorges Vocational College, Chongqing, China; College of General Education Chongqing, Three Gorges Vocational College, Chongqing, China","School of Automotive Engineering, Chongqing Three Gorges Vocational College, Chongqing, China; College of General Education Chongqing, Three Gorges Vocational College, Chongqing, China",,Conference Paper,0,IEEE Xplore,I113
"Liao, Jun","Liao, Jun",Design and application analysis of College Students' psychological early warning system based on mining algorithm,2022,2022 International Conference on Artificial Intelligence in Everything (AIE),10.1109/AIE57029.2022.00079,https://ieeexplore.ieee.org/document/9898714/,,Big data technology; college student psychology; Psychological warning; Dynamic management,Data acquisition; Neural networks; Psychology; Training data; Mental health; Alarm systems; Big Data,"Ganzhou Normal University, Ganzhou Normal University, Jiangxi, China","Ganzhou Normal University, Ganzhou Normal University, Jiangxi, China",,Conference Paper,2,IEEE Xplore,I118
"Hasan, Firoz; Rahman, S.M. Ashibur; Shuvro, Tanvir Rahman; Nasreen, Samia","Hasan, Firoz; Rahman, S.M. Ashibur; Shuvro, Tanvir Rahman; Nasreen, Samia",A Machine Learning Approach for Identifying Mental Health Risk Factors Among University Students in Bangladesh,2025,"2025 International Conference on Quantum Photonics, Artificial Intelligence, and Networking (QPAIN)",10.1109/QPAIN66474.2025.11171929,https://ieeexplore.ieee.org/document/11171929/,,Depression Prediction; University Students; Mental Health Analytics; Machine Learning; Academic Stress; Lifestyle Factors; random forests; SMOTE; Psychological Wellbeing; Data-Driven Intervention,Surveys; Support vector machines; Analytical models; Supervised learning; Mental health; Predictive models; Nearest neighbor methods; Depression; Random forests; Photonics,"Computer Science and Engineering, Daffodil International University, Dhaka, Bangladesh","Computer Science and Engineering, Daffodil International University, Dhaka, Bangladesh",,Conference Paper,0,IEEE Xplore,I119
"Kumar, Atul; Saxena, Jini Manish; Joshi, Jena P.; Aljapurkar, Aditi; Paranjpye, Rashmi; Talla, Tejashri; Gawande, Amol; Gupta, Deepak","Kumar, Atul; Saxena, Jini Manish; Joshi, Jena P.; Aljapurkar, Aditi; Paranjpye, Rashmi; Talla, Tejashri; Gawande, Amol; Gupta, Deepak",Early Detection of College Student Mental Health Issues Using Machine Learning,2024,2024 International Conference on Integrated Intelligence and Communication Systems (ICIICS),10.1109/ICIICS63763.2024.10859910,https://ieeexplore.ieee.org/document/10859910/,,Distributed Machine learning; Artificial intelligence; student exam,Statistical analysis; Social networking (online); Soft sensors; Anxiety disorders; Mental health; Predictive models; Depression; Risk management; Reliability; Random forests,"Department of Management, Dr. D. Y. Patil B-School, Pune; Department of Management, Dr. D. Y. Patil IMR, Pune; Department of CSE, ITM, Gwalior","Department of Management, Dr. D. Y. Patil B-School, Pune; Department of Management, Dr. D. Y. Patil IMR, Pune; Department of CSE, ITM, Gwalior",,Conference Paper,2,IEEE Xplore,I120
"Liu, Zhongyan; Qiao, Muxi; Qiao, Fu; Yin, Yanlan; Shi, Yan; Jiang, Wei","Liu, Zhongyan; Qiao, Muxi; Qiao, Fu; Yin, Yanlan; Shi, Yan; Jiang, Wei",Research on Construction of a Model for Detecting and Warning Psychological Abnormalities in College Students Based on Support Vector Machine Classifier,2023,"2023 IEEE 5th Eurasia Conference on IOT, Communication and Engineering (ECICE)",10.1109/ECICE59523.2023.10383046,https://ieeexplore.ieee.org/document/10383046/,,psychological abnormality detection; college students; support vector machines; feature selection,Support vector machines; Correlation coefficient; Machine learning algorithms; Psychology; Stars; Big Data; Data models,"School of Computer Science and Intelligence Education, Lingnan Normal University, Zhanjiang, China; School of Statistics and Mathematics Central, University of Finance and Economics, Beijing, China","School of Computer Science and Intelligence Education, Lingnan Normal University, Zhanjiang, China; School of Statistics and Mathematics Central, University of Finance and Economics, Beijing, China",,Conference Paper,1,IEEE Xplore,I121
"Meena, R.; Gunasundari, B.; Omana, J.; Sripriya, N.; Yamini, G.; Revathi, Kp","Meena, R.; Gunasundari, B.; Omana, J.; Sripriya, N.; Yamini, G.; Revathi, Kp",Mental Health and Suicide Risk Among College Students: A Detailed Exploration of Contributing Factors,2024,2024 15th International Conference on Computing Communication and Networking Technologies (ICCCNT),10.1109/ICCCNT61001.2024.10724071,https://ieeexplore.ieee.org/document/10724071/,,Machine learning models; Feature weighting; Point-biserial correlation coefficients; Fuzzy evaluation method,Measurement; Accuracy; Correlation; Machine learning algorithms; Mental health; Robustness; Risk management; Resource management; Socioeconomics; Random forests,"Department of AI&DS, Easwari Engineering College, Chennai, India; Department of CSE, Prathyusha Engineering College, Chennai, India; School of Computer Science and Engineering, VIT University, Chennai, India; Department of English, Veltech Rangarajan Dr.Sagunthala R&D Institute of Science and Technology, Chennai, India","Department of AI&DS, Easwari Engineering College, Chennai, India; Department of CSE, Prathyusha Engineering College, Chennai, India; School of Computer Science and Engineering, VIT University, Chennai, India; Department of English, Veltech Rangarajan Dr.Sagunthala R&D Institute of Science and Technology, Chennai, India",,Conference Paper,1,IEEE Xplore,I128
"Babaran-Sinag, Janel Reis G.; Sinag, John Rover R.; Llegado, Fides Joyce O.; Cabrera, Gino A.; Esperal, Marissa C.; Lee, Mari Jane A.","Babaran-Sinag, Janel Reis G.; Sinag, John Rover R.; Llegado, Fides Joyce O.; Cabrera, Gino A.; Esperal, Marissa C.; Lee, Mari Jane A.",Early Detection of Depressive Tendencies Among Filipino College Students Using Machine Learning: A Demographic-Based Predictive Model,2025,2025 IEEE International Conference on Computing (ICOCO),10.1109/ICOCO67189.2025.11334099,https://ieeexplore.ieee.org/document/11334099/,,Machine Learning; Depression Detection; Mental Health; College Students; LightGBM; Predictive Modeling; PHQ-9; BDI; Early Intervention; Diathesis-Stress Model; Philippines,Ethics; Adaptation models; Accuracy; Computational modeling; Mental health; Predictive models; Reliability theory; Depression; Public healthcare; Random forests,"Graduate School, Southern Luzon State University, Quezon; College of Computing and Multimedia Studies, Manuel S. Enverga University Foundation, Lucena City, Quezon","Graduate School, Southern Luzon State University, Quezon; College of Computing and Multimedia Studies, Manuel S. Enverga University Foundation, Lucena City, Quezon",,Conference Paper,0,IEEE Xplore,I129
"Zade, Sujal; Potdukhe, Nayan; Verma, Prateek; Bhadane, Satish N; Rewatkar, Rajendra; Ruthvika, Jampana","Zade, Sujal; Potdukhe, Nayan; Verma, Prateek; Bhadane, Satish N; Rewatkar, Rajendra; Ruthvika, Jampana",Comparative Assessment of Machine Learning Models for Detection of Mental Health of Students: A Case Study of Undergraduate Students,2025,2025 3rd International Conference on Intelligent Cyber Physical Systems and Internet of Things (ICoICI),10.1109/ICoICI65217.2025.11254907,https://ieeexplore.ieee.org/document/11254907/,,Mental Health; Machine Learning; support vector machines; random forests; decision trees,Support vector machines; Logistic regression; Accuracy; Biological system modeling; Anxiety disorders; Mental health; Depression; Data models; Bayes methods; Random forests,"Department of Artificial Intelligence and Machine Learning, Faculty of Engineering and Technology, Datta Meghe Institute of Higher Education and Research, Wardha, Maharashtra, India; Department of Artificial Intelligence and Machine Learning, School of Engineering, Dayananda Sagar University, Bengaluru South, Karnataka, India; Department of Information Technology, PVG’s College of Engg. And SSD IoM, Nashik, Maharashtra, India; Department of Biomedical Engineering, Faculty of Engineering and Technology, Datta Meghe Institute of Higher Education and Research, Wardha, Maharashtra, India; Department of Artificial Intelligence and Data Science, Faculty of Engineering and Technology, Datta Meghe Institute of Higher Education and Research, Wardha, Maharashtra, India","Department of Artificial Intelligence and Machine Learning, Faculty of Engineering and Technology, Datta Meghe Institute of Higher Education and Research, Wardha, Maharashtra, India; Department of Artificial Intelligence and Machine Learning, School of Engineering, Dayananda Sagar University, Bengaluru South, Karnataka, India; Department of Information Technology, PVG’s College of Engg. And SSD IoM, Nashik, Maharashtra, India; Department of Biomedical Engineering, Faculty of Engineering and Technology, Datta Meghe Institute of Higher Education and Research, Wardha, Maharashtra, India; Department of Artificial Intelligence and Data Science, Faculty of Engineering and Technology, Datta Meghe Institute of Higher Education and Research, Wardha, Maharashtra, India",,Conference Paper,0,IEEE Xplore,I133
"S, Gobiha J; S, Abishek; Jayakumar, Nithya; Jayakumar, Ramya","S, Gobiha J; S, Abishek; Jayakumar, Nithya; Jayakumar, Ramya",Centralized Digital Framework for Monitoring and Supporting Student Mental Wellness in Higher Education,2026,2026 8th International Conference on Intelligent Sustainable Systems (ICISS),10.1109/ICISS67859.2026.11453993,https://ieeexplore.ieee.org/document/11453993/,,Student mental health; Predictive Analytics; proactive monitoring; digital wellness framework; Student Support Automation,Surveys; Accuracy; Scalability; Education; Mental health; Time factors; Predictive analytics; Monitoring; Standards; Recommender systems,"Department of Information Technology, K.S.Rangasamy College of Technology, Tiruchengode, Tamil Nadu; Department of Electronics and Communication Engineering, K.S.Rangasamy College of Technology, Tiruchengode, Tamil Nadu; Department of Electronics and Communication Engineering, Hindusthan College of Engineering and Technology, Coimbatore, Tamil Nadu","Department of Information Technology, K.S.Rangasamy College of Technology, Tiruchengode, Tamil Nadu; Department of Electronics and Communication Engineering, K.S.Rangasamy College of Technology, Tiruchengode, Tamil Nadu; Department of Electronics and Communication Engineering, Hindusthan College of Engineering and Technology, Coimbatore, Tamil Nadu",,Conference Paper,0,IEEE Xplore,I134
"Ampuero, Douglas Macias; Arias, Enrique Macías; Subiaga, Daniel Arteaga","Ampuero, Douglas Macias; Arias, Enrique Macías; Subiaga, Daniel Arteaga",Comparison of Machine Learning Techniques for the Early Detection of Stress in University Students,2025,2025 IEEE Ninth Ecuador Technical Chapters Meeting (ETCM),10.1109/ETCM67548.2025.11304474,https://ieeexplore.ieee.org/document/11304474/,,machine learning; PSS-14; stress detection; supervised models; university students,Radio frequency; Measurement; Support vector machines; Accuracy; Education; Machine learning; Mental health; Nearest neighbor methods; Context modeling; Stress measurement,"Facultad de Posgrado, Universidad Técinca de Manabí, Portoviejo, Ecuador; Facultad de Ciencias Informáticas, Universidad Técinca de Manabí, Portoviejo, Ecuador","Facultad de Posgrado, Universidad Técinca de Manabí, Portoviejo, Ecuador; Facultad de Ciencias Informáticas, Universidad Técinca de Manabí, Portoviejo, Ecuador",,Conference Paper,0,IEEE Xplore,I140
"Sharma, Nikita; Patel, Ishika Singh; Singh, Niraj Kumar; Mishra, B. K.","Sharma, Nikita; Patel, Ishika Singh; Singh, Niraj Kumar; Mishra, B. K.",Predictive Modelling of Mental Health Disorders Using Machine Learning Classifiers,2024,2024 International Conference on Artificial Intelligence and Quantum Computation-Based Sensor Application (ICAIQSA),10.1109/ICAIQSA64000.2024.10882408,https://ieeexplore.ieee.org/document/10882408/,,Mental Health; Machine Learning; Stress; Depression; Anxiety; classifier; Comparative study,Logistic regression; Analytical models; Anxiety disorders; Mental health; Predictive models; Nearest neighbor methods; Boosting; Data models; Decision trees; Random forests,"Computer Science and Engineering, Chandigarh University, Mohali, India","Computer Science and Engineering, Chandigarh University, Mohali, India",,Conference Paper,8,IEEE Xplore,I143
"Verma, Sagar; Kumar, Rajat; Pani, Payal; Mohanty, Anubhav; Chaudhury, Pamela","Verma, Sagar; Kumar, Rajat; Pani, Payal; Mohanty, Anubhav; Chaudhury, Pamela",Real Time Identification of Students’ Stress Factors using Machine Learning Techniques,2024,2024 International Conference on Intelligent Computing and Sustainable Innovations in Technology (IC-SIT),10.1109/IC-SIT63503.2024.10862768,https://ieeexplore.ieee.org/document/10862768/,,Student Stress Detection; Machine Learning Algorithms; Intelligent Interface; performance metrics,Measurement; Technological innovation; Logistic regression; Pandemics; Neural networks; Machine learning; Predictive models; Nearest neighbor methods; Real-time systems; Stress,"Department of CSE, Silicon University, Bhubaneswar, India","Department of CSE, Silicon University, Bhubaneswar, India",,Conference Paper,2,IEEE Xplore,I145
"Turzo, Shovan Samanta; Islam, K.M. Arafat; Ahamed, Md. Sazzadur; Hossain, Md. Fokhray; Rahi, Maimun Nahar","Turzo, Shovan Samanta; Islam, K.M. Arafat; Ahamed, Md. Sazzadur; Hossain, Md. Fokhray; Rahi, Maimun Nahar",Rank-Based Ensemble Learning for Early Detection of Mental Health Disorders in Private University Students,2025,2025 IEEE International Women in Engineering (WIE) Conference on Electrical and Computer Engineering (WIECON-ECE),10.1109/WIECON-ECE69386.2025.11526507,https://ieeexplore.ieee.org/document/11526507/,,Machine Learning; Behavioral Data Analysis; Mental Health Disorder Detection; Stress; Anxiety; Depression; Private University Students; Ensemble Learning; Early Prediction,Modeling; Mental health; Educational institutions; Machine learning; Accuracy; Printing; Ranking (statistics); Depression; Human factors; Stress,"Dept. of Computer Science and Engineering, Daffodil International University, Dhaka, Bangladesh; Dept. of Computer Science and Engineering, Canadian University of Bangladesh, Bangladesh","Dept. of Computer Science and Engineering, Daffodil International University, Dhaka, Bangladesh; Dept. of Computer Science and Engineering, Canadian University of Bangladesh, Bangladesh",,Conference Paper,0,IEEE Xplore,I146
"Agarwala, Shuvam; Agarwala, Sonia; Srizon, Azmain Yakin; Hasan, S. M. Mahedy; Esha, Nishat Tasnim; Faruk, Farukuzzaman","Agarwala, Shuvam; Agarwala, Sonia; Srizon, Azmain Yakin; Hasan, S. M. Mahedy; Esha, Nishat Tasnim; Faruk, Farukuzzaman",Uncovering Patterns of Depression in Engineering and Medical Students Using Machine Learning,2024,"2024 IEEE International Conference on Power, Electrical, Electronics and Industrial Applications (PEEIACON)",10.1109/PEEIACON63629.2024.10800610,https://ieeexplore.ieee.org/document/10800610/,,Depression Analysis; Mental Health; Engineering Students; Medical Students; Machine Learning,Support vector machines; Training; Measurement; Statistical analysis; Focusing; Mental health; Machine learning; Depression; Feature extraction; Engineering students,"Department of CSE, RUET, Rajshahi, Bangladesh; Rajshahi Medical College, Rajshahi, Bangladesh; Department of statistics, RU, Rajshahi, Bangladesh","Department of CSE, RUET, Rajshahi, Bangladesh; Rajshahi Medical College, Rajshahi, Bangladesh; Department of statistics, RU, Rajshahi, Bangladesh",,Conference Paper,0,IEEE Xplore,I150
"Ji, Lingling; Li, Tianran; Wu, Xiaomeng","Ji, Lingling; Li, Tianran; Wu, Xiaomeng",Big Data Analysis of Student Mental Health Based on Artificial Intelligence and Feature Extraction,2026,"2026 IEEE International Conference on Power, Electronics and Green Energy (ICPEGE)",10.1109/ICPEGE67691.2026.11451502,https://ieeexplore.ieee.org/document/11451502/,,Artificial Intelligence; Student Mental Health; Multimodal Feature Fusion; graph neural networks; Big Data Analysis,Analytical models; Adaptation models; Accuracy; Mental health; Big Data; Feature extraction; Graph neural networks; Data models; Biomedical monitoring; Artificial intelligence,"Department of Education, Beijing City University, Beijing, China","Department of Education, Beijing City University, Beijing, China",,Conference Paper,0,IEEE Xplore,I152
"Vidya, S; Swamy, Nagalambika; Lalitha, H","Vidya, S; Swamy, Nagalambika; Lalitha, H",Leveraging Machine Learning Algorithms for Depression Prediction in College Students Using PHQ-9 Scores,2024,2024 IEEE 6th PhD Colloquium on Emerging Domain Innovation and Technology for Society (PhD EDITS),10.1109/PhDEDITS64207.2024.10838637,https://ieeexplore.ieee.org/document/10838637/,,Depression Detection; PHQ-9 Assessment; XGBoost; support vector machines; random forests; Logistic Regression,Support vector machines; Logistic regression; Technological innovation; Accuracy; Machine learning algorithms; Mental health; Forestry; Depression; Random forests,"Bangalore Institute of Technology, Bangalore, Karnataka, India; M S Ramaiah College of Arts, Science and Commerce, Bangalore, Karnataka, India","Bangalore Institute of Technology, Bangalore, Karnataka, India; M S Ramaiah College of Arts, Science and Commerce, Bangalore, Karnataka, India",,Conference Paper,3,IEEE Xplore,I153
"Yi, Cao; Shimin, Cai; Tao, Zhou","Yi, Cao; Shimin, Cai; Tao, Zhou",Filtering Influential Features for Adolescent Positive Mental Health,2023,2023 20th International Computer Conference on Wavelet Active Media Technology and Information Processing (ICCWAMTIP),10.1109/ICCWAMTIP60502.2023.10387065,https://ieeexplore.ieee.org/document/10387065/,,Adolescent positive mental health; Feature selection; Heuristic method; Data mining; Machine learning,Machine learning algorithms; Filtering; Anxiety disorders; Mental health; Information processing; Media; Feature extraction,"Complex Lab, University of Electronic Science and Technology of China, Chengdu, China; Big Data Research Center, University of Electronic Science and Technology of China, Chengdu, China","Complex Lab, University of Electronic Science and Technology of China, Chengdu, China; Big Data Research Center, University of Electronic Science and Technology of China, Chengdu, China",,Conference Paper,0,IEEE Xplore,I155
"Liu, Na","Liu, Na",Research on College Students' Mental Health Issues Based on an Improved BiLSTM Algorithm,2025,2025 4th International Symposium on Computer Applications and Information Technology (ISCAIT),10.1109/ISCAIT64916.2025.11010513,https://ieeexplore.ieee.org/document/11010513/,,College Students'Mental Health; Improved BiLSTM; Attention Mechanism; Sentiment Analysis; Deep Learning,Accuracy; attention mechanism; Uncertainty; Education; Bidirectional long short term memory; Mental health; Predictive models; Data models; Spatial databases; Wearable devices,"Shandong Institute of Commerce and Technology, Jinan, Shandong, China","Shandong Institute of Commerce and Technology, Jinan, Shandong, China",,Conference Paper,0,IEEE Xplore,I158
"Curi, Italo Clavijo; Quispe, Edeer Yauricasa; López, Nataly Bravo","Curi, Italo Clavijo; Quispe, Edeer Yauricasa; López, Nataly Bravo",Tampu: Mobile Application Using Wearable Technology for Real-Time Detection and Alert of Anxiety and Panic Attacks in University Students,2025,2025 IEEE 5th International Conference on Advanced Learning Technologies on Education & Research (ICALTER),10.1109/ICALTER69698.2025.11355147,https://ieeexplore.ieee.org/document/11355147/,,Physiological monitoring; anxiety attacks; panic attacks; university students; wearable technology; machine learning,Sensitivity; Statistical analysis; Anxiety disorders; Systems architecture; Machine learning; Real-time systems; Biomedical monitoring; Heart rate variability; Usability; Monitoring,"Systems Engineering, Universidad Peruana de Ciencias Aplicadas, Lima, Peru","Systems Engineering, Universidad Peruana de Ciencias Aplicadas, Lima, Peru",,Conference Paper,0,IEEE Xplore,I163
"Cheng, Chen; Cheng, Xinzhou; Zheng, Yuting; Cao, Lijuan; Han, Yuhui; Jia, Yuwei; Zhang, Qingqing; Zhang, Yi; Zhang, Ya'nan; Xu, Lexi","Cheng, Chen; Cheng, Xinzhou; Zheng, Yuting; Cao, Lijuan; Han, Yuhui; Jia, Yuwei; Zhang, Qingqing; Zhang, Yi; Zhang, Ya'nan; Xu, Lexi",A Novel Architecture and Algorithm for Prediction of Students Psychological Health based on Big Data,2021,"2021 IEEE 20th International Conference on Trust, Security and Privacy in Computing and Communications (TrustCom)",10.1109/TrustCom53373.2021.00195,https://ieeexplore.ieee.org/document/9724518/,,Multi-Source Big Data; Multi-Target Particle Swarm Optimization; Psychological Health; Machine Learning,Psychology; Manuals; Computer architecture; Big Data; Predictive models; Prediction algorithms; Feature extraction,"Research Institute, China United Network Communications Corporation, Beijing, China","Research Institute, China United Network Communications Corporation, Beijing, China",,Conference Paper,4,IEEE Xplore,I164
"Yu, Qiqin","Yu, Qiqin",Explainable Deep Learning Framework for Multisource Data Fusion in University Mental Health Analysis,2025,2025 6th International Conference on Information Science and Education (ICISE-IE),10.1109/ICISE-IE68873.2025.11379043,https://ieeexplore.ieee.org/document/11379043/,,multisource data fusion; mental health early warning; explainable deep learning; attention mechanism; heterogeneous data integration,Deep learning; Accuracy; attention mechanism; Social networking (online); Soft sensors; Education; Data integration; Mental health; Alarm systems; Robustness,"College of Art and Design Engineering, Chongqing Vocational Institute of Engineering, Chongqing, China","College of Art and Design Engineering, Chongqing Vocational Institute of Engineering, Chongqing, China",,Conference Paper,0,IEEE Xplore,I165
"Kotnala, Akshat; Arora, Nidhi; Srivastava, Shilpa","Kotnala, Akshat; Arora, Nidhi; Srivastava, Shilpa",Detecting Student Depression Using Non-Clinical Measures with Explainable Predictive Modeling,2025,2025 International Conference on Emerging Technologies and Innovation for Sustainability (EmergIN),10.1109/EmergIN67762.2025.11450836,https://ieeexplore.ieee.org/document/11450836/,,Depression detection; Machine Learning; Student Mental Health; Explainable AI; SHAP; SMOTE,Technological innovation; Correlation; Scalability; Mental health; Predictive models; Depression; Real-time systems; Stakeholders; Reliability; Sustainable development,"Department of Statistics, Amity University, Noida, India; Department of Computer Science, Kalindi College University of Delhi, New Delhi, India; School of Science, Christ University, Bengaluru, India","Department of Statistics, Amity University, Noida, India; Department of Computer Science, Kalindi College University of Delhi, New Delhi, India; School of Science, Christ University, Bengaluru, India",,Conference Paper,0,IEEE Xplore,I166
"Sharma, Ajit; Sarma, Dhiman; Roky, Saikat Das","Sharma, Ajit; Sarma, Dhiman; Roky, Saikat Das",Data-Driven Psychological Stress Classification Among Higher Education Students: A Machine Learning Approach,2026,"2026 IEEE 2nd International Conference on Quantum Photonics, Artificial Intelligence & Networking (QPAIN)",10.1109/QPAIN69676.2026.11546567,https://ieeexplore.ieee.org/document/11546567/,,Psychological Stress; Machine Learning; support vector machines; Stress Prediction; Mental Health; Educational Institutions,Human factors; Modeling; Stress; Support vector machines; Machine learning; Accuracy; Machining; Educational institutions; Printing; Equations,"Department of Computer Science and Engineering, Rangamati Science and Technology University, Rangamati, Bangladesh","Department of Computer Science and Engineering, Rangamati Science and Technology University, Rangamati, Bangladesh",,Conference Paper,0,IEEE Xplore,I167
"Baniya, Achal; George, Angelina; Jose, Alphonsa; M., Supriya","Baniya, Achal; George, Angelina; Jose, Alphonsa; M., Supriya",EquiMood: Elevating Emotional Wellness for College Students Through the Power of Machine Learning,2025,2025 International Conference on Multi-Agent Systems for Collaborative Intelligence (ICMSCI),10.1109/ICMSCI62561.2025.10894479,https://ieeexplore.ieee.org/document/10894479/,,chatbots; Machine Learning; Streamlit; Wix; Botpress; Latency; Modularization; Speed,Technological innovation; Adaptation models; Mental disorders; Focusing; Machine learning; Chatbots; Throughput; Depression; Complexity theory; Collaborative intelligence,"Department of Computer Science & Engineering, Amrita School of Computing, Bengaluru, India","Department of Computer Science & Engineering, Amrita School of Computing, Bengaluru, India",,Conference Paper,1,IEEE Xplore,I168
"guofan, Yuan","guofan, Yuan",Design and implementation of psychological crisis intervention platform for Higher Vocational Students,2021,2021 2nd International Conference on Big Data and Informatization Education (ICBDIE),10.1109/ICBDIE52740.2021.00072,https://ieeexplore.ieee.org/document/9457475/,,big data; higher vocational students; psychological crisis intervention platform; innovation,Education; Psychology; Big Data; Injuries; Information systems,"Vice President of Guangzhou Huashang Vocational College, Guangdong, china","Vice President of Guangzhou Huashang Vocational College, Guangdong, china",,Conference Paper,0,IEEE Xplore,I169
"Tang, Wei; Wang, Xin; Xu, Guochen","Tang, Wei; Wang, Xin; Xu, Guochen",Identification of Psychological Stress in College Students Based on Improved Gated Recurrent Unit,2025,2025 3rd International Conference on Data Science and Network Security (ICDSNS),10.1109/ICDSNS65743.2025.11168769,https://ieeexplore.ieee.org/document/11168769/,,college and university students; improved gated recurrent unit; likert scale measurement criteria; mental health; psychological stress,Training; Accuracy; Computational modeling; Scalability; Redundancy; Gated recurrent units; Mental health; Logic gates; Robustness; Stress measurement,"School of Art Design, Shandong Business Institute, Yantai, China; School of Architecture and Engineering, Shandong Business Institute, Yantai, China; Information Management Department, Yantai CIMC Raffles Offshore Ltd, Yantai, China","School of Art Design, Shandong Business Institute, Yantai, China; School of Architecture and Engineering, Shandong Business Institute, Yantai, China; Information Management Department, Yantai CIMC Raffles Offshore Ltd, Yantai, China",,Conference Paper,0,IEEE Xplore,I170
"Gao, Yang; Xie, Yifan; Huang, Yongsheng","Gao, Yang; Xie, Yifan; Huang, Yongsheng",Intervention Mechanism of Internet addiction among College Students based on big data,2021,2021 2nd International Conference on Big Data and Informatization Education (ICBDIE),10.1109/ICBDIE52740.2021.00039,https://ieeexplore.ieee.org/document/9457333/,,big data; Internet addiction; intervention mechanism,Education; Big Data; Internet; Interviews,"School of Information and Communication Engineering, UESTC, Chengdu, China","School of Information and Communication Engineering, UESTC, Chengdu, China",,Conference Paper,0,IEEE Xplore,I172
"Madhavan, Smitha Poovathinkal","Madhavan, Smitha Poovathinkal",Student Wellness Monitoring Using Sparse Autoencoder in University Mental Health Support Systems,2025,2025 International Conference on Intelligent Innovations in Engineering and Technology (ICIIET),10.1109/ICIIET65921.2025.11378468,https://ieeexplore.ieee.org/document/11378468/,,Student wellness; sparse auto encoder; behavioral health patterns; deep learning; mental health monitoring; university support systems,Technological innovation; Sensitivity; Statistical analysis; Surveillance; Autoencoders; Mental health; Market research; Depression; Real-time systems; Encoding,"School of Nursing, Lincoln University College, Selangor, Malaysia","School of Nursing, Lincoln University College, Selangor, Malaysia",,Conference Paper,0,IEEE Xplore,I173
"Xiaocheng, He","Xiaocheng, He",Application of Decision Tree Algorithm in College Students' Mental Health Evaluation,2023,2023 IEEE International Conference on Integrated Circuits and Communication Systems (ICICACS),10.1109/ICICACS57338.2023.10099654,https://ieeexplore.ieee.org/document/10099654/,,decision trees; mental health; evaluating,Integrated circuits; Anxiety disorders; Mental health; Depression; Prediction algorithms; Time measurement; Decision trees,"College of Literature and Comunication Jingchu University of Technology, Jingmen, Hubei, China","College of Literature and Comunication Jingchu University of Technology, Jingmen, Hubei, China",,Conference Paper,2,IEEE Xplore,I175
"Saxena, Yash; Mishra, Aman Kumar; Arora, Daksh; Devi, Runumi","Saxena, Yash; Mishra, Aman Kumar; Arora, Daksh; Devi, Runumi",Emotion Based Mental Health Classifier for NCR Based Engineering Students,2023,2023 6th International Conference on Contemporary Computing and Informatics (IC3I),10.1109/IC3I59117.2023.10397910,https://ieeexplore.ieee.org/document/10397910/,,support vector machines; decision trees; naive bayes; neural networks; random forests; k-nearest neighbors; logistic regression,Training; Pandemics; Support vector machine classification; Mental health; Regression tree analysis; Random forests; Strain,"Department of Computer Science and Engineering, Galgotias University, Greater Noida, Uttar Pradesh, India","Department of Computer Science and Engineering, Galgotias University, Greater Noida, Uttar Pradesh, India",,Conference Paper,0,IEEE Xplore,I177
"Du, Guang","Du, Guang",An Enhanced Ensemble Optimized Machine Learning Framework for the Prediction and Assessment of Students' Mental Stress,2025,2025 International Conference on Intelligent Communication Networks and Computational Techniques (ICICNCT),10.1109/ICICNCT66124.2025.11233120,https://ieeexplore.ieee.org/document/11233120/,,student mental health; support vector machines; dolphin optimization; machine learning,Support vector machines; Accuracy; Machine learning algorithms; Prevention and mitigation; Mental health; Predictive models; Prediction algorithms; Performance metrics; Optimization; Dolphins,"Student Support Services, Zhejiang International Studies University, Hangzhou, China","Student Support Services, Zhejiang International Studies University, Hangzhou, China",,Conference Paper,0,IEEE Xplore,I178
"Yasmin, Nusrat; Kabir, K. Habibul; Fariha, Tasnim; Jahan, Nusrot","Yasmin, Nusrat; Kabir, K. Habibul; Fariha, Tasnim; Jahan, Nusrot",Empowering Educators: A Machine Learning System for Predicting Student Mental Health in Bangladesh,2025,2025 28th International Conference on Computer and Information Technology (ICCIT),10.1109/ICCIT68739.2025.11491170,https://ieeexplore.ieee.org/document/11491170/,,Data driven mental health support; Machine learning classifier; Custom questionnaire; MHSQ; GHQ-12; Correlation,Filtering; Filters; Communications technology; Protocols; Communication systems; smartphones; HTTP; Ambient intelligence; Amplitude shift keying; Information and communication technology,"Department of Information and Communication Technology, Bangladesh University of Professionals, Dhaka, Bangladesh; Department of EEE, Islamic University of Technology, Gazipur, Bangladesh","Department of Information and Communication Technology, Bangladesh University of Professionals, Dhaka, Bangladesh; Department of EEE, Islamic University of Technology, Gazipur, Bangladesh",,Conference Paper,0,IEEE Xplore,I179
"Sutone, Renuka; Malhotra, Ruchika","Sutone, Renuka; Malhotra, Ruchika",Lifestyle and Behavioral Data-Driven Mental Health Prediction: Insights from Machine Learning Models,2025,2025 IEEE 6th India Council International Subsections Conference (INDISCON),10.1109/INDISCON66021.2025.11253883,https://ieeexplore.ieee.org/document/11253883/,,Machine learning; XGBoost; SMOTE; Predictive modeling; SVC; LightGBM; random forests,Logistic regression; Filtering; Data integrity; Static VAr compensators; Mental health; Predictive models; Nearest neighbor methods; Depression; Data models; Random forests,"Department of Software Engineering, Delhi Technological University (DTU)Delhi, New Delhi, India","Department of Software Engineering, Delhi Technological University (DTU)Delhi, New Delhi, India",,Conference Paper,1,IEEE Xplore,I180
"Khan, Mustaqeem; Ayaz, Muhammad; Ullah, Farman; Ahmad, Jamil","Khan, Mustaqeem; Ayaz, Muhammad; Ullah, Farman; Ahmad, Jamil",WVES: A Weighted Ensemble Framework for Student Mental Health Assessment,2026,2026 International Conference on Technical Education (ICTechED),10.1109/ICTechED69022.2026.11682833,https://ieeexplore.ieee.org/document/11682833/,,Student Mental Health; Depression Prediction; Machine Learning; Data Pre-processing; Educational Data Mining,Modeling; Depression; Machine learning; Mental health; Machining; Voting; Educational institutions; Accuracy; Equations; Random forests,"College of Information Technology (CIT), United Arab Emirates University (UAEU), UAE; Department of Applied Art and Technology, Chung-Ang University, Anseong, South Korea","College of Information Technology (CIT), United Arab Emirates University (UAEU), UAE; Department of Applied Art and Technology, Chung-Ang University, Anseong, South Korea",,Conference Paper,0,IEEE Xplore,I182
"M, Sharisha Shanbhog; M, Jeevan","M, Sharisha Shanbhog; M, Jeevan",Prediction of Student's Wellbeing from Stress and Sleep Questionnaire data using Machine Learning Approach,2022,2022 IEEE Bombay Section Signature Conference (IBSSC),10.1109/IBSSC56953.2022.10037549,https://ieeexplore.ieee.org/document/10037549/,,Perceived Stress Scale (PSS); Pittsburgh Sleep Quality Index (PSQI); Mental well-being; decision trees; support vector machines; k-nearest neighbors,Support vector machines; Measurement; Correlation; IEEE Sections; Linear regression; Mental health; Machine learning,"Department of Biomedical Engineering, Manipal Institute of Technology, Manipal, India","Department of Biomedical Engineering, Manipal Institute of Technology, Manipal, India",,Conference Paper,0,IEEE Xplore,I183
"Chauhan, Shaifali; Mittal, Mohit; Singh, Hardeep; Kumar, Satendra; Goel, Pallavi; Gupta, Swadha","Chauhan, Shaifali; Mittal, Mohit; Singh, Hardeep; Kumar, Satendra; Goel, Pallavi; Gupta, Swadha",Predictive Analysis on Student's Mental Health Towards Online Mobile Games Using Machine Learning,2023,2023 IEEE 15th International Conference on Computational Intelligence and Communication Networks (CICN),10.1109/CICN59264.2023.10402317,https://ieeexplore.ieee.org/document/10402317/,,online mobile games; machine learning; mental health; computer vision; social awareness,Support vector machines; Logistic regression; Machine learning algorithms; Addiction; Games; Mental health; Land mobile radio,"School of Studies in Management, Jiwaji University, Gwalior, India; Knowtion GmbH, Karlsruhe, Germany; Department of Comp. Sci. Engineering, Guru Nanak Dev University, Amritsar, India; Department of Comp. Sci. Engineering, Moradabad Institute of Technology, Moradabad, India; Dept. of Comp. Sci. Engineering, Galgotias Col. of Engg. and Tech., greater Noide, India; Dept. of Comp. Sci. Engineering, Thapar Institute of Engineering and Technology, Patiala, India","School of Studies in Management, Jiwaji University, Gwalior, India; Knowtion GmbH, Karlsruhe, Germany; Department of Comp. Sci. Engineering, Guru Nanak Dev University, Amritsar, India; Department of Comp. Sci. Engineering, Moradabad Institute of Technology, Moradabad, India; Dept. of Comp. Sci. Engineering, Galgotias Col. of Engg. and Tech., greater Noide, India; Dept. of Comp. Sci. Engineering, Thapar Institute of Engineering and Technology, Patiala, India",,Conference Paper,4,IEEE Xplore,I184
"Priyanshu; Mishra, Vivek; Shrivastava, Shubham; Tyagi, Aditya Dayal; Singh, Rajneesh Kumar","Priyanshu; Mishra, Vivek; Shrivastava, Shubham; Tyagi, Aditya Dayal; Singh, Rajneesh Kumar",Predicting Mental Health Challenges Among University Students Using a Federated CNN-BiLSTM-Attention Framework,2026,"2026 International Conference on Computing, Sciences and Communications (ICCSC)",10.1109/ICCSC67078.2026.11468534,https://ieeexplore.ieee.org/document/11468534/,,attention mechanism; CNN-BILSTM; explainable AI; federated learning; mental health prediction,Broadcasting; Broadcast technology; Filtering; Filters; Protocols; HTTP; Network architecture; smartphones; Fuses; Artificial intelligence,"Department of Computer Science and Applications, Sharda University, Greater Noida, India","Department of Computer Science and Applications, Sharda University, Greater Noida, India",,Conference Paper,22,IEEE Xplore,I185
"Alsultan, Ghada; Almaleh, Abdulaziz","Alsultan, Ghada; Almaleh, Abdulaziz",Predicting Wellbeing and Academic Risk from Gaming Behavior among Saudi University Students: A Machine Learning Approach,2025,2025 16th International Conference on Software Engineering and Service Science (ICSESS),10.1109/ICSESS67729.2025.11380705,https://ieeexplore.ieee.org/document/11380705/,,Gaming behavior; wellbeing; academic risk; machine learning; Saudi Arabia; WHO-5; IGDS9-SF; GAD-7,Surveys; Technological innovation; Accuracy; Education; Anxiety disorders; Predictive models; Unsupervised learning; Random forests; Software engineering; Resilience,"Informatics and Computer Systems Department, King Khalid University, Abha, Saudi Arabia","Informatics and Computer Systems Department, King Khalid University, Abha, Saudi Arabia",,Conference Paper,0,IEEE Xplore,I186
"Velásquez, Karly M.; Hidalgo, Carlos G.","Velásquez, Karly M.; Hidalgo, Carlos G.",Jousvex: A Classification and Generative AI Tool for Monitoring and Personalized Support of Student Stress,2025,"2025 IEEE VIII Congreso Internacional en Inteligencia Ambiental, Ingenieria de Software y Salud Electronica y Movil (AmITIC)",10.1109/AmITIC68284.2025.11214626,https://ieeexplore.ieee.org/document/11214626/,,academic stress; machine learning; student well-being; MLP; web application; large language models; Flask; prediction,Measurement; Accuracy; Large language models; Anxiety disorders; Predictive models; Multilayer perceptrons; User experience; Software; Real-time systems; Usability,"Universidad Autónoma Latinoamericana, Medellín, Colombia; Universidad San Buenaventura, Cali, Colombia","Universidad Autónoma Latinoamericana, Medellín, Colombia; Universidad San Buenaventura, Cali, Colombia",,Conference Paper,0,IEEE Xplore,I187
"Tlachac, ML; Ogden, Samuel S.","Tlachac, ML; Ogden, Samuel S.",Student Mental Health Screening with Text Message Metadata,2024,2024 International Conference on Machine Learning and Applications (ICMLA),10.1109/ICMLA61862.2024.00208,https://ieeexplore.ieee.org/document/10903461/,,mobile health; digital phenotype; depression screening; social anxiety screening; tree ensembles,Privacy; Sensitivity; Accuracy; Anxiety disorders; Mental health; Oral communication; Metadata; Feature extraction; Depression; Random forests,"Information Systems and Analytics, Bryant University, Smithfield, RI, USA; School of Computing and Design, California State University, Monterey Bay, Seaside, CA, USA","Information Systems and Analytics, Bryant University, Smithfield, RI, USA; School of Computing and Design, California State University, Monterey Bay, Seaside, CA, USA",,Conference Paper,3,IEEE Xplore,I188
"Sharma, Shivangi; Gautam, Shivani; Giri, Uttam Kumar; Gulia, Suman; Mehta, Gaurav; Agrawal, Alok Kumar","Sharma, Shivangi; Gautam, Shivani; Giri, Uttam Kumar; Gulia, Suman; Mehta, Gaurav; Agrawal, Alok Kumar",Automated Psychological Behavior Analysis of Students Using Multiple Machine Learning Approaches,2026,2026 IEEE Global Symposium on Emerging and Communication Technologies (GSEACT),10.1109/GSEACT68539.2026.11619970,https://ieeexplore.ieee.org/document/11619970/,,Student Depression; Psychological Behavior Analysis; Machine Learning; Mental Health Monitoring; Behavioral Data Analytics; Early Detection; Mining; Predictive Modeling,Modeling; Depression; Machine learning; Aging; Machining; Educational institutions; Mental health; Printing; Signal detection; Boosting,"Netaji Subhash College of Nursing, Palampur, Himachal Pradesh, India; School of Engineering and Technology Chitkara University, Himachal Pradesh, India; School of Business Management Noida International University, Greater Noida, India","Netaji Subhash College of Nursing, Palampur, Himachal Pradesh, India; School of Engineering and Technology Chitkara University, Himachal Pradesh, India; School of Business Management Noida International University, Greater Noida, India",,Conference Paper,0,IEEE Xplore,I189
"Wijesuriya, Kevin; Jayasekara, Rashmika; Dissanayaka, Pasindu; Gamage, Manori; Siriwardana, Samanthi","Wijesuriya, Kevin; Jayasekara, Rashmika; Dissanayaka, Pasindu; Gamage, Manori; Siriwardana, Samanthi",Mindfulness: A Mental Health Aid for University Students,2024,2024 6th International Conference on Advancements in Computing (ICAC),10.1109/ICAC64487.2024.10851192,https://ieeexplore.ieee.org/document/10851192/,,mental health; university students; emotion detection; machine learning; mindfulness,Emotion recognition; Social networking (online); Mood; Engineering profession; Anxiety disorders; Layout; Mental health; Machine learning; Faces; Strain,"Department of Software Engineering, Sri Lanka Institute of Information Technology, Malabe, Sri Lanka; Department of Information Technology, Sri Lanka Institute of Information Technology, Malabe, Sri Lanka","Department of Software Engineering, Sri Lanka Institute of Information Technology, Malabe, Sri Lanka; Department of Information Technology, Sri Lanka Institute of Information Technology, Malabe, Sri Lanka",,Conference Paper,0,IEEE Xplore,I190
"Arias, Enrique Macías; Parraga-Alava, Jorge; Montenegro, David Zambrano","Arias, Enrique Macías; Parraga-Alava, Jorge; Montenegro, David Zambrano",Stress Detection among Higher Education Students: A Comprehensive Systematic Review of Machine Learning Approaches,2024,2024 Tenth International Conference on eDemocracy & eGovernment (ICEDEG),10.1109/ICEDEG61611.2024.10702055,https://ieeexplore.ieee.org/document/10702055/,,stress detection; university students; machine learning; Supervised models; unsupervised models,Support vector machines; Radio frequency; Education; Human factors; Predictive models; Nearest neighbor methods; Physiology; Real-time systems; Socioeconomics; Stress measurement,"Facultad de Ciencias Informáticas, Universidad Técnica de Manabi, Portoviejo, Ecuador","Facultad de Ciencias Informáticas, Universidad Técnica de Manabi, Portoviejo, Ecuador",,Conference Paper,7,IEEE Xplore,I192
"Alam, Nupur; Akter, Washifa; Anannya, Fatema-Tuz-Zahura; Abdal, Md. Nazmul","Alam, Nupur; Akter, Washifa; Anannya, Fatema-Tuz-Zahura; Abdal, Md. Nazmul",A Hybrid Machine Learning Framework for Early Detection of Mental Health Conditions of University Students,2026,"2026 5th International Conference on Electrical, Computer & Telecommunication Engineering (ICECTE)",10.1109/ICECTE69292.2026.11429216,https://ieeexplore.ieee.org/document/11429216/,,Mental health; Machine learning; Hybrid model; Advantage algorithms; Detection; Prediction; Categorization; University students,Support vector machines; Anxiety disorders; Stacking; Mental health; Nearest neighbor methods; Depression; Wrapping; Space vector modulation; Standards; Principal component analysis,"Department of Computer Science and Engineering, University of Liberal Arts Bangladesh, Dhaka, Bangladesh","Department of Computer Science and Engineering, University of Liberal Arts Bangladesh, Dhaka, Bangladesh",,Conference Paper,0,IEEE Xplore,I193
"Bhave, Uday; Narendra, Mhatre Mrunmayee; Bhadresh, Desai Jaini; Suhas, Joshi Akshata; Ajit, Raorane Rajeshwari","Bhave, Uday; Narendra, Mhatre Mrunmayee; Bhadresh, Desai Jaini; Suhas, Joshi Akshata; Ajit, Raorane Rajeshwari",MindWell Solace: Your Mental Health Companion,2024,2024 4th Asian Conference on Innovation in Technology (ASIANCON),10.1109/ASIANCON62057.2024.10837922,https://ieeexplore.ieee.org/document/10837922/,,Mental health; chatbots; Flask; Firebase; disorder detection; counselor notification; student support,Training; Surveys; Privacy; Technological innovation; Memory; Mental health; Oral communication; Chatbots; Real-time systems; Random forests,"Computer Department, SAKEC, Mumbai, India; Computer Engineering, SAKEC, Mumbai, India","Computer Department, SAKEC, Mumbai, India; Computer Engineering, SAKEC, Mumbai, India",,Conference Paper,4,IEEE Xplore,I194
"L, Samanvitha; Mundargi, Priyanka M.; M, Sushmitha","L, Samanvitha; Mundargi, Priyanka M.; M, Sushmitha",MindSync: An AI-Powered Study Companion for Enhanced Academic Performance and Emotional Well-Being,2026,"2026 International Conference on Next-Gen Quantum and Advanced Computing: Algorithms, Security, and Beyond (NQComp)",10.1109/NQComp68334.2026.11497724,https://ieeexplore.ieee.org/document/11497724/,,Artificial Intelligence; Emotion Recognition; Educational Technology; Learning Analytics; Mental Health Technology; Personalized Learning; Progressive Web Applications; Serverless Computing; Student Well-Being; Study Management Systems,Payloads; Recommender systems; Information filtering; Collaborative filtering; Filters; Filtering; Filtering theory; Electronic mail; Radio access networks; Regional area networks,"Department of Information Science and Engineering, RV College of Engineering, Bengaluru, Karnataka, India; Science and Engineering, RV College of Engineering, Bengaluru, Karnataka, India","Department of Information Science and Engineering, RV College of Engineering, Bengaluru, Karnataka, India; Science and Engineering, RV College of Engineering, Bengaluru, Karnataka, India",,Conference Paper,0,IEEE Xplore,I195
"Cheng, Dan; Li, Xiaojun","Cheng, Dan; Li, Xiaojun",A Novel Ensemble Meta-Heuristic Feature Selector and Machine Learning Models for an Effective Diagnosis and Prediction of Mental Health of Students,2025,2025 International Conference on Intelligent Communication Networks and Computational Techniques (ICICNCT),10.1109/ICICNCT66124.2025.11232648,https://ieeexplore.ieee.org/document/11232648/,,mental health; henon based dwarf mangoose model; mental recognition; machine learning; classification accuracy,Support vector machines; Accuracy; Sensitivity; Computational modeling; Metaheuristics; Mental health; Predictive models; Robustness; Monitoring; Random forests,"School of Early-Child Hood Education, Nanjing Xiaozhuang University, Nanjing, China","School of Early-Child Hood Education, Nanjing Xiaozhuang University, Nanjing, China",,Conference Paper,0,IEEE Xplore,I198
"Bi, Huidong; Wen, Zebin","Bi, Huidong; Wen, Zebin",Predicting Students' Mental Health Risks Based on Natural Language Processing and Graph Neural Networks - An Analysis of Campus Social Interaction Data,2025,2025 5th International Conference on Advanced Algorithms and Neural Networks (AANN),10.1109/AANN66429.2025.11257640,https://ieeexplore.ieee.org/document/11257640/,,Natural language processing; graph neural networks; mental health risk prediction; social network data mining; deep learning,Analytical models; Social networking (online); Computational modeling; Soft sensors; Semantics; Mental health; Predictive models; Natural language processing; Graph neural networks; Data models,"Guangdong University of Science and Technology, Dongguan, China","Guangdong University of Science and Technology, Dongguan, China",,Conference Paper,0,IEEE Xplore,I199
"B, Naveen Prasath; J, Jeyachidra","B, Naveen Prasath; J, Jeyachidra",An Interpretable Machine Learning Framework for Predicting Academic Burnout Risk Among University Students,2026,2026 1st International Conference on Advancing Sustainable Solutions through Technologies (ICASST),10.1109/ICASST68917.2026.11484289,https://ieeexplore.ieee.org/document/11484289/,,student burnout; mental health; machine learning; explainable AI,smartphones; Protocols; HTTP; Mobile handsets; Artificial intelligence; Boosting; Explainable AI; Machine learning; Random forests; Support vector machines,"Department of Computer Applications, Periyar Maniammai Institute of Science & Technology, Thanjavur, Tamil Nadu, India","Department of Computer Applications, Periyar Maniammai Institute of Science & Technology, Thanjavur, Tamil Nadu, India",,Conference Paper,0,IEEE Xplore,I200
"Yang, Ling","Yang, Ling",Classification of Student’s Mental Health using Bidirectional Long Short-Term Memory with Self Attention Mechanism,2025,2025 4th International Conference on Distributed Computing and Electrical Circuits and Electronics (ICDCECE),10.1109/ICDCECE65353.2025.11035111,https://ieeexplore.ieee.org/document/11035111/,,boruta algorithm; bidirectional long short term memory; multivariate imputation by chained equations; student mental health; synthetic minority over-sampling technique,Surveys; Sequential analysis; Statistical analysis; Mental health; Multivariate regression; Feature extraction; Mathematical models; Imputation; Integrated circuit modeling; Long short term memory,"School of Marxism, Hohai University, Nanjing, China","School of Marxism, Hohai University, Nanjing, China",,Conference Paper,0,IEEE Xplore,I201
"Jia, Yuqi; Zhen, Wei; Li, Cui","Jia, Yuqi; Zhen, Wei; Li, Cui",A Novel ensemble Machine Learning Algorithm for detection of Health Early Warning for College Students,2025,2025 International Conference on Intelligent Computing and Knowledge Extraction (ICICKE),10.1109/ICICKE65317.2025.11136450,https://ieeexplore.ieee.org/document/11136450/,,health monitoring; college students; early warning system; machine learning; ensemble learning; support vector machines; random forests; extreme learning machines; student-health-data; wellness detection,Support vector machines; Accuracy; Extreme learning machines; Psychology; Feature extraction; Real-time systems; Ensemble learning; Monitoring; Random forests; Classification tree analysis,"Qiushi College, Taiyuan University of Technology, Taiyuan, China; Department of Human Resources, Taiyuan University of Technology, Taiyuan, China; College of Physics and Optoelectronics, Taiyuan University of Technology, Taiyuan, China","Qiushi College, Taiyuan University of Technology, Taiyuan, China; Department of Human Resources, Taiyuan University of Technology, Taiyuan, China; College of Physics and Optoelectronics, Taiyuan University of Technology, Taiyuan, China",,Conference Paper,0,IEEE Xplore,I202
"Luo, Guangli","Luo, Guangli",Research on Individual Recognition of Psychological Crisis Based on Graph Neural Network,2024,2024 IEEE 2nd International Conference on Image Processing and Computer Applications (ICIPCA),10.1109/ICIPCA61593.2024.10709102,https://ieeexplore.ieee.org/document/10709102/,,graph neural networks; Psychological crisis; Individual recognition; Mental health,Analytical models; Accuracy; Image recognition; Psychology; Mental health; Machine learning; Speech recognition; Graph neural networks; Safety; Machine translation,"Guangzhou Institute of Science and Technology, Guangzhou City, China","Guangzhou Institute of Science and Technology, Guangzhou City, China",,Conference Paper,0,IEEE Xplore,I203
"Ozturk, Pinar; Olawale-Akintola, Oluwaseun; Dimililer, Kamil","Ozturk, Pinar; Olawale-Akintola, Oluwaseun; Dimililer, Kamil",A Multimodal Data Fusion Approach for Early Mental Health Risk Detection in College Students Using Logistic Regression and Random Forest,2026,2026 2nd International Symposium on AI-Driven Engineering Systems (ISADES),10.1109/ISADES69945.2026.11608079,https://ieeexplore.ieee.org/document/11608079/,,Multimodal data fusion; student mental health; early warning system; class imbalance; Logistic Regression; random forests; XGBoost,Modeling; Mental health; Educational institutions; Logistic regression; Machine learning; Random forests; Printing; Accuracy; Depression; Human factors,"Dept. of Electrical and Electronic Engineering, Near East University North Cyprus via Mersin 10, Turkey; Dept. of Software Engineering, Near East University North Cyprus via Mersin 10, Turkey; Dept. of Electrical and Electronic Engineering, Applied Artificial Intelligence Research Centre (AAIRC) Research Center for Science, Technology and Engineering (BILTEM) Near East University North Cyprus via Mersin 10, Turkey","Dept. of Electrical and Electronic Engineering, Near East University North Cyprus via Mersin 10, Turkey; Dept. of Software Engineering, Near East University North Cyprus via Mersin 10, Turkey; Dept. of Electrical and Electronic Engineering, Applied Artificial Intelligence Research Centre (AAIRC) Research Center for Science, Technology and Engineering (BILTEM) Near East University North Cyprus via Mersin 10, Turkey",,Conference Paper,0,IEEE Xplore,I204
"Sen, Madhura; Rajkumar, R; Masih, Jolly","Sen, Madhura; Rajkumar, R; Masih, Jolly",Student Stress Patterns: A Data Driven Exploration using Machine Learning Amidst Academic Challenges and Health Impacts,2024,2024 ASU International Conference in Emerging Technologies for Sustainability and Intelligent Systems (ICETSIS),10.1109/ICETSIS61505.2024.10459468,https://ieeexplore.ieee.org/document/10459468/,,Emergency Remote Learning; COVID-19; Machine Learning; Stress Level; Supervised Learning,Analytical models; Machine learning algorithms; Pandemics; Mental health; Artificial neural networks; Prediction algorithms; Data models,"School of Computer Science, Vellore Institute of Technology, Vellore, India; BML Munjal University, Gurgaon, India","School of Computer Science, Vellore Institute of Technology, Vellore, India; BML Munjal University, Gurgaon, India",,Conference Paper,3,IEEE Xplore,I205
"Barkhade, Jayesh; Jagtap, Sahil; Shahare, Gayatri; Kalbande, Kamlesh; Yerunkar, Pooja; Thakre, Prasheel","Barkhade, Jayesh; Jagtap, Sahil; Shahare, Gayatri; Kalbande, Kamlesh; Yerunkar, Pooja; Thakre, Prasheel",AI BOT: Mental Health Detection and Counselling,2024,2024 International Conference on Big Data Analytics in Bioinformatics (DABCon),10.1109/DABCon63472.2024.10919413,https://ieeexplore.ieee.org/document/10919413/,,Voice Assistant; Mental Health Guidance; AI Bot; Machine Learning; Artificial Intelligence,Employee welfare; Privacy; Machine learning algorithms; Engineering profession; Personal voice assistants; Mental health; Oral communication; Chatbots; Iterative methods; Testing,"Department of Data Science, G H Raisoni College of Engineering, Nagpur, India; Department of CSE(IoT), G H Raisoni College of Engineering, Nagpur, India; G H Raisoni College of Engineering, Nagpur, India; G H Raisoni College of Engineering and Management, Nagpur, India; School of Electrical and Electronics Engg, Ramdeobaba University, Nagpur, India","Department of Data Science, G H Raisoni College of Engineering, Nagpur, India; Department of CSE(IoT), G H Raisoni College of Engineering, Nagpur, India; G H Raisoni College of Engineering, Nagpur, India; G H Raisoni College of Engineering and Management, Nagpur, India; School of Electrical and Electronics Engg, Ramdeobaba University, Nagpur, India",,Conference Paper,1,IEEE Xplore,I207
"Johar, Geetika; Patel, Ravindra","Johar, Geetika; Patel, Ravindra",A Machine Learning Model for Predicting Internet Addiction in Teenage and Young Students,2024,2024 IEEE 3rd World Conference on Applied Intelligence and Computing (AIC),10.1109/AIC61668.2024.10731088,https://ieeexplore.ieee.org/document/10731088/,,Addiction Detection System; Classification; Feature selection; Internet Addiction; Machine Learning; Comparison of machine learning algorithms,Machine learning algorithms; Accuracy; Addiction; Computational modeling; Focusing; Mental health; Predictive models; Prediction algorithms; Internet; Random forests,"Dept. of Computer Science & Engineering, University Institute of Technology, RGPV, Bhopal, India; Dept. of Computer Applications, University Institute of Technology, RGPV, Bhopal, India","Dept. of Computer Science & Engineering, University Institute of Technology, RGPV, Bhopal, India; Dept. of Computer Applications, University Institute of Technology, RGPV, Bhopal, India",,Conference Paper,0,IEEE Xplore,I209
"Condori, Walther Aaron Saldaña; León, Andrea Daniela Mori; Alarcón, Jymmy Stuwart Dextre","Condori, Walther Aaron Saldaña; León, Andrea Daniela Mori; Alarcón, Jymmy Stuwart Dextre",Chatbot for the Detection of Depression in University Students in Peru using Sentiment Analysis,2024,2024 IEEE 4th International Conference on Advanced Learning Technologies on Education & Research (ICALTER),10.1109/ICALTER65499.2024.10819245,https://ieeexplore.ieee.org/document/10819245/,,chatbots; depression; sentiment analysis; algorithms; natural language processing; machine learning,COVID-19; Sentiment analysis; Machine learning algorithms; Pandemics; Mental disorders; Mental health; Depression; Chatbots; Prediction algorithms; Proposals,"System engineering faculty, Peruvian University of Applied Science, Lima, Peru","System engineering faculty, Peruvian University of Applied Science, Lima, Peru",,Conference Paper,0,IEEE Xplore,I212
"Zhang, Na; Deng, Qiyin; Guan, Taixing","Zhang, Na; Deng, Qiyin; Guan, Taixing",Development and Realization of the Psychological Counseling Platform for Colleges in the Cloud Environment,2022,2022 6th International Conference on Computing Methodologies and Communication (ICCMC),10.1109/ICCMC53470.2022.9753954,https://ieeexplore.ieee.org/document/9753954/,,Psychological Counseling; Platform Design; Cloud Environment; Cloud computing,Employee welfare; Psychology; Clustering algorithms; Mental health; Data mining; Task analysis; Expert systems,"Chengdu Agricultural College, Chengdu, China","Chengdu Agricultural College, Chengdu, China",,Conference Paper,1,IEEE Xplore,I213
"Kamruzzaman, Md.; Rahman, Ashiqur; Islam, Tariqul; Foysal, Syed; Islam, Tohedul","Kamruzzaman, Md.; Rahman, Ashiqur; Islam, Tariqul; Foysal, Syed; Islam, Tohedul",Machine Learning Approach to Analyze Factors Affecting Student Mental Health,2025,"2025 International Conference on Electrical, Computer and Communication Engineering (ECCE)",10.1109/ECCE64574.2025.11013902,https://ieeexplore.ieee.org/document/11013902/,,Student Mental Health; Machine Learning; random forests; Naive Bayes; Correlation,Employee welfare; Epidemics; Correlation; Accuracy; Focusing; Mental health; Predictive models; Bayes methods; Reliability; Random forests,"Department of Computer Science, American International University -Bangladesh, Dhaka, Bangladesh","Department of Computer Science, American International University -Bangladesh, Dhaka, Bangladesh",,Conference Paper,0,IEEE Xplore,I215
"Almadhor, Ahmad; Abbas, Sidra; Sampedro, Gabriel Avelino; Alsubai, Shtwai; Ojo, Stephen; Hejaili, Abdullah Al; Strazovska, Lubomira","Almadhor, Ahmad; Abbas, Sidra; Sampedro, Gabriel Avelino; Alsubai, Shtwai; Ojo, Stephen; Hejaili, Abdullah Al; Strazovska, Lubomira",Multi-Class Adaptive Active Learning for Predicting Student Anxiety,2024,IEEE Access,10.1109/ACCESS.2024.3391418,https://ieeexplore.ieee.org/document/10505253/,,Active learning; student anxiety; student wellbeing; inclusive education; machine learning; deep learning,Anxiety disorders; Machine learning; Predictive models; Data models; Adaptation models; Prediction algorithms; Emotion recognition; Stress; Mental health; Nearest neighbor methods,"Department of Computer Engineering and Networks, College of Computer and Information Sciences, Jouf University, Sakaka, Saudi Arabia; Department of Computer Science, COMSATS University Islamabad, Islamabad, Pakistan; Faculty of Information and Communication Studies, University of the Philippines Open University, Los Baños, Philippines; College of Computer Engineering and Sciences, Prince Sattam bin Abdulaziz University, Al-Kharj, Saudi Arabia; Department of Electrical and Computer Engineering, College of Engineering, Anderson University, Anderson, SC, USA; Computer Science Department, Faculty of Computers and Information Technology, University of Tabuk, Tabuk, Saudi Arabia; Faculty of Management, Comenius University in Bratislava, Bratislava, Slovakia","Department of Computer Engineering and Networks, College of Computer and Information Sciences, Jouf University, Sakaka, Saudi Arabia; Department of Computer Science, COMSATS University Islamabad, Islamabad, Pakistan; Faculty of Information and Communication Studies, University of the Philippines Open University, Los Baños, Philippines; College of Computer Engineering and Sciences, Prince Sattam bin Abdulaziz University, Al-Kharj, Saudi Arabia; Department of Electrical and Computer Engineering, College of Engineering, Anderson University, Anderson, SC, USA; Computer Science Department, Faculty of Computers and Information Technology, University of Tabuk, Tabuk, Saudi Arabia; Faculty of Management, Comenius University in Bratislava, Bratislava, Slovakia",,Article,19,IEEE Xplore,I216
"Chouhan, Arun Singh; Priyanka, R M","Chouhan, Arun Singh; Priyanka, R M",Predictive Analytics for Digital Well-Being: Machine Learning Model for Indian Student Gadget Addiction,2025,2025 IEEE 4th International Conference for Advancement in Technology (ICONAT),10.1109/ICONAT66879.2025.11362371,https://ieeexplore.ieee.org/document/11362371/,,Gadget addiction; Machine learning; Student behavior; random forests; Behavioral prediction; Web-based assessment; Digital well-being; Risk classification,Accuracy; Machine learning algorithms; Addiction; Merging; Psychology; Machine learning; Predictive models; Predictive analytics; Classification tree analysis; Videos,"Department of Computer Science and Engineering, School of Engineering, Malla Reddy University, Hyderabad, Telangana","Department of Computer Science and Engineering, School of Engineering, Malla Reddy University, Hyderabad, Telangana",,Conference Paper,0,IEEE Xplore,I218
"Misba, M.; Yashwanth, B.; Nikhil, S.; Vardhan, K. Nandi","Misba, M.; Yashwanth, B.; Nikhil, S.; Vardhan, K. Nandi",Smart Mental Health Band for Students using AIoT and Predictive Algorithms,2026,2026 8th International Conference on Intelligent Sustainable Systems (ICISS),10.1109/ICISS67859.2026.11454048,https://ieeexplore.ieee.org/document/11454048/,,AIoT; Wearable Sensors; Student Stress Monitoring; Machine Learning; Mental Health Assessment,Heart rate; Temperature sensors; Cloud computing; Mental health; Real-time systems; Internet of Things; Wearable devices; Biomedical monitoring; Monitoring; Wearable sensors,"Dept. of Artificial Intelligence & Machine Learning, Vel Tech Rangarajan Dr. Sagunthala R&D Institute of Science and Technology, Chennai, Tamil Nadu","Dept. of Artificial Intelligence & Machine Learning, Vel Tech Rangarajan Dr. Sagunthala R&D Institute of Science and Technology, Chennai, Tamil Nadu",,Conference Paper,1,IEEE Xplore,I219
"Jiang, Lin; Dai, Qian","Jiang, Lin; Dai, Qian",Research on University Students' Psychological Fluctuation Feature Extraction and Abnormal Behavior Identification Algorithm Driven by Big Data,2025,2025 7th International Academic Exchange Conference on Science and Technology Innovation (IAECST),10.1109/IAECST68792.2025.11415156,https://ieeexplore.ieee.org/document/11415156/,,University Students; Psychological Fluctuation; Feature Extraction; Big Data; Abnormal Behavior Identification,Privacy; Fluctuations; attention mechanism; Heuristic algorithms; Mental health; Feature extraction; Data models; Robustness; Protection; Biomedical monitoring,"Chongqing Medical and Pharmaceutical College, Chongqing, China","Chongqing Medical and Pharmaceutical College, Chongqing, China",,Conference Paper,0,IEEE Xplore,I220
"Yu, Aiwen; Zhang, Zelin","Yu, Aiwen; Zhang, Zelin",Neural Networks based Identification of Psychological Health Status of College Students,2025,2025 4th International Conference on Distributed Computing and Electrical Circuits and Electronics (ICDCECE),10.1109/ICDCECE65353.2025.11035564,https://ieeexplore.ieee.org/document/11035564/,,psychological health; deep learning; mental health detection; student well-being; sentiment analysis; ai-based diagnosis; early intervention; multimodal analysis,Sentiment analysis; Accuracy; Recurrent neural networks; Mental health; Predictive models; Feature extraction; Depression; Speech processing; Distributed computing; Standards,"Faculty of Art, Harbin Preschool Teachers College, Harbin, China; College of Preschool Education, Harbin Preschool Teachers College, Harbin, China","Faculty of Art, Harbin Preschool Teachers College, Harbin, China; College of Preschool Education, Harbin Preschool Teachers College, Harbin, China",,Conference Paper,0,IEEE Xplore,I221
"Cabusas, Jerald P.; Daleon, Cherry Ann G.; Maningo, Carl Phillip A.; Bustillo, James Cloyd M.; Balighot, Bernie S.; Pojas, Patrick Jasson S.","Cabusas, Jerald P.; Daleon, Cherry Ann G.; Maningo, Carl Phillip A.; Bustillo, James Cloyd M.; Balighot, Bernie S.; Pojas, Patrick Jasson S.",Predictive Model for Assessing Student Mental Health Risk Based on Academic Data Using Machine Learning Algorithm,2025,2025 International Conference on Inventive Computation Technologies (ICICT),10.1109/ICICT64420.2025.11005199,https://ieeexplore.ieee.org/document/11005199/,,Classification; GridSearchCV; Machine Learning; Predictive Modeling; random forests; Student Mental Health,Measurement; Accuracy; Pipelines; Mental health; Predictive models; Vectors; Object recognition; Random forests; Tuning; Standards,"Department of Information Technology, Agusan Del Sur State College of Agriculture and Technology, Bunawan, Philippines","Department of Information Technology, Agusan Del Sur State College of Agriculture and Technology, Bunawan, Philippines",,Conference Paper,1,IEEE Xplore,I222
"Sharmila, B.; Oburadha, J.; Noordeen, A. Mohamed; P, Subapriya A; L, Reeba Rose; Akila, G.","Sharmila, B.; Oburadha, J.; Noordeen, A. Mohamed; P, Subapriya A; L, Reeba Rose; Akila, G.",Predictive AI Framework for Real-Time Stress Monitoring and Personalized Interventions in Smart Societies,2025,2025 International Conference on Sustainable Communication Networks and Application (ICSCN),10.1109/ICSCN67106.2025.11308649,https://ieeexplore.ieee.org/document/11308649/,,Stress detection; machine learning; student well-being; predictive analytics; recommendation system; visualization,Training; Accuracy; Visual analytics; Supervised learning; Human factors; Machine learning; Data models; Predictive analytics; Recommender systems; Load modeling,"Department of Information Technology, Dr.N.G.P. Institute of Technology, Coimbatore; Department of Computer Science and Engineering, Excel Engineering College, Komarapalayam; Department of Artificial Intelligence and Data Science, Dhaanish Ahmed Institute of Technology, Coimbatore; Computer and Communication Engineering, Kathir College of Engineering, Coimbatore, Tamilnadu; Department of Computer Science and Engineering, St.Joseph’s College Of Engineering, OMR, Chennai; Department of Computer Science and Engineering, Sree Sakthi Engineering College, Coimbatore, Tamilnadu","Department of Information Technology, Dr.N.G.P. Institute of Technology, Coimbatore; Department of Computer Science and Engineering, Excel Engineering College, Komarapalayam; Department of Artificial Intelligence and Data Science, Dhaanish Ahmed Institute of Technology, Coimbatore; Computer and Communication Engineering, Kathir College of Engineering, Coimbatore, Tamilnadu; Department of Computer Science and Engineering, St.Joseph’s College Of Engineering, OMR, Chennai; Department of Computer Science and Engineering, Sree Sakthi Engineering College, Coimbatore, Tamilnadu",,Conference Paper,0,IEEE Xplore,I225
"Rahman, Anika; Hasan, Alfat Tasnim","Rahman, Anika; Hasan, Alfat Tasnim",Mental Health Risk Assessment in University Students: Integrating IoT Environmental Data with Hybrid Machine Learning,2025,"2025 IEEE 2nd International Conference on Computing, Applications and Systems (COMPAS)",10.1109/COMPAS67506.2025.11381719,https://ieeexplore.ieee.org/document/11381719/,,Mental Health; internet of things; Environmental Sensing; University Students; Risk Prediction; Hybrid Machine Learning; Smart Campus,Temperature sensors; Support vector machines; Atmospheric modeling; Mental health; Air quality; Real-time systems; Sensors; Internet of Things; Risk management; Random forests,"Dept. of Computer Science & Engineering, Stamford University Bangladesh, Dhaka, Bangladesh","Dept. of Computer Science & Engineering, Stamford University Bangladesh, Dhaka, Bangladesh",,Conference Paper,0,IEEE Xplore,I230
"Nupap, Soontarin; Wai, Hnin Oo; Kyaw, Nyein Nyein; Thant, Zaw Shin; Kurubanjerdjit, Nilubon","Nupap, Soontarin; Wai, Hnin Oo; Kyaw, Nyein Nyein; Thant, Zaw Shin; Kurubanjerdjit, Nilubon",Machine Learning-Driven Prediction and Analysis of Mental Health Risks Among University Students,2025,2025 22nd International Joint Conference on Computer Science and Software Engineering (JCSSE),10.1109/JCSSE67377.2025.11297942,https://ieeexplore.ieee.org/document/11297942/,,machine learning; mental health problems; classification; correlation matrix; clustering,Surveys; Correlation; Accuracy; Target tracking; Mental health; Predictive models; Robustness; Wearable devices; Random forests; Software engineering,"Center of Excellence in Artificial Intelligence and Emerging Technologies, School of Applied Digital Technology, Mae Fah Luang University, Chiang Rai, Thailand; School of Applied Digital Technology, Mae Fah Luang University, Chiang Rai, Thailand","Center of Excellence in Artificial Intelligence and Emerging Technologies, School of Applied Digital Technology, Mae Fah Luang University, Chiang Rai, Thailand; School of Applied Digital Technology, Mae Fah Luang University, Chiang Rai, Thailand",,Conference Paper,1,IEEE Xplore,I232
"V, Sumukh; C, Nithesh Dalwai; Kashyap, Sindhu R; S, Akshay","V, Sumukh; C, Nithesh Dalwai; Kashyap, Sindhu R; S, Akshay",Analyzing the Impact of Mental Health on Academic Performance: AI Approach Based on Student Feedback,2025,"2025 Third International Conference on Networks, Multimedia and Information Technology (NMITCON)",10.1109/NMITCON65824.2025.11188402,https://ieeexplore.ieee.org/document/11188402/,,student health; machine learning; deep learning; model performance; random forests; convolutional neural networks; support vector machines; prediction; student wellness; health monitoring; academic performance; mental health; neural networks; healthcare technology,Deep learning; Support vector machines; Accuracy; Machine learning; Mental health; Medical services; Predictive models; Feedforward neural networks; Random forests; Monitoring,"Department of Computer Science, School of Computing, Amrita Vishwa Vidyapeetham, Mysore, Karnataka, India","Department of Computer Science, School of Computing, Amrita Vishwa Vidyapeetham, Mysore, Karnataka, India",,Conference Paper,0,IEEE Xplore,I233
"Sebastian, Lorenzo Q. Jose; Pierre, Arias P. Christopher Jean; Esther, Aliaga C.","Sebastian, Lorenzo Q. Jose; Pierre, Arias P. Christopher Jean; Esther, Aliaga C.",Development and Implementation of a Web Application for Monitoring Social Media Use in Adolescents using Predictive Models Based on Machine Learning,2024,2024 IEEE 4th International Conference on Advanced Learning Technologies on Education & Research (ICALTER),10.1109/ICALTER65499.2024.10819231,https://ieeexplore.ieee.org/document/10819231/,,Machine learning; random forests; social media addiction; mental health; depression; anxiety,Accuracy; Social networking (online); Addiction; Medical treatment; Mental health; Predictive models; Media; Real-time systems; Random forests; Monitoring,"Information Systems Engineering, Universidad Peruana de Ciencias Aplicadas, Lima, Peru","Information Systems Engineering, Universidad Peruana de Ciencias Aplicadas, Lima, Peru",,Conference Paper,2,IEEE Xplore,I237
"Yingta, Nurha; Hashimi, Omar Al; Rehman, Ikram Ur; Darvishi, Iman","Yingta, Nurha; Hashimi, Omar Al; Rehman, Ikram Ur; Darvishi, Iman",Multimodal AI for Early Detection of Mental Health Conditions in University Students: A Scoping Review,2025,2025 IEEE International Smart Cities Conference (ISC2),10.1109/ISC266238.2025.11293254,https://ieeexplore.ieee.org/document/11293254/,,Student mental health; early detection; multimodal artificial intelligence; passive sensing (wearables; smartphones; higher education; machine learning; deep learning,Deep learning; Ethics; Reviews; Scalability; User centered design; Mental health; Transformers; Artificial intelligence; Biomedical monitoring; Wearable devices,"School of Medicine and Biosciences, University of West London, London, United Kingdom; School of Computing and Engineering, University of West London, London, United Kingdom","School of Medicine and Biosciences, University of West London, London, United Kingdom; School of Computing and Engineering, University of West London, London, United Kingdom",,Conference Paper,1,IEEE Xplore,I241
"Kalaiarasi, P; Narmada, J Lakshmi; Naresh, K; Tejaswini, B; Mounika","Kalaiarasi, P; Narmada, J Lakshmi; Naresh, K; Tejaswini, B; Mounika",AI-Enabled Stress Monitoring and Assistance Platform for Student Mental Health Support,2025,2025 IEEE International Conference on Innovate for Humanitarian: Tech Solutions for Global Challenge (ICIH),10.1109/ICIH67754.2025.11609190,https://ieeexplore.ieee.org/document/11609190/,,Stress detection; Student mental health; machine learning; natural language processing; Emotion recognition; chatbots; Early intervention,Human factors; Modeling; Stress; Timing; Faces; Machine learning; Mental health; Real-time systems; Signal detection; Artificial intelligence,"Computer Science and Engineering, Kalasalingam Academy of Research and Education, Srivilliputhur, India","Computer Science and Engineering, Kalasalingam Academy of Research and Education, Srivilliputhur, India",,Conference Paper,0,IEEE Xplore,I243
"Permatasari, Desy Intan; Sa’adah, Umi; Nailussa’ada; Aziz, Adam Shidqul; Rasyid, Maulidan Bagus Afridian; Irene, Verent Flourencia; Hamdika, Dzikri Mutawakkil Al; Subakti, Muhammad Fajrul Falah; Kusuma, Nicholaus Adhyatma Surya; Arismanto, Dimas Fahrul Putra","Permatasari, Desy Intan; Sa’adah, Umi; Nailussa’ada; Aziz, Adam Shidqul; Rasyid, Maulidan Bagus Afridian; Irene, Verent Flourencia; Hamdika, Dzikri Mutawakkil Al; Subakti, Muhammad Fajrul Falah; Kusuma, Nicholaus Adhyatma Surya; Arismanto, Dimas Fahrul Putra",Monitoring Student Mood for Early Detection of Mental Health Issues Using Learning Vector Quantization,2025,2025 5th International Conference of Science and Information Technology in Smart Administration (ICSINTESA),10.1109/ICSINTESA68165.2025.11413729,https://ieeexplore.ieee.org/document/11413729/,,NikoMood application; Academic stress prediction; Learning Vector Quantization (LVQ); Early stress detection; Mental health monitoring,Support vector machines; Mood; Vector quantization; Heuristic algorithms; Linear regression; Mental health; Predictive models; Classification algorithms; Monitoring; Standards,"Informatics and Computer Engineering Departement, Politeknik Elektronika Negeri Surabaya, Surabaya, Indonesia; SimHive Group, Surabaya, Indonesia","Informatics and Computer Engineering Departement, Politeknik Elektronika Negeri Surabaya, Surabaya, Indonesia; SimHive Group, Surabaya, Indonesia",,Conference Paper,0,IEEE Xplore,I245
"Liu, Shaoyu; Ding, Minjiang; Wang, Kaixuan","Liu, Shaoyu; Ding, Minjiang; Wang, Kaixuan",The Effects of Physical Exercise on Anxiety Among College Students: The Mediating Role of Psychological Resilience,2023,2023 17th International Conference on Complex Medical Engineering (CME),10.1109/CME60059.2023.10565534,https://ieeexplore.ieee.org/document/10565534/,,Physical exercise; Anxiety; Resilience; Mediating role,Training; Machine learning algorithms; Anxiety disorders; Psychology; Clustering algorithms; Machine learning; Sampling methods,"Student Affairs Department, Fujian University of Traditional Chinese Medicine, Fuzhou, China; Guidance Center for Mental Health Education, Fujian University of Traditional Chinese Medicine, Fuzhou, China","Student Affairs Department, Fujian University of Traditional Chinese Medicine, Fuzhou, China; Guidance Center for Mental Health Education, Fujian University of Traditional Chinese Medicine, Fuzhou, China",,Conference Paper,5,IEEE Xplore,I246
"Jiang, Xiaoyan; Chen, Yiwen; Li, Shang","Jiang, Xiaoyan; Chen, Yiwen; Li, Shang",Research on the Influence of Academic Demands on Depression of High School Students Based on Machine Learning and Principal Component Analysis,2023,"2023 International Conference on Intelligent Computing, Communication & Convergence (ICI3C)",10.1109/ICI3C60830.2023.00014,https://ieeexplore.ieee.org/document/10729771/,,academic needs; high school students; depressive symptoms; random forests; principal component analysis; machine learning; statistical analysis,Training; Analytical models; Mental health; Forestry; Predictive models; Depression; Data models; Predictive analytics; Random forests; Principal component analysis,"CAS Key Laboratory of Behavioral Science, Institute of Psychology, Beijing, China","CAS Key Laboratory of Behavioral Science, Institute of Psychology, Beijing, China",,Conference Paper,0,IEEE Xplore,I247
"Na, Zhou; Meilin, Tang; Zining, Zhang; Yifan, Jia; Shi, Tang","Na, Zhou; Meilin, Tang; Zining, Zhang; Yifan, Jia; Shi, Tang",MindEcho: A Psychological Stress Perception and Early Warning System for College Students Based on Multi-Source Text Mining,2026,2026 6th International Conference on Computer Communication and Artificial Intelligence (CCAI),10.1109/CCAI69603.2026.11642053,https://ieeexplore.ieee.org/document/11642053/,,Psychological Stress Assessment; Multi-Source Data Fusion; BiLSTM-Attention Model; Mental Health Monitoring; Intelligent Intervention,Modeling; Human factors; Stress; Bidirectional long short term memory; Educational institutions; Mental health; Machine learning; Design methodology; Data integration; Deep learning,"Chengdu University of Information Technology, Chengdu, China; Zhenshu Xiangcheng (Chengdu) Technology Co., Ltd., Chengdu, China","Chengdu University of Information Technology, Chengdu, China; Zhenshu Xiangcheng (Chengdu) Technology Co., Ltd., Chengdu, China",,Conference Paper,0,IEEE Xplore,I248
"Abbas, Shahroz; Sultana, Ajmery; Nasir, Mahreen; Garcia-Ruiz, Miguel; Lin, Wenjun","Abbas, Shahroz; Sultana, Ajmery; Nasir, Mahreen; Garcia-Ruiz, Miguel; Lin, Wenjun",Privacy-Preserving Machine Learning for Mental Health Prediction Using Homomorphic Encryption,2025,"2025 IEEE/ACIS 29th International Conference on Software Engineering, Artificial Intelligence, Networking and Parallel/Distributed Computing (SNPD)",10.1109/SNPD65828.2025.11252977,https://ieeexplore.ieee.org/document/11252977/,,Student Mental Health; Predictive Modeling; Homomorphic Encryption; Privacy-Preserving Machine Learning,Training; Surveys; Random access memory; Mental health; Machine learning; Predictive models; Cryptography; Homomorphic encryption; Standards; Software engineering,"Faculty of Computer Science and Tech., Algoma University, Brampton, Canada; Faculty of Computer Science and Tech., Algoma University, Saulte Ste. Marie, Canada; Faculty of Computer Science and Tech., Algoma University, Sault Ste. Marie, Canada","Faculty of Computer Science and Tech., Algoma University, Brampton, Canada; Faculty of Computer Science and Tech., Algoma University, Saulte Ste. Marie, Canada; Faculty of Computer Science and Tech., Algoma University, Sault Ste. Marie, Canada",,Conference Paper,0,IEEE Xplore,I249
"Perera, A. B. T.; Adeeba, Saleem; Ahamed, M.F Sanath","Perera, A. B. T.; Adeeba, Saleem; Ahamed, M.F Sanath",Comparative Machine Learning and Explainable AI Framework for Early Mental Health Risk Detection among University Students in Sri Lanka,2026,2026 IEEE International Research Conference on Smart Computing and Systems Engineering (SCSE),10.1109/SCSE70081.2026.11499807,https://ieeexplore.ieee.org/document/11499807/,,DASS-21; early intervention; machine learning; mental health; university students,Electronic countermeasures; Radio frequency; Protocols; Communication systems; Internet; HTTP; Receivers; Local area networks; Instant messaging; Computer networks,"dept. of Computing and Information Systems, Sabaragamuwa University of Sri Lanka, Sri Lanka; dept. of ISTEM, University of Northampton, Northampton, United Kingdom","dept. of Computing and Information Systems, Sabaragamuwa University of Sri Lanka, Sri Lanka; dept. of ISTEM, University of Northampton, Northampton, United Kingdom",,Conference Paper,0,IEEE Xplore,I251
"Almarzouqi, Amina; Al-Yateem, Nabeel; Rahman, Syed Azizur; Salloum, Said","Almarzouqi, Amina; Al-Yateem, Nabeel; Rahman, Syed Azizur; Salloum, Said",Clustering Analysis of Medical Student Health and Stress Profiles Using K-Means,2026,"2026 IEEE 50th Annual Computers, Software, and Applications Conference (COMPSAC)",10.1109/COMPSAC69091.2026.00331,https://ieeexplore.ieee.org/document/11645492/,,Health Data Segmentation; Mental Health Clustering; medical students; Stress Patterns Analysis,Occupational health; Mental health; Aging; Human factors; Stress; Printing; Modeling; Algorithms; Distance measurement; Machine learning,"Department of Healthcare Management, College of Health Sciences, University of Sharjah, Sharjah, UAE; Department of Nursing, College of Health Sciences, University of Sharjah, Sharjah, UAE; School of Computing, Horizon University College, Ajman, UAE","Department of Healthcare Management, College of Health Sciences, University of Sharjah, Sharjah, UAE; Department of Nursing, College of Health Sciences, University of Sharjah, Sharjah, UAE; School of Computing, Horizon University College, Ajman, UAE",,Conference Paper,0,IEEE Xplore,I253
"Punno, Sheikh Sidratul Muntaha; Ahmed, Tanvir; Siddiquee, Md. Akhtarujjaman; Saha, Suman","Punno, Sheikh Sidratul Muntaha; Ahmed, Tanvir; Siddiquee, Md. Akhtarujjaman; Saha, Suman","Transformer-Based Models for Student Mental Health Detection: A Comparative Study of BERT, RoBERTa and Gemma",2026,"2026 5th International Conference on Electrical, Computer & Telecommunication Engineering (ICECTE)",10.1109/ICECTE69292.2026.11429254,https://ieeexplore.ieee.org/document/11429254/,,Mental health; BERT; RoBERTa; Gemma; Transformer models; Student support systems,Ethics; Data privacy; Accuracy; Computational modeling; Mental health; Bidirectional control; Computer architecture; Transformers; Encoding; Reliability,"Department of Internet of Things and Robotics Engineering, University of Frontier Technology, Bangladesh Kaliakair, Gazipur, Bangladesh","Department of Internet of Things and Robotics Engineering, University of Frontier Technology, Bangladesh Kaliakair, Gazipur, Bangladesh",,Conference Paper,0,IEEE Xplore,I254
"Liu, Yuexin; Lu, Wei; Zavareh, Amir Tofighi; Rigsby, Michelle; Zoghi, Ben","Liu, Yuexin; Lu, Wei; Zavareh, Amir Tofighi; Rigsby, Michelle; Zoghi, Ben",Improving Mental Health Support in Engineering Education using Machine Learning and Eye-Tracking,2023,2023 IEEE Frontiers in Education Conference (FIE),10.1109/FIE58773.2023.10343428,https://ieeexplore.ieee.org/document/10343428/,,mental health; philosophy of engineering education; data correlation; factor analysis; stress,Mental health; Machine learning; Gaze tracking; Engineering students,"Department of ETID, Texas A&M University, College Station, USA; Department of ETID CRHTS, Texas A&M University, College Station, USA","Department of ETID, Texas A&M University, College Station, USA; Department of ETID CRHTS, Texas A&M University, College Station, USA",,Conference Paper,3,IEEE Xplore,I255
"Chawla, Dimple; Chugh, Samarth","Chawla, Dimple; Chugh, Samarth",Early-Stage Identification of Depression in Traditional Students Age Group Using Machine Learning with Composite Parameters,2025,2025 International Conference on Digital Innovations for Sustainable Solutions (ICDISS),10.1109/ICDISS68238.2025.11320780,https://ieeexplore.ieee.org/document/11320780/,,machine learning; mental health prediction; educational data mining; early intervention,Technological innovation; Machine learning algorithms; Static VAr compensators; Mental health; Depression; Vectors; History; Tuning; Regression tree analysis; Random forests,"School of Information Technology, Vivekananda Institute of Professional Studies, Delhi, India","School of Information Technology, Vivekananda Institute of Professional Studies, Delhi, India",,Conference Paper,0,IEEE Xplore,I256
"Alif, Mohammed Aftab Uddin; Joyel, Bayajid Alam; Orchy, Anusa Awolad","Alif, Mohammed Aftab Uddin; Joyel, Bayajid Alam; Orchy, Anusa Awolad",Machine Learning Approach Using LLMs for Early Detection of Nomophobia in University Students,2025,"2025 IEEE International Conference on Biomedical Engineering, Computer and Information Technology for Health (BECITHCON)",10.1109/BECITHCON69222.2025.11504199,https://ieeexplore.ieee.org/document/11504199/,,Nomophobia; LoRA; Qwen 3; Gemma 2B; Mistral 7B,Modeling; Accuracy; Educational institutions; Social networking (online); Printing; Mobile handsets; smartphones; Surveys; Artificial intelligence; Tuning,"Dept. of Information and Communication Technology, Bangladesh University of Professionals, Dhaka, Bangladesh; Dept. of Computer Science and Engineering, CCN University of Science and Technology, Cumilla, Bangladesh","Dept. of Information and Communication Technology, Bangladesh University of Professionals, Dhaka, Bangladesh; Dept. of Computer Science and Engineering, CCN University of Science and Technology, Cumilla, Bangladesh",,Conference Paper,0,IEEE Xplore,I258
"Mathew, Damarukula Josh; Kumar, J. David S; Raju, R. Ranganatha; Mahendra, Bandikari; Vijayraju, Challa","Mathew, Damarukula Josh; Kumar, J. David S; Raju, R. Ranganatha; Mahendra, Bandikari; Vijayraju, Challa",Student Mental Health Support Bot using Natural Language Processing with Crisis Intervention Alerts and Therapeutic Music Suggestions,2025,2025 International Conference on Sustainable Communication Networks and Application (ICSCN),10.1109/ICSCN67106.2025.11308358,https://ieeexplore.ieee.org/document/11308358/,,Natural language processing; chatbots; Mental health; sentiment analysis; artificial intelligence; mood-based song recommendations; student support,Sentiment analysis; Data privacy; Mood; Green communications; Data visualization; Mental health; Chatbots; Knowledge management; Real-time systems; Artificial intelligence,"Santhiram Engineering College, Nandyal","Santhiram Engineering College, Nandyal",,Conference Paper,1,IEEE Xplore,I260
"Liu, Yuexin; Zavareh, Amir Tofighi; Zoghi, Ben","Liu, Yuexin; Zavareh, Amir Tofighi; Zoghi, Ben",Enhancing Well-Being and Alleviating Stress via Wearable-Driven Emotion Recognition and EQ Intentional Practice With Deep Reinforcement Learning,2025,IEEE Sensors Letters,10.1109/LSENS.2024.3515881,https://ieeexplore.ieee.org/document/10791878/,,Sensor applications; emotional intelligence (EQ); machine learning; stress; wearable sensors; well-being,Anxiety disorders; Biomedical monitoring; Wearable devices; Sensors; Temperature measurement; Particle measurements; Atmospheric measurements; Wearable sensors; Stress measurement; Data models,"Department of Engineering Technology and Industrial Distribution, Texas A&M University, College Station, TX, USA","Department of Engineering Technology and Industrial Distribution, Texas A&M University, College Station, TX, USA",,Article,1,IEEE Xplore,I262
"Cun, Xiaohong","Cun, Xiaohong",Development and Python Implementation of College Psychological Counseling Platform in Cloud Environment,2022,2022 6th International Conference on Computing Methodologies and Communication (ICCMC),10.1109/ICCMC53470.2022.9753772,https://ieeexplore.ieee.org/document/9753772/,,Psychological Counseling; Platform Development; Python Implementation; Cloud Computing,Employee welfare; Cloud computing; Employment; Psychology; Clustering algorithms; Mental health; Media,"Dehong Teachers College, Dehong, China","Dehong Teachers College, Dehong, China",,Conference Paper,0,IEEE Xplore,I263
"Hermawan, Latius; Stiawan, Deris; Syakurah, Rizma Adlia; Meilinda; Ikhsan, Diyaz Syauki","Hermawan, Latius; Stiawan, Deris; Syakurah, Rizma Adlia; Meilinda; Ikhsan, Diyaz Syauki",Mental Health with Machine Learning: A Prediction-Based Intervention Chatbot for Mental Health Conversations,2024,"2024 11th International Conference on Electrical Engineering, Computer Science and Informatics (EECSI)",10.1109/EECSI63442.2024.10776244,https://ieeexplore.ieee.org/document/10776244/,,Mental Health; chatbots; Machine Learning; DASS-21,Computer science; Training; Accuracy; Mental health; Oral communication; Chatbots; User experience; Bayes methods; Reliability; Random forests,"Faculty of Science and Technology UKMC / Faculty of Engineering, Universitas Sriwijaya, Palembang, Indonesia; Computer Engineering Department, Faculty of Computer Science, Universitas Sriwijaya, Palembang, Indonesia; Public Health Study Departement, Faculty of Public Health, Universitas Sriwijaya, Palembang, Indonesia; Biology Education Departement, Faculty of Teacher Training and Science Education, Universitas Sriwijaya, Palembang, Indonesia; Medical Education Departement, Faculty of Medical, Universitas Sriwijaya, Palembang, Indonesia","Faculty of Science and Technology UKMC / Faculty of Engineering, Universitas Sriwijaya, Palembang, Indonesia; Computer Engineering Department, Faculty of Computer Science, Universitas Sriwijaya, Palembang, Indonesia; Public Health Study Departement, Faculty of Public Health, Universitas Sriwijaya, Palembang, Indonesia; Biology Education Departement, Faculty of Teacher Training and Science Education, Universitas Sriwijaya, Palembang, Indonesia; Medical Education Departement, Faculty of Medical, Universitas Sriwijaya, Palembang, Indonesia",,Conference Paper,7,IEEE Xplore,I265
"Bayazidi, Arshin Soltan; Romero, Natalia; Ribeiro, Evandro Yudi Alves; Alves, Vanessa de Cassia; Valejo, Alan Demétrius Baria; Saud, Conrado Dos Santos Alves; Garcia, Franco Eusébio; Neris, Vânia Paula de Almeida; Bento, Mariana","Bayazidi, Arshin Soltan; Romero, Natalia; Ribeiro, Evandro Yudi Alves; Alves, Vanessa de Cassia; Valejo, Alan Demétrius Baria; Saud, Conrado Dos Santos Alves; Garcia, Franco Eusébio; Neris, Vânia Paula de Almeida; Bento, Mariana",Unsupervised Clustering of Depression Profiles in University Students Using Behavioral and Sociodemographic Features,2025,2025 21st International Symposium on Biomedical Image Processing and Analysis (SIPAIM),10.1109/SIPAIM67325.2025.11283203,https://ieeexplore.ieee.org/document/11283203/,,,Mental health; Set (abstract data type); depression; wearable computers; Depressive symptoms; Cluster analysis,"Department of Biomedical Engineering, University of Calgary, Calgary, AB, Canada; Department of Computing, Federal University of São Carlos (UFSCar), Brazil","Department of Biomedical Engineering, University of Calgary, Calgary, AB, Canada; Department of Computing, Federal University of São Carlos (UFSCar), Brazil",,Conference Paper,0,IEEE Xplore,I266
"Sharma, Sarthak; Vij, Suman; Praveen, RVS; Srinivasan, S.; Yadav, Dharmendra Kumar; S, Raj Kumar V","Sharma, Sarthak; Vij, Suman; Praveen, RVS; Srinivasan, S.; Yadav, Dharmendra Kumar; S, Raj Kumar V",Stress Prediction in Higher Education Students Using Psychometric Assessments and AOA-CNN-XGBoost Models,2024,2024 4th International Conference on Sustainable Expert Systems (ICSES),10.1109/ICSES63445.2024.10763288,https://ieeexplore.ieee.org/document/10763288/,,Stress Prediction; Arithmetic Optimization Algorithm (AOA); Educational Psychological Assessment,Training; Accuracy; Data preprocessing; Psychology; Human factors; Switches; Predictive models; Feature extraction; Prediction algorithms; Data mining,"Management, Shri Guru Ram Rai University, Dehradun, Uttarakhand, India; School of Management and Commerce Studies, Shri Guru Ram Rai University, Dehradun, Uttarakhand, India; Digital Engineering and Assurance, LTIMindtree Limited, Hyderabad, Telangana, India; Department of Advanced Computing Sciences, AMET University, Chennai, Tamilnadu, India; University Department of Mathematics, Lalit Narayan Mithila University, Darbhanga, Bihar, India; Department of Artificial Intelligence and Data Science, Bannari Amman Institute of Technology, Erode, India","Management, Shri Guru Ram Rai University, Dehradun, Uttarakhand, India; School of Management and Commerce Studies, Shri Guru Ram Rai University, Dehradun, Uttarakhand, India; Digital Engineering and Assurance, LTIMindtree Limited, Hyderabad, Telangana, India; Department of Advanced Computing Sciences, AMET University, Chennai, Tamilnadu, India; University Department of Mathematics, Lalit Narayan Mithila University, Darbhanga, Bihar, India; Department of Artificial Intelligence and Data Science, Bannari Amman Institute of Technology, Erode, India",,Conference Paper,21,IEEE Xplore,I269
"Anand, K; Yassmitha, V S; Deepti, G","Anand, K; Yassmitha, V S; Deepti, G",An Ensemble based Approach for Prediction of Happiness Index for School Children,2023,2023 3rd International Conference on Innovative Mechanisms for Industry Applications (ICIMIA),10.1109/ICIMIA60377.2023.10426317,https://ieeexplore.ieee.org/document/10426317/,,k-nearest neighbors; Mental health; naive bayes; xgboost,Training; Surveys; Pediatrics; Computational modeling; Mental health; Predictive models; Indexes,"Department of Computer Science and Engineering, Rajalakshmi Engineering College, Chennai","Department of Computer Science and Engineering, Rajalakshmi Engineering College, Chennai",,Conference Paper,2,IEEE Xplore,I270
"Mir, Aftab Ahmad; Jerome, Nithin Gladson G; Akshara, Revelle; Reddy, S Kranthi; Mohapatra, Srikanta Kumar; Mohanty, Jayashree","Mir, Aftab Ahmad; Jerome, Nithin Gladson G; Akshara, Revelle; Reddy, S Kranthi; Mohapatra, Srikanta Kumar; Mohanty, Jayashree",Comparative Analysis of Mental Health disorder in Higher Education Students using Predictive Algorithms,2023,2023 International Conference on Applied Intelligence and Sustainable Computing (ICAISC),10.1109/ICAISC58445.2023.10199947,https://ieeexplore.ieee.org/document/10199947/,,Mental Health; decision trees; support vector machines; LR; NB; Stress; Depression; Anxiety,Support vector machines; Logistic regression; Machine learning algorithms; Education; Anxiety disorders; Mental health; Prediction algorithms,"Department of Computer Science and IT, Kishtwar Campus, University of Jammu; Saveetha Engineering College, Thandalam, Chennai; Department of CSE, Vignan Institute of Technology and Science; Chitkara University Institute of Engineering and Technology, Chitkara University, Punjab, India; Department of Computer Science and Engineering, IIIT, Bhubaneswar, Odisha","Department of Computer Science and IT, Kishtwar Campus, University of Jammu; Saveetha Engineering College, Thandalam, Chennai; Department of CSE, Vignan Institute of Technology and Science; Chitkara University Institute of Engineering and Technology, Chitkara University, Punjab, India; Department of Computer Science and Engineering, IIIT, Bhubaneswar, Odisha",,Conference Paper,5,IEEE Xplore,I272
"Bhujbal, Samruddhi; Lashkare, Prathmesh; Dingalwar, Vaibhav; Shende, Amruta; Pawar, Ritesh; Kulkarni, Smita","Bhujbal, Samruddhi; Lashkare, Prathmesh; Dingalwar, Vaibhav; Shende, Amruta; Pawar, Ritesh; Kulkarni, Smita",Integrating MLOps with Machine Learning for Predictive Student Stress Analysis,2025,"2025 International Conference on Information, Implementation, and Innovation in Technology (I2ITCON)",10.1109/I2ITCON65200.2025.11210461,https://ieeexplore.ieee.org/document/11210461/,,students; stress; academic pressure; mental; health; MLOps; machine learning,Logistic regression; Machine learning algorithms; Accuracy; Anxiety disorders; Human factors; Predictive models; Depression; Bayes methods; Random forests; Load modeling,"Electronics and Telecommunication Engineering, MIT Academy of Engineering, Pune, India","Electronics and Telecommunication Engineering, MIT Academy of Engineering, Pune, India",,Conference Paper,0,IEEE Xplore,I273
"Hussna, Asma Ul; Trisha, Iffat Immami; Ritun, Israt Jahan; Alam, Md. Golam Rabiul","Hussna, Asma Ul; Trisha, Iffat Immami; Ritun, Israt Jahan; Alam, Md. Golam Rabiul",COVID-19 impact on students' Mental Health: Explainable AI and Classifiers,2021,2021 International Conference on Decision Aid Sciences and Application (DASA),10.1109/DASA53625.2021.9682371,https://ieeexplore.ieee.org/document/9682371/,,COVID-19; explainable ai; LIME; SHAP; random forests; xgboost; logistic regression; artificial neural networks; adaboost; mental health,COVID-19; Biological system modeling; Anxiety disorders; Education; Mental health; Machine learning; Forestry,"Department of Computer Science and Engineering, BRAC University, Dhaka, Bangladesh","Department of Computer Science and Engineering, BRAC University, Dhaka, Bangladesh",,Conference Paper,11,IEEE Xplore,I274
"Indrapala, W.V.H.; Kumarasinghe, K D K Y; Silva, A H H De; Ranathunga, A K M; Weerasinghe, Ms. Lokesha; Weerathunga, Ishara","Indrapala, W.V.H.; Kumarasinghe, K D K Y; Silva, A H H De; Ranathunga, A K M; Weerasinghe, Ms. Lokesha; Weerathunga, Ishara","Early Detection of Student Mental Health and Academic Burnout Using Multimodal Ai-Based Behavioral, Physiological, and Emotional Analysis",2026,2026 6th International Conference on Computer Communication and Artificial Intelligence (CCAI),10.1109/CCAI69603.2026.11642075,https://ieeexplore.ieee.org/document/11642075/,,student mental health; burnout detection; multimodal artificial intelligence; wearable sensors; facial emotion recognition; behavioral analysis,Modeling; Human factors; Stress; Signal detection; Machine learning; Mental health; Natural language processing; Emotion recognition; Printing; Accuracy,"Department of Information Technology, Sri Lanka Institute of Information Technology, Malabe, Sri Lanka","Department of Information Technology, Sri Lanka Institute of Information Technology, Malabe, Sri Lanka",,Conference Paper,0,IEEE Xplore,I277
"Radi, Hadil Al; Salem, Suaad Abedulmenem Al; Rami, Dima; Gouda, Asmaa Mahmoud; Mustafa, Ayah; Abdulrahman, Fatima; Hanieh, Maya Adel; Farid, Maram; Radi, Muaz Al; Bani–Issa, Wegdan","Radi, Hadil Al; Salem, Suaad Abedulmenem Al; Rami, Dima; Gouda, Asmaa Mahmoud; Mustafa, Ayah; Abdulrahman, Fatima; Hanieh, Maya Adel; Farid, Maram; Radi, Muaz Al; Bani–Issa, Wegdan",Caffeine Consumption and Mental Health Correlations in Healthcare Students: A Cross-Sectional Study and Machine Learning Analysis,2024,2024 Advances in Science and Engineering Technology International Conferences (ASET),10.1109/ASET60340.2024.10708666,https://ieeexplore.ieee.org/document/10708666/,,Anxiety; Caffeine; Exam period; Healthcare students; Mental health; Machine Learning; United Arab Emirates,Productivity; Correlation; Education; Anxiety disorders; Focusing; Medical services; Machine learning; Mental health; Guidelines,"Department of Nursing, College of Health Sciences, University of Sharjah, Sharjah, UAE; Department of Electrical Engineering and Computer Science, Khalifa University, Abu Dhabi, United Arab Emirates","Department of Nursing, College of Health Sciences, University of Sharjah, Sharjah, UAE; Department of Electrical Engineering and Computer Science, Khalifa University, Abu Dhabi, United Arab Emirates",,Conference Paper,1,IEEE Xplore,I278
"Miti, Marjana Jannat; Hamim, Azhar; Arifuzzaman, Md.","Miti, Marjana Jannat; Hamim, Azhar; Arifuzzaman, Md.",Predictive Analysis of Anxiety Among Bangladeshi University Students Using Machine Learning and Explainable AI,2026,"2026 IEEE 2nd International Conference on Quantum Photonics, Artificial Intelligence & Networking (QPAIN)",10.1109/QPAIN69676.2026.11545876,https://ieeexplore.ieee.org/document/11545876/,,Anxiety Prediction; Machine Learning; Explainable AI; SHAP; Student Mental Health,Modeling; Machine learning; Machining; Accuracy; Support vector machines; Educational institutions; Mental health; Printing; Depression; Artificial intelligence,"Department of Computer Science and Engineering, Leading University, Sylhet, Bangladesh","Department of Computer Science and Engineering, Leading University, Sylhet, Bangladesh",,Conference Paper,0,IEEE Xplore,I280
"Wang, Ying; Huang, Lijun","Wang, Ying; Huang, Lijun",Random Forest with SMOTE Oversampling for Undergraduate Mental Health Crisis Early Warning and Employment Anxiety Risk Factor Identification,2025,2025 6th International Conference on Information Science and Education (ICISE-IE),10.1109/ICISE-IE68873.2025.11378627,https://ieeexplore.ieee.org/document/11378627/,,Mental health crisis prediction; employment anxiety; machine learning; random forests; SMOTE; college students; early warning system; feature importance; model interpretability; SHAP analysis,Surveys; Analytical models; Social networking (online); Employment; Anxiety disorders; Education; Mental health; Predictive models; Alarm systems; Random forests,"Guangdong University of Science and Technology, Dongguan, China","Guangdong University of Science and Technology, Dongguan, China",,Conference Paper,0,IEEE Xplore,I282
"Rahman, Mosiur; Akter, Sharmin; Kabir, ParizatBinta","Rahman, Mosiur; Akter, Sharmin; Kabir, ParizatBinta",Exploring Psychosocial Effects of the COVID-19 on University Students Using Visual Analytics,2021,"2021 International Conference on Innovative Computing, Intelligent Communication and Smart Electrical Systems (ICSES)",10.1109/ICSES52305.2021.9633846,https://ieeexplore.ieee.org/document/9633846/,,Psychosocial discomfort; data visualization; COVID-19; visual data analytics,COVID-19; Measurement; Epidemics; Visual analytics; Data visualization; Organizations; Mental health,"Department of Computer Science and Engineering, City University, Dhaka, Bangladesh","Department of Computer Science and Engineering, City University, Dhaka, Bangladesh",,Conference Paper,0,IEEE Xplore,I283
"K, Anand; S, Yassmitha V; G, Deepti","K, Anand; S, Yassmitha V; G, Deepti",Prediction of Happiness Index for School Children using an Ensemble based Approach,2024,2024 4th International Conference on Pervasive Computing and Social Networking (ICPCSN),10.1109/ICPCSN62568.2024.00084,https://ieeexplore.ieee.org/document/10607649/,,k-nearest neighbors; Mental health; naive bayes; xgboost,Training; Surveys; Pediatrics; Social networking (online); Computational modeling; Sociology; Mental health,"Department of Computer Science and Engineering, Rajalakshmi Engineering College, Chennai, India; Department of Computer Science and Science and Engineering, Rajalakshmi Engineering College, Chennai, India; Department of Computer Engineering, Rajalakshmi Engineering, Chennai, India","Department of Computer Science and Engineering, Rajalakshmi Engineering College, Chennai, India; Department of Computer Science and Science and Engineering, Rajalakshmi Engineering College, Chennai, India; Department of Computer Engineering, Rajalakshmi Engineering, Chennai, India",,Conference Paper,2,IEEE Xplore,I287
"Zaman, MD. Mohibur; Rahman, Md. Rifat; Rasul, Mehbub Shifat ur; Zaman, MD Showrav; Fahim, Md. Mohyminul Islam; Miami, Anika Tahsin; Sakif, Md. Sadiqul Islam; Noor, Jannatun","Zaman, MD. Mohibur; Rahman, Md. Rifat; Rasul, Mehbub Shifat ur; Zaman, MD Showrav; Fahim, Md. Mohyminul Islam; Miami, Anika Tahsin; Sakif, Md. Sadiqul Islam; Noor, Jannatun",A Data-Driven Insight to Enhancing Stress Management Through Chatbot Interaction Among Undergraduate Students,2024,2024 27th International Conference on Computer and Information Technology (ICCIT),10.1109/ICCIT64611.2024.11022394,https://ieeexplore.ieee.org/document/11022394/,,Stress Management; Undergraduate Students; Mental Health; Chatbot Interaction; Machine Learning Algorithms; Emotional Well-being; Human-Computer Interaction (HCI),Surveys; Transcranial magnetic stimulation; Mood; Antidepressants; Medical treatment; Human factors; Mental health; Machine learning; Chatbots; Safety,"Brac University, Dhaka, Bangladesh","Brac University, Dhaka, Bangladesh",,Conference Paper,0,IEEE Xplore,I289
"Ali, Hassan; Amin, M. Hamza; Rehman, Attique Ur; Javaid, Sabeen; Ali, Tahir Muhammad; Mir, Azka","Ali, Hassan; Amin, M. Hamza; Rehman, Attique Ur; Javaid, Sabeen; Ali, Tahir Muhammad; Mir, Azka",Predictive Modeling of Students' Stress Levels Using Machine Learning Algorithm,2024,2024 International Conference on Emerging Trends in Networks and Computer Communications (ETNCC),10.1109/ETNCC63262.2024.10767502,https://ieeexplore.ieee.org/document/10767502/,,Students stress; Mental Health; Stress Detection,Machine learning algorithms; Accuracy; Computational modeling; Heuristic algorithms; Anxiety disorders; Education; Human factors; Predictive models; Random forests; Tuning,"Department of Software Engineering, University of Sialkot, Sialkot, Pakistan; Department of Computer Science, GULF University for Sciences and Technology, Mubarak Al-Abdullah, Kuwait","Department of Software Engineering, University of Sialkot, Sialkot, Pakistan; Department of Computer Science, GULF University for Sciences and Technology, Mubarak Al-Abdullah, Kuwait",,Conference Paper,6,IEEE Xplore,I290
"Uddin, Nazim; Mia, Md Sajib; Rana, Sohel; Mahmud, Prince; Islam, Md. Jahidul","Uddin, Nazim; Mia, Md Sajib; Rana, Sohel; Mahmud, Prince; Islam, Md. Jahidul",An Explainable AI-Driven Machine Learning Approach for Student Depression Detection,2025,"2025 International Conference on Electrical, Computer and Communication Engineering (ECCE)",10.1109/ECCE64574.2025.11013941,https://ieeexplore.ieee.org/document/11013941/,,Mental Health; Depression; explainable ai; LIME; ELI5; Machine Learning,Machine learning algorithms; Accuracy; Explainable AI; Mental health; Predictive models; Depression,"Department of ICT, Chandpur Science and Technology University, Chandpur, Bangladesh; Department of CSE, Sylhet Engineering College, Sylhet, Bangladesh; Department of CSE, Chandpur Science and Technology University, Chandpur, Bangladesh","Department of ICT, Chandpur Science and Technology University, Chandpur, Bangladesh; Department of CSE, Sylhet Engineering College, Sylhet, Bangladesh; Department of CSE, Chandpur Science and Technology University, Chandpur, Bangladesh",,Conference Paper,0,IEEE Xplore,I291
"Bala, Kiran; Vandna; Sharma, Ruchi; Himani; Goindi, Summi; Khan, Prince","Bala, Kiran; Vandna; Sharma, Ruchi; Himani; Goindi, Summi; Khan, Prince",AI-Based Early Detection System for Students' Mental Health Using Passive Behavioral Data,2026,2026 13th International Conference on Computing for Sustainable Global Development (INDIACom),10.23919/INDIACom70271.2026.11525537,https://ieeexplore.ieee.org/document/11525537/,,Artificial Intelligence; Behavioral Analysis; Mental Health Prediction; Natural Language Processing; Passive Digital Biomarkers,Modeling; Mental health; Printing; Machine learning; Timing; Artificial intelligence; Deep learning; Sleep; Machining; Accuracy,"School of Engineering & Technology, CGC University, Punjab, India; CGC- College of Engineering, Chandigarh, Group of Colleges, Punjab, India; Swami Vivekanand Institute of Engineering and Technology, Chandigarh, India; Apeejay institute of management & Engineering Technical campus, Jalandhar, India; Department of ECE, Chandigarh University, Punjab, India; Department of Computer Science & Engineering, CGC University, Punjab, India","School of Engineering & Technology, CGC University, Punjab, India; CGC- College of Engineering, Chandigarh, Group of Colleges, Punjab, India; Swami Vivekanand Institute of Engineering and Technology, Chandigarh, India; Apeejay institute of management & Engineering Technical campus, Jalandhar, India; Department of ECE, Chandigarh University, Punjab, India; Department of Computer Science & Engineering, CGC University, Punjab, India",,Conference Paper,0,IEEE Xplore,I292
"Guo, Tianhang; Yan, Jiaxuan; Cao, Can; Xiong, Kang; Chen, Peiwen; Yang, Huali","Guo, Tianhang; Yan, Jiaxuan; Cao, Can; Xiong, Kang; Chen, Peiwen; Yang, Huali",Machine Lerning-Based Analysis of Psychological Issues and Game Intervention for College Students,2024,2024 4th International Conference on Educational Technology (ICET),10.1109/ICET62460.2024.10868267,https://ieeexplore.ieee.org/document/10868267/,,Student mental health; psychological calming tools; data analysis; game design; stress management,Machine learning algorithms; Refining; Virtual environments; Games; Mental health; Market research; User experience; Maintenance; Research and development; Random forests,"School of Computer Science and Artificial Intelligence, Wuhan Textile University, Wu Han, China","School of Computer Science and Artificial Intelligence, Wuhan Textile University, Wu Han, China",,Conference Paper,1,IEEE Xplore,I294
"Alam, Md. Abir; Rahman, Saifur; Siddique, Md. Abu Ismail","Alam, Md. Abir; Rahman, Saifur; Siddique, Md. Abu Ismail",Optimized Machine Learning Framework for Predicting Student Mental Health Crises,2024,2024 27th International Conference on Computer and Information Technology (ICCIT),10.1109/ICCIT64611.2024.11021859,https://ieeexplore.ieee.org/document/11021859/,,Mental Health; Chi-square; Fisher’s Score; T-test; Kruskal-Wallis; PCA; machine learning; decision trees,Surveys; Accuracy; Anxiety disorders; Mental health; Machine learning; Feature extraction; Depression; Decision trees; Information technology; Principal component analysis,"Computer Science & Engineering, Rajshahi University of Engineering & Technology, Rajshahi, Bangladesh; Electrical & Computer Engineering, Rajshahi University of Engineering & Technology, Rajshahi, Bangladesh","Computer Science & Engineering, Rajshahi University of Engineering & Technology, Rajshahi, Bangladesh; Electrical & Computer Engineering, Rajshahi University of Engineering & Technology, Rajshahi, Bangladesh",,Conference Paper,0,IEEE Xplore,I297
"Zhan, Zihan","Zhan, Zihan",Construction of a Psychological Health Monitoring System Based on Social Text Sentiment Analysis,2024,2024 4th International Conference on Mobile Networks and Wireless Communications (ICMNWC),10.1109/ICMNWC63764.2024.10872372,https://ieeexplore.ieee.org/document/10872372/,,social text sentiment analysis; psychological health monitoring; long short term memory; recurrent neural networks,Sentiment analysis; Analytical models; Accuracy; Text categorization; Mental health; Real-time systems; Time factors; Monitoring; Long short term memory; Videos,"Faculty of Social Science & Public Policy, King's College London, London, UK","Faculty of Social Science & Public Policy, King's College London, London, UK",,Conference Paper,0,IEEE Xplore,I298
"Kataru, Sriteja; King, Kathleen; Fernando, Lachin","Kataru, Sriteja; King, Kathleen; Fernando, Lachin",Machine Learning-Based Early Detection and Intervention for Mental Health Issues in Children,2024,"2024 IEEE 48th Annual Computers, Software, and Applications Conference (COMPSAC)",10.1109/COMPSAC61105.2024.00320,https://ieeexplore.ieee.org/document/10633539/,,mental health; artificial intelligence; data science in health,Surveys; Pediatrics; Accuracy; Sociology; Mental health; Medical services; Predictive models,"The Harker School, San Jose, United States; Healthier Kids Foundation, Santa Clara, United States; AIClub Research Institute, Mountain View, United States","The Harker School, San Jose, United States; Healthier Kids Foundation, Santa Clara, United States; AIClub Research Institute, Mountain View, United States",,Conference Paper,7,IEEE Xplore,I299
"Emdad, Pegah; Guo, Xingtong; Guo, Rosaline; Mangoubi, Oren; Rundensteiner, Elke A.; Schneider, Kaitlyn; Liu, Shichao","Emdad, Pegah; Guo, Xingtong; Guo, Rosaline; Mangoubi, Oren; Rundensteiner, Elke A.; Schneider, Kaitlyn; Liu, Shichao",Facial Expression-Based Mental Health Prediction in Remote Learning,2026,2026 International Conference on Semantic Computing (ICSC),10.1109/ICSC67292.2026.00022,https://ieeexplore.ieee.org/document/11486424/,,Explainable Machine Learning; Online Learning; Action Unit; Well-being; College Students; Diagnosis,Radio frequency; Videos; Internet; Video equipment; Protocols; Communication systems; Computer networks; HTTP; Amplitude shift keying; Mobile handsets,"Data Science, Worcester Polytechnic Institute, Worcester, MA, USA; Civil Environmental & Architectural Engineering, Worcester Polytechnic Institute, Worcester, MA, USA; Mathematics/Computer Science, Worcester Polytechnic Institute, Worcester, MA, USA; Psychological & Cognitive Sciences, Worcester Polytechnic Institute, Worcester, MA, USA; Civil| Environmental & Architectural Engineering, Worcester Polytechnic Institute, Worcester, MA, USA","Data Science, Worcester Polytechnic Institute, Worcester, MA, USA; Civil Environmental & Architectural Engineering, Worcester Polytechnic Institute, Worcester, MA, USA; Mathematics/Computer Science, Worcester Polytechnic Institute, Worcester, MA, USA; Psychological & Cognitive Sciences, Worcester Polytechnic Institute, Worcester, MA, USA; Civil| Environmental & Architectural Engineering, Worcester Polytechnic Institute, Worcester, MA, USA",,Conference Paper,0,IEEE Xplore,I302
"Oryngozha, Nazzere; Shamoi, Pakizar; Igali, Ayan","Oryngozha, Nazzere; Shamoi, Pakizar; Igali, Ayan",Detection and Analysis of Stress-Related Posts in Reddit’s Acamedic Communities,2024,IEEE Access,10.1109/ACCESS.2024.3357662,https://ieeexplore.ieee.org/document/10412045/,,Stress detection; Reddit; academia; social media analysis; natural language processing; machine learning; academic stress factors; logistic regression; mental health; emotion detection,Human factors; Social networking (online); Mental health; Machine learning; Feature extraction; Data models; Classification algorithms; Stress measurement; Natural language processing; Emotion recognition,"School of Information Technology and Engineering, Kazakh-British Technical University, Almaty, Kazakhstan","School of Information Technology and Engineering, Kazakh-British Technical University, Almaty, Kazakhstan",,Article,33,IEEE Xplore,I304
"Isa, Norulhidayah; Mohamad, Norizan; Badri, Anis Izzati Ahmad; Sa'aid, Hafizah Besar","Isa, Norulhidayah; Mohamad, Norizan; Badri, Anis Izzati Ahmad; Sa'aid, Hafizah Besar",Analyzing Factors of Mental Health Problems among Malaysian University Students using Clustering Analysis,2022,2022 3rd International Conference on Artificial Intelligence and Data Sciences (AiDAS),10.1109/AiDAS56890.2022.9918810,https://ieeexplore.ieee.org/document/9918810/,,Depression; Anxiety; Stress; Cluster Analysis; Quality of life,Employee welfare; Productivity; Anxiety disorders; Sociology; Clustering algorithms; Mental health; Depression,"Faculty of Computer and Mathematical Sciences, Universiti Teknologi MARA Cawangan Terengganu Kampus Kuala Terengganu, Kuala Terengganu, Terengganu, Malaysia; Faculty of Information Technology, Monash University, Clayton Victoria, Australia; Faculty of Business and Management, Universiti Teknologi MARA Cawangan Kedah, Kampus Sungai Petani, Kedah, Malaysia","Faculty of Computer and Mathematical Sciences, Universiti Teknologi MARA Cawangan Terengganu Kampus Kuala Terengganu, Kuala Terengganu, Terengganu, Malaysia; Faculty of Information Technology, Monash University, Clayton Victoria, Australia; Faculty of Business and Management, Universiti Teknologi MARA Cawangan Kedah, Kampus Sungai Petani, Kedah, Malaysia",,Conference Paper,4,IEEE Xplore,I307
"Welaratne, Hasitha Chamod; Ratnayake, Gayashini Shyanka","Welaratne, Hasitha Chamod; Ratnayake, Gayashini Shyanka",Predictive Tool for Peer Support and Mental Health Improvement with Speech Emotion State Classification for University Students,2022,2022 IEEE 7th International conference for Convergence in Technology (I2CT),10.1109/I2CT54291.2022.9824367,https://ieeexplore.ieee.org/document/9824367/,,machine learning; depression; mental health improvement; peer support; speech emotion classification,Technological innovation; Anxiety disorders; Medical treatment; Mental health; Predictive models; Depression; Speech processing,"Faculty of Business, Informatics Institute of Technology, Colombo, Sri Lanka","Faculty of Business, Informatics Institute of Technology, Colombo, Sri Lanka",,Conference Paper,1,IEEE Xplore,I309
"Sujigarasharma, K.; Shri, M. Lawanya; Santhi, K.","Sujigarasharma, K.; Shri, M. Lawanya; Santhi, K.",Smart Detection and Proactive Prevention of Student Depression: A DeepLearning Approach,2024,2024 International Conference on Trends in Quantum Computing and Emerging Business Technologies,10.1109/TQCEBT59414.2024.10545088,https://ieeexplore.ieee.org/document/10545088/,,Depression detection; Face detection; voice detection; Machine learning,Quantum computing; Face recognition; Mental health; Speech recognition; Machine learning; Depression; Market research,"SCORE, VIT, Vellore, India","SCORE, VIT, Vellore, India",,Conference Paper,1,IEEE Xplore,I310
"Dharangutti, Yogesh; Raman, Ramakrishnan","Dharangutti, Yogesh; Raman, Ramakrishnan",Precision Wellness in Learning: IoT's Role in Optimizing Student Well-being using Cloud Computing,2023,2023 Annual International Conference on Emerging Research Areas: International Conference on Intelligent Systems (AICERA/ICIS),10.1109/AICERA/ICIS59538.2023.10420259,https://ieeexplore.ieee.org/document/10420259/,,Precision Wellness; internet of things; Education; Stress Management; Wearable Devices,Pediatrics; Data privacy; Human factors; Data collection; Internet of Things; Biomedical monitoring; Wearable devices,"Symbiosis Law School, (SLS) Pune & Symbiosis International (Deemed University), Pune, Maharashtra, India; Symbiosis Institute of Business Management Pune & Symbiosis, International (Deemed University), Pune, Maharashtra, India","Symbiosis Law School, (SLS) Pune & Symbiosis International (Deemed University), Pune, Maharashtra, India; Symbiosis Institute of Business Management Pune & Symbiosis, International (Deemed University), Pune, Maharashtra, India",,Conference Paper,0,IEEE Xplore,I311
"Lu, Menglin","Lu, Menglin",Design and Implementation of a Dynamic Early Warning Algorithm for Mental Health Risks Driven by Big Data,2026,2026 4th International Conference on Integrated Circuits and Communication Systems (ICICACS),10.1109/ICICACS68679.2026.11578940,https://ieeexplore.ieee.org/document/11578940/,,big data; mental health risk; dynamic early warning algorithm; xgboost,Algorithms; Timing; Modeling; Mental health; Accuracy; Optimization; Printing; Design methodology; Equations; Real-time systems,"Chengdu Polytechnic, College of Culture and Tourism, Chengdu, China","Chengdu Polytechnic, College of Culture and Tourism, Chengdu, China",,Conference Paper,0,IEEE Xplore,I312
"Iqbal, Md; Bhattacharjee, Anjana; Sarif, Zafar; Das, Dipankar; Das, Abhishek","Iqbal, Md; Bhattacharjee, Anjana; Sarif, Zafar; Das, Dipankar; Das, Abhishek",Mental Health Monitoring in Higher Education Using Machine Learning and Computer Vision,2025,2025 6th International Conference on Big Data Analytics and Practices (IBDAP),10.1109/IBDAP65587.2025.11145837,https://ieeexplore.ieee.org/document/11145837/,,Depression Detection; Mental health; natural language processing; ai/ml; Computer Vision; Emotion Recognition; Multi-modal Analysis,Training; Surveys; Computer vision; Visualization; Social networking (online); Mental health; Depression; Natural language processing; Monitoring; Videos,"Dept. of Computer Sc. & Engineering, Aliah University, Kolkata, India; Dept. of Psychology, Tripura University, Agartala, India; Dept. of Computer Sc. & Engineering, Jadavpur University, Kolkata, India","Dept. of Computer Sc. & Engineering, Aliah University, Kolkata, India; Dept. of Psychology, Tripura University, Agartala, India; Dept. of Computer Sc. & Engineering, Jadavpur University, Kolkata, India",,Conference Paper,1,IEEE Xplore,I314
"Liu, Hailing","Liu, Hailing",Cognitive Framework for Predicting Students' Anxiety Levels Using Optimized Feed Forward Networks,2025,2025 2nd International Conference on Intelligent Algorithms for Computational Intelligence Systems (IACIS),10.1109/IACIS65746.2025.11211134,https://ieeexplore.ieee.org/document/11211134/,,anxiety disorders; artificial intelligence; pelican optimization; feed forward networks,Accuracy; Computational modeling; Anxiety disorders; Mental health; Machine learning; Prediction algorithms; Feeds; Optimization; Monitoring; Computational intelligence,"Anyang Normal University, Anyang, China","Anyang Normal University, Anyang, China",,Conference Paper,0,IEEE Xplore,I315
"Shetty, Ankitha; C, Sweekritha K; Rai, Shika; Rao, Raksha; Zuha, Fathima","Shetty, Ankitha; C, Sweekritha K; Rai, Shika; Rao, Raksha; Zuha, Fathima",Machine Learning Based Student Mental Health Predictor,2025,"2025 IEEE International Conference on Distributed Computing, VLSI, Electrical Circuits and Robotics (DISCOVER)",10.1109/DISCOVER66922.2025.11259026,https://ieeexplore.ieee.org/document/11259026/,,decision trees; random forests; Standard virtual machine; k-nearest neighbors; Machine learning,Pediatrics; Focusing; Mental health; Very large scale integration; Nearest neighbor methods; Virtual machines; Reliability; Standards; Robots; Random forests,"Department of Artificial Intelligence & Data Science, Nitte (Deemed to be University), NMAM Institute of Technology (NMAMIT), India","Department of Artificial Intelligence & Data Science, Nitte (Deemed to be University), NMAM Institute of Technology (NMAMIT), India",,Conference Paper,0,IEEE Xplore,I316
"Alif, Mohammed Aftab Uddin; Ahmed, Mamun; Ali, MD.Yeakub; Shamsi, Rahyan","Alif, Mohammed Aftab Uddin; Ahmed, Mamun; Ali, MD.Yeakub; Shamsi, Rahyan",A Comparative Analysis of Machine Learning Algorithms for Predicting Depression in Bangladeshi University Students,2025,"2025 IEEE 4th International Conference on Robotics, Automation, Artificial-Intelligence and Internet-of-Things (RAAICON)",10.1109/RAAICON69033.2025.11502398,https://ieeexplore.ieee.org/document/11502398/,,depression; mental health; random forests; convolutional neural networks,Feeds; Filtering; Filters; Integrated circuits; Internet of Things; Radio frequency; Communication systems; Internet; Protocols; HTTP,"Dept. of ICT, Bangladesh University of Professionals, Dhaka, Bangladesh; Dept. of CSE, Bangladesh Army International University of Science and Technology, Cumilla, Bangladesh","Dept. of ICT, Bangladesh University of Professionals, Dhaka, Bangladesh; Dept. of CSE, Bangladesh Army International University of Science and Technology, Cumilla, Bangladesh",,Conference Paper,0,IEEE Xplore,I319
"Xiang, Ao; Qi, Zongqing; Wang, Han; Yang, Qin; Ma, Danqing","Xiang, Ao; Qi, Zongqing; Wang, Han; Yang, Qin; Ma, Danqing",A Multimodal Fusion Network for Student Emotion Recognition Based on Transformer and Tensor Product,2024,"2024 IEEE 2nd International Conference on Sensors, Electronics and Computer Engineering (ICSECE)",10.1109/ICSECE61636.2024.10729485,https://ieeexplore.ieee.org/document/10729485/,,Student Emotion Recognition; Multimodal Fusion; BERT; ViT; Tensor Product,Emotion recognition; Tensors; Accuracy; Soft sensors; Semantics; Mental health; Sensor phenomena and characterization; Transformers; Vectors; Data models,"School of Computer Science & Engineering, University of Electronic Science and Technology of China Chengdu, Sichuan, China; Computer Science, Stevens Institute of Technology, Hoboken NJ, U.S; Financial Mathematics, University of Southern California LA, U.S; School of Integrated Circult Science and Engineering, University of Electronic Science and Technology of China Chengdu, Sichuan, China; Computer Science Stevens Institute of Technology, Hoboken, NJ, USA","School of Computer Science & Engineering, University of Electronic Science and Technology of China Chengdu, Sichuan, China; Computer Science, Stevens Institute of Technology, Hoboken NJ, U.S; Financial Mathematics, University of Southern California LA, U.S; School of Integrated Circult Science and Engineering, University of Electronic Science and Technology of China Chengdu, Sichuan, China; Computer Science Stevens Institute of Technology, Hoboken, NJ, USA",,Conference Paper,35,IEEE Xplore,I321
"Saketh, K. P. S.; S, Hitesh Kumar; P, Palgun Kumar Reddy; C, Jyotsna; K, Aiswariya Milan","Saketh, K. P. S.; S, Hitesh Kumar; P, Palgun Kumar Reddy; C, Jyotsna; K, Aiswariya Milan",Insights into Mental Health Challenges in Digital Education using Suitable Machine Learning Techniques,2025,2025 7th International Conference on Intelligent Sustainable Systems (ICISS),10.1109/ICISS63372.2025.11076192,https://ieeexplore.ieee.org/document/11076192/,,decision trees; Local Interpretable Model-agnostic Explanations (LIME); SHapley Additive exPlanations (SHAP); Digital Education; Stacking Classifier; Bagging; Boosting,Support vector machines; Accuracy; Education; Stacking; Mental health; Nearest neighbor methods; Boosting; Decision trees; Reliability; Bagging,"Dept. of Computer Science and Engineering, Amrita School of Computing, Bengaluru Amrita Vishwa Vidyapeetham, India","Dept. of Computer Science and Engineering, Amrita School of Computing, Bengaluru Amrita Vishwa Vidyapeetham, India",,Conference Paper,1,IEEE Xplore,I322
"PBV, Raja Rao; Tejasri, Thatti; Kalyani, T Suvarna Lakshmi; Rajiya, Shiek; Meher, Pasumarti Kriti; Siri, Songa","PBV, Raja Rao; Tejasri, Thatti; Kalyani, T Suvarna Lakshmi; Rajiya, Shiek; Meher, Pasumarti Kriti; Siri, Songa",Mental Wellness ChatBot for Students Using NLP,2025,2025 International Conference on Machine Learning and Autonomous Systems (ICMLAS),10.1109/ICMLAS64557.2025.10968123,https://ieeexplore.ieee.org/document/10968123/,,Alive to a mental health; chatbots; natural language processing; sentiment analysis; artificial intelligence; mood-based song recommendations; student support,Sentiment analysis; Mood; Medical treatment; Mental health; Transforms; Machine learning; Chatbots; Real-time systems; Standards; Recommender systems,"Department of CSE, Shri Vishnu Engineering College for Women(A), Bhimavaram, India","Department of CSE, Shri Vishnu Engineering College for Women(A), Bhimavaram, India",,Conference Paper,0,IEEE Xplore,I326
"Qirtas, Malik Muhammad; White, Eleanor Bantry; Zafeiridi, Evi; Pesch, Dirk","Qirtas, Malik Muhammad; White, Eleanor Bantry; Zafeiridi, Evi; Pesch, Dirk",Personalizing Loneliness Detection Through Behavioral Grouping of Passive Sensing Data From College Students,2023,IEEE Access,10.1109/ACCESS.2023.3305965,https://ieeexplore.ieee.org/document/10223208/,,Grouping; loneliness; mobile sensing; passive sensing; smartphones,Behavioral sciences; Sensors; Mental health; smartphones; Data models; Statistics; Sociology; Mobile communication,"School of Computer Science and Information Technology, University College Cork, Cork 21, Ireland; School of Applied Social Studies, University College Cork, Cork 21, Ireland","School of Computer Science and Information Technology, University College Cork, Cork 21, Ireland; School of Applied Social Studies, University College Cork, Cork 21, Ireland",,Article,3,IEEE Xplore,I328
"V, Vasudeva Rao P; B, Apoorva Rao; Harshitha; S, Neha; Thingalaya, Shruthi S","V, Vasudeva Rao P; B, Apoorva Rao; Harshitha; S, Neha; Thingalaya, Shruthi S",Classification of Stress in Students using Machine Learning Algorithms,2022,"2022 International Conference on Distributed Computing, VLSI, Electrical Circuits and Robotics ( DISCOVER)",10.1109/DISCOVER55800.2022.9974872,https://ieeexplore.ieee.org/document/9974872/,,PSS; Stress; Students; Machine Learning; Mental Stress; Classification Algorithms,Support vector machines; Machine learning algorithms; Human factors; Mental health; Very large scale integration; Predictive models; Classification algorithms,"Dept. of Information Science and Engineering, Sahyadri College of Engineering & Management, Mangalore, India","Dept. of Information Science and Engineering, Sahyadri College of Engineering & Management, Mangalore, India",,Conference Paper,5,IEEE Xplore,I329
"Kashyap, Pratham; Jaiswal, Anmol; Naithani, Anushka; Aeri, Manisha; Dhondiyal, Shivashish","Kashyap, Pratham; Jaiswal, Anmol; Naithani, Anushka; Aeri, Manisha; Dhondiyal, Shivashish",EmoSupport: A Comparative Study for the Analysis of Mental Health of Undergraduate Students,2024,2024 2nd International Conference on Disruptive Technologies (ICDT),10.1109/ICDT61202.2024.10489128,https://ieeexplore.ieee.org/document/10489128/,,Mental Health Assessment; Decision Trees; Naive Bayes; support vector machines; Random Forests; k-nearest neighbors; Logistic Regression,Surveys; Support vector machines; Ethics; Machine learning algorithms; Anxiety disorders; Mental health; Predictive models,"Computer Science and Engineering, Graphic Era Hill University, Dehradun, India","Computer Science and Engineering, Graphic Era Hill University, Dehradun, India",,Conference Paper,3,IEEE Xplore,I330
"Islam, Mohammad Tanvirul; Ashraf, Kahakashan; Hosen, Md.Hamid; Nawar, Sadia; Asgar, Safa","Islam, Mohammad Tanvirul; Ashraf, Kahakashan; Hosen, Md.Hamid; Nawar, Sadia; Asgar, Safa",Predictive Modeling of Anxiety Levels in Bangladeshi University Students: A Voting-Based Approach with LIME and SHAP Explanations,2024,"2024 International Conference on Advances in Computing, Communication, Electrical, and Smart Systems (iCACCESS)",10.1109/iCACCESS61735.2024.10499576,https://ieeexplore.ieee.org/document/10499576/,,Mental health; Anxiety; Machine Learning; explainable ai; LIME; SHAP; university students; Bangladesh,Machine learning algorithms; Explainable AI; Computational modeling; Anxiety disorders; Closed box; Predictive models; Prediction algorithms,"Computer Science & Engineering, East Delta University, Chittagong, Bangladesh","Computer Science & Engineering, East Delta University, Chittagong, Bangladesh",,Conference Paper,3,IEEE Xplore,I331
"Duangchaemkarn, Khanita; Khammarew, Patiphan; Aramvith, Supavadee","Duangchaemkarn, Khanita; Khammarew, Patiphan; Aramvith, Supavadee",Machine Learning-Based Classification of Mental Health State Using the DASS-21 Profile,2024,2024 16th Biomedical Engineering International Conference (BMEiCON),10.1109/BMEiCON64021.2024.10896316,https://ieeexplore.ieee.org/document/10896316/,,Machine Learning; Mental health; Depression; Classification,Deep learning; Employee welfare; Adaptation models; Accuracy; Anxiety disorders; Decision making; Mental health; Depression; Reliability engineering; Data models,"Department of Pharmacy Practice, School of Pharmaceutical Sciences, University of Phayao, Phayao, Thailand; Pharmacy research extern under the Doctor of Pharmacy Program, School of Pharmaceutical Sciences, University of Phayao, Phayao, Thailand; Multimedia Data Analytic and Processing Research Unit, Department of Electrical Engineering, Faculty of Engineering, Chulalongkorn University, Bangkok, Thailand","Department of Pharmacy Practice, School of Pharmaceutical Sciences, University of Phayao, Phayao, Thailand; Pharmacy research extern under the Doctor of Pharmacy Program, School of Pharmaceutical Sciences, University of Phayao, Phayao, Thailand; Multimedia Data Analytic and Processing Research Unit, Department of Electrical Engineering, Faculty of Engineering, Chulalongkorn University, Bangkok, Thailand",,Conference Paper,2,IEEE Xplore,I333
"Khan, Adeeb; Sachdev, Devanshu; Verma, Abhinay; Kumar, Divya","Khan, Adeeb; Sachdev, Devanshu; Verma, Abhinay; Kumar, Divya",Early Identification of Suicide-Susceptible Students using Computational Techniques,2024,2024 3rd International Conference for Advancement in Technology (ICONAT),10.1109/ICONAT61936.2024.10774652,https://ieeexplore.ieee.org/document/10774652/,,Suicide Detection; Machine Learning; DELM; Dual SVM; Depression; Academics,Analytical models; Machine learning; Predictive models; Depression; Data models; Predictive analytics,"Department of Computer Science & Engineering, Motilal Nehru National Institute of Technology Allahabad, Prayagraj, India","Department of Computer Science & Engineering, Motilal Nehru National Institute of Technology Allahabad, Prayagraj, India",,Conference Paper,0,IEEE Xplore,I334
"Guo, Teng; Zhao, Wenhong; Alrashoud, Mubarak; Tolba, Amr; Firmin, Selena; Xia, Feng","Guo, Teng; Zhao, Wenhong; Alrashoud, Mubarak; Tolba, Amr; Firmin, Selena; Xia, Feng",Multimodal Educational Data Fusion for Students’ Mental Health Detection,2022,IEEE Access,10.1109/ACCESS.2022.3187502,https://ieeexplore.ieee.org/document/9810926/,,Educational data mining; mental health; network embedding; decision making,Mental health; Social networking (online); Depression; Representation learning; Registers; Feature extraction; Anxiety disorders,"School of Software, Dalian University of Technology, Dalian, China; Ultraprecision Machining Center, Zhejiang University of Technology, Hangzhou, China; Department of Software Engineering, College of Computer and Information Sciences, King Saud University, Riyadh, Saudi Arabia; Department of Computer Science, Community College, King Saud University, Riyadh, Saudi Arabia; Institute of Innovation, Science and Sustainability, Federation University Australia, Ballarat, VIC, Australia","School of Software, Dalian University of Technology, Dalian, China; Ultraprecision Machining Center, Zhejiang University of Technology, Hangzhou, China; Department of Software Engineering, College of Computer and Information Sciences, King Saud University, Riyadh, Saudi Arabia; Department of Computer Science, Community College, King Saud University, Riyadh, Saudi Arabia; Institute of Innovation, Science and Sustainability, Federation University Australia, Ballarat, VIC, Australia",,Article,67,IEEE Xplore,I335
"Yakkali, Jyothi; Varma, Pericharla Deepak Eswar; Mounika, Nakkala","Yakkali, Jyothi; Varma, Pericharla Deepak Eswar; Mounika, Nakkala",Sentiment-based Mental Health Monitoring System for Students using Hybrid ML and Transformer-based NLP,2026,2026 4th International Conference on Inventive Computing and Informatics (ICICI),10.1109/ICICI68773.2026.11580757,https://ieeexplore.ieee.org/document/11580757/,,natural language processing; Mental Health Sentiment Analysis; Transformer-Based Models; Contextual Embeddings; Text Mining; Supervised Learning; Multilingual BERT,Modeling; Mental health; Accuracy; Multilingual; Sentiment analysis; Bit error rate; Printing; Transformers; Machine learning; Natural language processing,"Department of Computer Science and Engineering, Vignan’s Foundation for Science, Technology and Research, Guntur, India","Department of Computer Science and Engineering, Vignan’s Foundation for Science, Technology and Research, Guntur, India",,Conference Paper,0,IEEE Xplore,I337
"Mahalakshmi, G.; Sujatha, G.","Mahalakshmi, G.; Sujatha, G.",Predictions of College Students’ Mental Stress using Machine Learning Algorithms,2023,2023 7th International Conference on Intelligent Computing and Control Systems (ICICCS),10.1109/ICICCS56967.2023.10142672,https://ieeexplore.ieee.org/document/10142672/,,decision trees; k-nearest neighbors; support vector machines; GNB-Gaussian Naive Bayes,Support vector machines; Surveys; Machine learning algorithms; Anxiety disorders; Human factors; Machine learning; Particle measurements,"PG and Research Department of Computer Science, Sri Meenakshi Government Arts College for Women(A), Madurai, India","PG and Research Department of Computer Science, Sri Meenakshi Government Arts College for Women(A), Madurai, India",,Conference Paper,15,IEEE Xplore,I339
"Warren, Jim; Ni, Lin; Fry, Ben; Stowell, Melanie; Gardiner, Chelsey; Whittaker, Robyn; Tane, Taria; Dobson, Rosie","Warren, Jim; Ni, Lin; Fry, Ben; Stowell, Melanie; Gardiner, Chelsey; Whittaker, Robyn; Tane, Taria; Dobson, Rosie",Predicting Heart Rate Variability from Heart Rate and Step Count for University Student Weekdays,2024,2024 46th Annual International Conference of the IEEE Engineering in Medicine and Biology Society (EMBC),10.1109/EMBC53108.2024.10781904,https://ieeexplore.ieee.org/document/10781904/,,low cost; machine learning; stress; ubiquitous monitoring; wearables,Performance evaluation; Sensitivity; Anxiety disorders; Machine learning; Data models; Heart rate variability; Wearable devices; Engineering in medicine and biology; Monitoring; Stress measurement,"School of Computer Science, University of Auckland, Auckland, New Zealand; School of Population Health, University of Auckland, Auckland, New Zealand; National Institute for Health Innovation, UniServices Ltd, Auckland, New Zealand","School of Computer Science, University of Auckland, Auckland, New Zealand; School of Population Health, University of Auckland, Auckland, New Zealand; National Institute for Health Innovation, UniServices Ltd, Auckland, New Zealand",,Conference Paper,1,IEEE Xplore,I342
"Karunakaran, Manivannan; Balusamy, Jeevanantham; Selvaraj, Krishnakumar","Karunakaran, Manivannan; Balusamy, Jeevanantham; Selvaraj, Krishnakumar",Machine Learning Models based Mental Health Detection,2022,2022 Third International Conference on Intelligent Computing Instrumentation and Control Technologies (ICICICT),10.1109/ICICICT54557.2022.9917622,https://ieeexplore.ieee.org/document/9917622/,,Mental Health Detection; Mental Health Self-assessment; Machine Learning,Humanities; Machine learning algorithms; Mood; Instruments; Supervised learning; Mental health; Machine learning,"Department of Computer Science and Engineering, PSNA College of Engineering and Technology, Tamil Nadu, India; Department of Computer Science and Engineering, Jainee College of Engineering and Technology, Tamil Nadu, India; Department of Electronics and Communication Engineering, Theni Kammavar Sangam College of Technology, Tamil Nadu, India","Department of Computer Science and Engineering, PSNA College of Engineering and Technology, Tamil Nadu, India; Department of Computer Science and Engineering, Jainee College of Engineering and Technology, Tamil Nadu, India; Department of Electronics and Communication Engineering, Theni Kammavar Sangam College of Technology, Tamil Nadu, India",,Conference Paper,18,IEEE Xplore,I343
"Jangir, Mahendra Kumar; Singh, Karan; Khan, Tayyab","Jangir, Mahendra Kumar; Singh, Karan; Khan, Tayyab",Machine Learning Approach to Analyse the Mental Health and Predict Nomophobia,2025,2025 International Conference on Networks and Cryptology (NETCRYPT),10.1109/NETCRYPT65877.2025.11102285,https://ieeexplore.ieee.org/document/11102285/,,Nomophobia; depression; anxiety; stress; smartphone dependency; young adults; mental health,Support vector machines; Radio frequency; Surveys; Correlation; Anxiety disorders; Mental health; Predictive models; Depression; Robustness; Random forests,"Jawaharlal Nehru University, New Delhi, India; Indian Institute of Information Technology, Sonepat, India","Jawaharlal Nehru University, New Delhi, India; Indian Institute of Information Technology, Sonepat, India",,Conference Paper,0,IEEE Xplore,I344
"Sarangan, Rajalakshmi; P, Anjana; Menon, Hema P; Nair, Lekshmi S; Cheriyan, Jo","Sarangan, Rajalakshmi; P, Anjana; Menon, Hema P; Nair, Lekshmi S; Cheriyan, Jo",Smart Learning with Stress Detection: Enhancing Online Education Through AI-Driven Question Answering and Emotional Well-Being Monitoring,2025,2025 11th International Conference on Communication and Signal Processing (ICCSP),10.1109/ICCSP64183.2025.11089472,https://ieeexplore.ieee.org/document/11089472/,,Facial Emotion Recognition; Automatic Question Generation; Online Education; Stress Detection; BERT; T5,Emotion recognition; Visualization; Human factors; Educational technology; Bidirectional control; Signal processing; Transformers; Question generation; Encoding; Monitoring,"Department of Computer Technology, MIT Campus, Anna University, Chennai, India; Department of Computer Science and Engineering, Sreepathy Institute of Management and Technology, Palakkad, India; Department of Computer Science and Engineering, Amrita School of Computing, Amritapuri, India; Department of Computer Science and Engineering, SAINTGITS College of Engineering, Kottayam, India","Department of Computer Technology, MIT Campus, Anna University, Chennai, India; Department of Computer Science and Engineering, Sreepathy Institute of Management and Technology, Palakkad, India; Department of Computer Science and Engineering, Amrita School of Computing, Amritapuri, India; Department of Computer Science and Engineering, SAINTGITS College of Engineering, Kottayam, India",,Conference Paper,2,IEEE Xplore,I345
"Nugrahaningsih, Nahumi; Teguh, Rony; Sulistia, Ciola Dwi","Nugrahaningsih, Nahumi; Teguh, Rony; Sulistia, Ciola Dwi",Ensemble Machine Learning for Stress Level Detection in Thesis Students,2024,2024 Ninth International Conference on Informatics and Computing (ICIC),10.1109/ICIC64337.2024.10957533,https://ieeexplore.ieee.org/document/10957533/,,ensemble; machine learning; stress detection; students,Support vector machines; Accuracy; Machine learning algorithms; Neural networks; Human factors; Nearest neighbor methods; Bayes methods; Ensemble learning; Random forests; Stress,"Informatics Engineering, University of Palangka Raya, Palangka Raya, Indonesia","Informatics Engineering, University of Palangka Raya, Palangka Raya, Indonesia",,Conference Paper,0,IEEE Xplore,I346
"Watts, Jake; LeBouthillier, Alex; Passalent, Matteo; Fedosoff, Noah; Movva, Vikas; Lind, Griffin; Chakroborty, Tamal; Liu, Yang","Watts, Jake; LeBouthillier, Alex; Passalent, Matteo; Fedosoff, Noah; Movva, Vikas; Lind, Griffin; Chakroborty, Tamal; Liu, Yang",Mind Matters: Harnessing Machine Learning to Predict Psychiatric Diagnoses in University Students with Real-World Data,2025,2025 IEEE Canadian Conference on Electrical and Computer Engineering (CCECE),10.1109/CCECE64018.2025.11364406,https://ieeexplore.ieee.org/document/11364406/,,Index Terms-Multi-layer Perceptron (MLP); psychiatric diagnoses; Generalized Anxiety Disorder (GAD),Surveys; COVID-19; Pandemics; Computational modeling; Anxiety disorders; Mental health; Machine learning; Indexes,"Wilfrid Laurier University, Waterloo, Canada","Wilfrid Laurier University, Waterloo, Canada",,Conference Paper,0,IEEE Xplore,I349
"Usha, R.; Krishna, N. Bala; Mounika, Midigesi; Sowmya, Pemmana; Vineetha, Sedji; Teja, Palukuri Venkata Sai Surya","Usha, R.; Krishna, N. Bala; Mounika, Midigesi; Sowmya, Pemmana; Vineetha, Sedji; Teja, Palukuri Venkata Sai Surya",Early Detection of Student Depression Using Deep Learning Algorithms,2025,2025 Second International Conference on Networks and Soft Computing (ICNSoC),10.1109/ICNSoC66817.2025.00141,https://ieeexplore.ieee.org/document/11344504/,,convolutional neural networks; long short term memory; RNN; early detection; student depression; sleep patterns; social interactions; academic performance; early intervention; mental health monitoring,Deep learning; Recurrent neural networks; Accuracy; Mental health; Depression; Prediction algorithms; Convolutional neural networks; Reliability; Long short term memory; Monitoring,"Department of Computer Science and Engineering, Madanapalle Institute of Technology and Science, Madanapalle; Department of Artificial Intelligence and Machine Learning, Mohan Babu University, Tirupati, India; Department of Computer Science and Engineering, Sree Vidyanikethan Engineering College (Autonomous), Tirupati, India","Department of Computer Science and Engineering, Madanapalle Institute of Technology and Science, Madanapalle; Department of Artificial Intelligence and Machine Learning, Mohan Babu University, Tirupati, India; Department of Computer Science and Engineering, Sree Vidyanikethan Engineering College (Autonomous), Tirupati, India",,Conference Paper,0,IEEE Xplore,I350
"Dutta, Sushama Rani; Das, Subhranginee; Mishra, Deepti Bala; Chaurasia, Mousmi Ajay; Pagadala, Pavan Kumar; Kumar, Chanda Raj","Dutta, Sushama Rani; Das, Subhranginee; Mishra, Deepti Bala; Chaurasia, Mousmi Ajay; Pagadala, Pavan Kumar; Kumar, Chanda Raj",Studying the Effectiveness of Online College Education in India from Student Feedback,2024,"2024 IEEE 6th International Conference on Cybernetics, Cognition and Machine Learning Applications (ICCCMLA)",10.1109/ICCCMLA63077.2024.10871572,https://ieeexplore.ieee.org/document/10871572/,,Machine Learning; DBSCAN; k-means; Elbow method; clustering,Machine learning algorithms; Electronic learning; Pandemics; Face recognition; Noise; Education; Mental health; Machine learning; Relays; Cybernetics,"Department of Computer Science and Engineering, Koneru Lakshmaiah Education Foundation, Hyderabad, Telangana, India; GITA Autonomous College, Bhubaneswar, India","Department of Computer Science and Engineering, Koneru Lakshmaiah Education Foundation, Hyderabad, Telangana, India; GITA Autonomous College, Bhubaneswar, India",,Conference Paper,0,IEEE Xplore,I353
"Rajeswari, S.; Gomathi, R.; Sujitha, I.","Rajeswari, S.; Gomathi, R.; Sujitha, I.",Tree-Based Multiclass Learning Model for Physiological Stress Detection from Students Community,2024,2024 International Conference on Intelligent Systems for Cybersecurity (ISCS),10.1109/ISCS61804.2024.10581339,https://ieeexplore.ieee.org/document/10581339/,,Stress Factors; Stress Prediction; AdaBoost; XGBoost; decision trees; random forests; datasets,Measurement; Accuracy; Human factors; Mental health; Forestry; Predictive models; Physiology,"PG Department of Computer Science, Shrimathi Devkunvar Nanalal Bhatt Vaishnav College for Women, Chennai, India; Shrimathi Devkunvar Nanalal Bhatt Vaishnav College for Women, Chennai, India","PG Department of Computer Science, Shrimathi Devkunvar Nanalal Bhatt Vaishnav College for Women, Chennai, India; Shrimathi Devkunvar Nanalal Bhatt Vaishnav College for Women, Chennai, India",,Conference Paper,2,IEEE Xplore,I355
"Biswas, Samuel; Biswas, Wendrila; Parasar, A.; A, Stephen Dass; Mandal, Rajib; T, Thulasimani","Biswas, Samuel; Biswas, Wendrila; Parasar, A.; A, Stephen Dass; Mandal, Rajib; T, Thulasimani",A Federated Learning-Based Hybrid Model for Enhancing Student Engagement and Emotional Growth in Universities,2025,2025 2nd Asia Pacific Conference on Innovation in Technology (APCIT),10.1109/APCIT65661.2025.11411096,https://ieeexplore.ieee.org/document/11411096/,,Federated Learning; Student Engagement Analytics; Emotional Growth Monitoring; CNN-BiLSTM Hybrid Model; Privacy-Preserving AI; Distributed Deep Learning; Multimodal Feature Extraction; Educational Data Mining; Secure Model Aggregation; Real-Time Academic Monitoring,Deep learning; Analytical models; Data privacy; Accuracy; Federated learning; Data models; Real-time systems; Convolutional neural networks; Monitoring; Videos,"Department of BBA, Haldia Institute of Management, Haldia, West Bengal, India; Department of Management and Social Science, Haldia Institute of Technology, Haldia, West Bengal, India; Department of Liberal Education, Galgotias University, Uttar Pradesh, India; Department of Networking and Communications, SRMIST, Chennai, India; Programme of Optometry, Faculty of Paramedical Sciences, Assam Down Town University, Guwahati, Assam; Department of Mathematics, Bannari Amman Institute of Technology, Sathy, Tamil Nadu, India","Department of BBA, Haldia Institute of Management, Haldia, West Bengal, India; Department of Management and Social Science, Haldia Institute of Technology, Haldia, West Bengal, India; Department of Liberal Education, Galgotias University, Uttar Pradesh, India; Department of Networking and Communications, SRMIST, Chennai, India; Programme of Optometry, Faculty of Paramedical Sciences, Assam Down Town University, Guwahati, Assam; Department of Mathematics, Bannari Amman Institute of Technology, Sathy, Tamil Nadu, India",,Conference Paper,0,IEEE Xplore,I358
"Kunwar, Fateh Bahadur; Srivastava, Satyajee; Dhivya, R; Gulati, Monika; Amudha, K.; Raj, D Antony Arul","Kunwar, Fateh Bahadur; Srivastava, Satyajee; Dhivya, R; Gulati, Monika; Amudha, K.; Raj, D Antony Arul",Enhanced Student Stress Prediction in Higher Education Using a TriBranch CNN Framework,2025,2025 3rd International Conference on Integrated Circuits and Communication Systems (ICICACS),10.1109/ICICACS65178.2025.10968227,https://ieeexplore.ieee.org/document/10968227/,,fully convolutional tri-branch network (fully CTBN); stress prediction; academic success,Training; Accuracy; Redundancy; Human factors; Machine learning; Mental health; Convolutional neural networks; Integrated circuit modeling; Stress; Principal component analysis,"Department of Computer Science and Engineering, Geetanjali Institute of Technical Studies, Udaipur, India; Department of Computer Science and Engineering, School of Engineering and Technology, Manav Rachna International Institute of Research and Studies, Faridabad, India; Department of Information Technology, M.Kumarasamy College of Engineering, Karur, India; MMIM, Maharishi Markandeshwar (Deemed to be University) Mullana, Ambala, India; Department of Electronics and Communication Engineering, Kongunadu College of Engineering and Technology, Trichy, India; Department of Software Systems, PSG College of Arts & Science, Coimbatore, India","Department of Computer Science and Engineering, Geetanjali Institute of Technical Studies, Udaipur, India; Department of Computer Science and Engineering, School of Engineering and Technology, Manav Rachna International Institute of Research and Studies, Faridabad, India; Department of Information Technology, M.Kumarasamy College of Engineering, Karur, India; MMIM, Maharishi Markandeshwar (Deemed to be University) Mullana, Ambala, India; Department of Electronics and Communication Engineering, Kongunadu College of Engineering and Technology, Trichy, India; Department of Software Systems, PSG College of Arts & Science, Coimbatore, India",,Conference Paper,4,IEEE Xplore,I359
"Adhikari, Barnali; Era, Syeda Ismatara; Mohamed, Mohamed Dahir; Mia, Jueal","Adhikari, Barnali; Era, Syeda Ismatara; Mohamed, Mohamed Dahir; Mia, Jueal",Depression Level Prediction For Students Using Machine Learning In The Context of Bangladesh,2021,2021 12th International Conference on Computing Communication and Networking Technologies (ICCCNT),10.1109/ICCCNT51525.2021.9579475,https://ieeexplore.ieee.org/document/9579475/,,depression; psychologist; machine learning; evaluation matrices; students,Performance evaluation; Psychology; Machine learning; Depression,"Department of Computer Science and Engineering, Daffodil International University, Dhaka, Bangladesh","Department of Computer Science and Engineering, Daffodil International University, Dhaka, Bangladesh",,Conference Paper,1,IEEE Xplore,I360
"Pallavi, M S; Urs, A L Akash Devaraje; Ravikala, K G; Hegde, Vinayak","Pallavi, M S; Urs, A L Akash Devaraje; Ravikala, K G; Hegde, Vinayak",Exploring the Impact of Financial Stress on Students’ Academic Performance: A Machine Learning Approach,2024,2024 15th International Conference on Computing Communication and Networking Technologies (ICCCNT),10.1109/ICCCNT61001.2024.10726175,https://ieeexplore.ieee.org/document/10726175/,,Financial Stress; Educational Data Mining; Learning Analytics; Academic Performance; Machine Learning; random forests,Wrist; Pulse measurements; Computational modeling; Training data; Predictive models; Data models; Sensors; Pupils; Random forests; Testing,"Department of Computer Science, Amrita Vishwa Vidyapeetham, Mysore, India","Department of Computer Science, Amrita Vishwa Vidyapeetham, Mysore, India",,Conference Paper,0,IEEE Xplore,I362
"Basha, Md Shaik Amzad; Biswas, Pritha; Christina, Sowmya; Krishnan, Divya R; Sucharitha, M Martha","Basha, Md Shaik Amzad; Biswas, Pritha; Christina, Sowmya; Krishnan, Divya R; Sucharitha, M Martha",Forecasting the Academic Horizon: Machine Learning Models Unraveling the Complex Web of Student Well-being Determinants,2023,2023 IEEE North Karnataka Subsection Flagship International Conference (NKCon),10.1109/NKCon59507.2023.10396455,https://ieeexplore.ieee.org/document/10396455/,,Machine Learning; student well-being; Economic Indicators; Graduate; Academic Attributes,Data analysis; Economic indicators; Biological system modeling; Psychology; Predictive models; Data models; Tuning,"GITAM School of Business, Gandhi Institute of Technology and Management (Deemed to be University), Bengaluru, India; Department of Professional Studies, Christ (Deemed to be University), Bengaluru, India","GITAM School of Business, Gandhi Institute of Technology and Management (Deemed to be University), Bengaluru, India; Department of Professional Studies, Christ (Deemed to be University), Bengaluru, India",,Conference Paper,1,IEEE Xplore,I364
"Ebrahimi, Maryam; Sahay, Rajeev; Hosseinalipour, Seyyedali; Akram, Bita","Ebrahimi, Maryam; Sahay, Rajeev; Hosseinalipour, Seyyedali; Akram, Bita",The Transition From Centralized Machine Learning to Federated Learning for Mental Health in Education: A Survey of Current Methods and Future Directions,2026,IEEE Transactions on Learning Technologies,10.1109/TLT.2026.3685099,https://ieeexplore.ieee.org/document/11488454/,,Data privacy; education; federated learning (FL); machine learning; mental health,Synthetic aperture sonar; Sonar; Radio broadcasting; Broadcasting; Frequency modulation; Broadcast technology; Circuits; System-on-chip; Feedback; Integrated circuits,"Department of Mathematics, Sharif University of Technology, Tehran, Iran; Electrical and Computer Engineering Department, University of California San Diego, San Diego, CA, USA; Electrical Engineering Department, University at Buffalo–SUNY, Buffalo, NY, USA; Computer Science Department, North Carolina State University, Raleigh, NC, USA","Department of Mathematics, Sharif University of Technology, Tehran, Iran; Electrical and Computer Engineering Department, University of California San Diego, San Diego, CA, USA; Electrical Engineering Department, University at Buffalo–SUNY, Buffalo, NY, USA; Computer Science Department, North Carolina State University, Raleigh, NC, USA",,Article,1,IEEE Xplore,I365
"Paul, Sonipriya; Ray, Lydia","Paul, Sonipriya; Ray, Lydia",Service Chatbots and International Students: A Systematic Review,2022,2022 International Conference on Computational Science and Computational Intelligence (CSCI),10.1109/CSCI58124.2022.00032,https://ieeexplore.ieee.org/document/10216523/,,chatbots; natural language processing; Machine Learning; Mental Health; International students,Surveys; Systematics; Scientific computing; Demography; Mental health; Chatbots; Depression,"TSYS School of Computer Science, Columbus State University, Columbus, GA","TSYS School of Computer Science, Columbus State University, Columbus, GA",,Conference Paper,3,IEEE Xplore,I369
"Mangla, Monika; Maram, Balajee; Wadhwa, Vaishali Mehta; Garg, Jyoti; Sharma, Aditi; Dhumane, Amol","Mangla, Monika; Maram, Balajee; Wadhwa, Vaishali Mehta; Garg, Jyoti; Sharma, Aditi; Dhumane, Amol",Bridging Precision and Transparency: XAI Models for Predicting Students Depression,2025,2025 IEEE 6th Global Conference for Advancement in Technology (GCAT),10.1109/GCAT66372.2025.11368606,https://ieeexplore.ieee.org/document/11368606/,,Explainable AI; SHAP; LIME; Machine Learning; Predictive Modeling,Ethics; Explainable AI; Scalability; Decision making; Mental health; Medical services; Predictive models; Depression; Interviews; Pragmatics,"Dwarkadas J. Sanghvi College of Engg., SR University, Warangal, Telangana, Mumbai, India; School of Computer Science and Artificial Intelligence, SR University, Warangal, Telangana, India; Computer Science and Engineering, Markandeshwar Deemed to Be University, Ambala, India; Computer Science and Engineerin, Markandeshwar Deemed to Be Universit, Ambala, India; Department of Computer Science and Engineering, Symbiosis Institute of Technology, Pune, India","Dwarkadas J. Sanghvi College of Engg., SR University, Warangal, Telangana, Mumbai, India; School of Computer Science and Artificial Intelligence, SR University, Warangal, Telangana, India; Computer Science and Engineering, Markandeshwar Deemed to Be University, Ambala, India; Computer Science and Engineerin, Markandeshwar Deemed to Be Universit, Ambala, India; Department of Computer Science and Engineering, Symbiosis Institute of Technology, Pune, India",,Conference Paper,0,IEEE Xplore,I370
"Arroni, Jeremy Galindo; Tresierra, Cristhian Acasiete; Durango, Daniel Burga","Arroni, Jeremy Galindo; Tresierra, Cristhian Acasiete; Durango, Daniel Burga",Automation of the psychological care process in university students using machine learning,2023,2023 IEEE 3rd International Conference on Advanced Learning Technologies on Education & Research (ICALTER),10.1109/ICALTER61411.2023.10372924,https://ieeexplore.ieee.org/document/10372924/,,artificial intelligence; psychological variables; data analysis,Support vector machines; Machine learning algorithms; Data analysis; Sociology; Psychology; Data visualization; Quality of service,"Department of Information System, Universidad Peruana de Ciencias Aplicadas, Lima, Perú","Department of Information System, Universidad Peruana de Ciencias Aplicadas, Lima, Perú",,Conference Paper,2,IEEE Xplore,I371
"El-Metwally, Sara; Ibrahim, Nashwa","El-Metwally, Sara; Ibrahim, Nashwa",From Exploration to Explanation: Navigating Student Anxiety in Higher Education with AI,2026,2026 IEEE International Conference on Smart Sustainable Systems for Computer and Engineering Applications (3SCEA),10.1109/3SCEA68071.2026.11602812,https://ieeexplore.ieee.org/document/11602812/,,anxiety; explainable AI; machine learning; XGBoost; SHAP,Modeling; Educational institutions; Machine learning; Mental health; Printing; Human factors; Machining; Stress; Artificial intelligence; Timing,"Computer Science Department, Faculty of Computers and Information, Mansoura University, Mansoura, Egypt; Psychiatric and Mental Health Nursing Department, Faculty of Nursing, Mansoura University, Mansoura, Egypt","Computer Science Department, Faculty of Computers and Information, Mansoura University, Mansoura, Egypt; Psychiatric and Mental Health Nursing Department, Faculty of Nursing, Mansoura University, Mansoura, Egypt",,Conference Paper,0,IEEE Xplore,I373
"Sharma, Mayank; Goswami, Puneet","Sharma, Mayank; Goswami, Puneet",Machine Learning Based Prediction of Psychiatric Disorder,2023,"2023 International Conference on Computing, Communication, and Intelligent Systems (ICCCIS)",10.1109/ICCCIS60361.2023.10425286,https://ieeexplore.ieee.org/document/10425286/,,artificial intelligence; Pre-processing; psychiatric disorder; Covid-19; Healthy,COVID-19; Social networking (online); Education; Neural networks; Machine learning; Switches; Predictive models,"Dept. of Computer Science and Engineering, SRM University, Delhi, India","Dept. of Computer Science and Engineering, SRM University, Delhi, India",,Conference Paper,0,IEEE Xplore,I374
"Rane, Hemangi; Patil, Harshali","Rane, Hemangi; Patil, Harshali",Automated Mental Stress Detection Among School Children Through Machine Learning Techniques,2025,2025 1st International Conference on Data Science and Intelligent Network Computing (ICDSINC),10.1109/ICDSINC66221.2025.11448189,https://ieeexplore.ieee.org/document/11448189/,,stress detection; machine leaning; Student Stress Survey; Student Mental Health; classification algorithms,Surveys; Radio frequency; Pediatrics; Intelligent networks; Machine learning algorithms; Human factors; Mental health; Nearest neighbor methods; Classification algorithms; Wearable devices,"Dept.of CS & IT, B. K. Birla College (Empowerd Autonomous), Kalyan, India; Dept.of CS, Dr. Annasaheb G. D. Bendale Mahila Mahavidyalaya (An Autonomous), Jalgoan, India","Dept.of CS & IT, B. K. Birla College (Empowerd Autonomous), Kalyan, India; Dept.of CS, Dr. Annasaheb G. D. Bendale Mahila Mahavidyalaya (An Autonomous), Jalgoan, India",,Conference Paper,0,IEEE Xplore,I375
"Nair, Sarachandran; Manoj, Praseeda; Krishnan, Reshmy; Salmani, Khalid Al","Nair, Sarachandran; Manoj, Praseeda; Krishnan, Reshmy; Salmani, Khalid Al",Context-Aware Mental Health Diagnostics Using Bi-LSTM in Higher Education: A Survey-Based Study in Sultanate of Oman,2025,"2025 5th International Conference on Electrical, Computer and Energy Technologies (ICECET)",10.1109/ICECET63943.2025.11471907,https://ieeexplore.ieee.org/document/11471907/,,Mental Health; bidirectional long short term memory; HADs; Anxiety; Depression,Computer networks; Protocols; HTTP; Electronic mail; Internet; Receivers; Postal services; LoRa; Storage area networks; Communication systems,"Department of Computing, Muscat College, Muscat, Oman","Department of Computing, Muscat College, Muscat, Oman",,Conference Paper,1,IEEE Xplore,I377
"Zhang, Jie; Tee, Mcxin; Lin, ChenLong; Huili, Shen","Zhang, Jie; Tee, Mcxin; Lin, ChenLong; Huili, Shen",ZJ-EduFormer: Predicting Supply Chain Student Stress Using Transformer,2024,2024 5th International Conference on Information Science and Education (ICISE-IE),10.1109/ICISE-IE64355.2024.11025498,https://ieeexplore.ieee.org/document/11025498/,,Supply Chain Management Student Stress; transformers; Deep Learning; Attention Mechanism; Educational Data Mining,Deep learning; attention mechanism; Supply chain management; Education; Computer architecture; Mental health; Predictive models; Transformers; Encoding; Data models,"Inti International University Nilai, N. Sembilan, Malaysia","Inti International University Nilai, N. Sembilan, Malaysia",,Conference Paper,2,IEEE Xplore,I378
"Thakkar, Richie; Panigrahi, Reshma; Trivedi, Bhuvanesh; Kalbande, Dhananjay","Thakkar, Richie; Panigrahi, Reshma; Trivedi, Bhuvanesh; Kalbande, Dhananjay","Deep Learning Integration and AI-Driven Support: A Comprehensive Student Platform for Emotion Detection, Psychological Assessment, and Career Guidance",2024,2024 3rd International Conference for Innovation in Technology (INOCON),10.1109/INOCON60754.2024.10511820,https://ieeexplore.ieee.org/document/10511820/,,"Mental Health; 11th and 12th grade students; Career Guidance; Emotion Detection; convolutional neural networks; Assessment Scales(SRQ20, PHQ9, GAD7); Emotionally Intelligent Chatbot; prioritizing mental well being",Surveys; Emotion recognition; Technological innovation; Engineering profession; Navigation; Mental health; Streaming media,"Information Technology Department, Sardar Patel Institute of Technology, Mumbai, India","Information Technology Department, Sardar Patel Institute of Technology, Mumbai, India",,Conference Paper,6,IEEE Xplore,I379
"Shaikh, Irfan Abdul Karim; Gupta, Kanika; Parasar, Anuradha; T, Thulasimani; Jana, D Little Femilin; Chauhan, Amit","Shaikh, Irfan Abdul Karim; Gupta, Kanika; Parasar, Anuradha; T, Thulasimani; Jana, D Little Femilin; Chauhan, Amit",Effects of Peer Monitoring on Student Stress Level of College Students Based on Multi-Layer Perceptron Approach,2024,2024 2nd International Conference on Intelligent Data Communication Technologies and Internet of Things (IDCIoT),10.1109/IDCIoT59759.2024.10467811,https://ieeexplore.ieee.org/document/10467811/,,Individuals with Disabilities Education Act (IDEA); MultiLayer Perceptron (MLP); Linear Discriminant Analysis (LDA),Training; Reviews; Feature extraction; Linear discriminant analysis; Software reliability; Internet of Things; Data communication,"Faculty of Business, Bahrain Polytechnic, Bahrain; School of Commerce and Management, IIMT University, Meerut, India; Galgotias University, India; Department of Mathematics, Bannari Amman Institute of Technology, Sathyamangalam, India; Department of Science & Humanities, Prince Shri Venkateshwara Padmavathy Engineering College, Chennai, Tamil Nadu, India; Department of Life Sciences, School of Sciences, CHRIST (Deemed to be university), Bengaluru, Karnataka, India","Faculty of Business, Bahrain Polytechnic, Bahrain; School of Commerce and Management, IIMT University, Meerut, India; Galgotias University, India; Department of Mathematics, Bannari Amman Institute of Technology, Sathyamangalam, India; Department of Science & Humanities, Prince Shri Venkateshwara Padmavathy Engineering College, Chennai, Tamil Nadu, India; Department of Life Sciences, School of Sciences, CHRIST (Deemed to be university), Bengaluru, Karnataka, India",,Conference Paper,2,IEEE Xplore,I380
"Guo, Hongbo; Zhang, Haojie; Erdenebold, Tumennast","Guo, Hongbo; Zhang, Haojie; Erdenebold, Tumennast",An Interpretable Cross-Regional Prediction Study of University Students’ Mental Health Based on XGBoost and SHAP,2026,IEEE Access,10.1109/ACCESS.2026.3676575,https://ieeexplore.ieee.org/document/11450352/,,Depression prediction; multi-task learning; SHAP; student mental health; XGBoost,Psychology; Predictive models; Adaptation models; Mental health; Cultural differences; Multitasking; Depression; Analytical models; Monitoring; Context modeling,"School of Information Engineering, Yulin University, Yulin, China; Graduate School, Yulin University, Yulin, China; AI and Big Data Department, Woosong University, Daejeon, South Korea","School of Information Engineering, Yulin University, Yulin, China; Graduate School, Yulin University, Yulin, China; AI and Big Data Department, Woosong University, Daejeon, South Korea",,Article,0,IEEE Xplore,I381
"Kuanr, Madhusree; Nayak, Subrat Kumar; Bebortta, Sujit; Tripathy, Nrusingha; Panigrahi, Soumyarashmi","Kuanr, Madhusree; Nayak, Subrat Kumar; Bebortta, Sujit; Tripathy, Nrusingha; Panigrahi, Soumyarashmi",Health Recommendation Model for Student Drug Addiction Risk Using Automated Machine Learning and Optimized Feature Selection,2026,2026 1st International Conference on Emerging Trends in Advancements and Applications of Computational Intelligence Techniques (ETAACT),10.1109/ETAACT69135.2026.11541309,https://ieeexplore.ieee.org/document/11541309/,,Drug Addiction; Health Recommender System; Feature Selection; Automated Machine Learning,Modeling; Addiction; Drugs; Feature extraction; Optimization; Automated machine learning; Machining; Accuracy; Machine learning; Printing,"Dept. of CSE, ITER, SOA Deemed to be University, Bhubaneswar, India; Dept. of CSE, Centurion University of Technology and Management, Bhubaneswar, India","Dept. of CSE, ITER, SOA Deemed to be University, Bhubaneswar, India; Dept. of CSE, Centurion University of Technology and Management, Bhubaneswar, India",,Conference Paper,0,IEEE Xplore,I382
"Kapse, Trupti","Kapse, Trupti",Voice-Based Machine Learning Model for Depression Risk Prediction in Medical Students: A Review,2025,"2025 3rd DMIHER International Conference on Artificial Intelligence in Healthcare, Education and Industry (IDICAIHEI)",10.1109/IDICAIHEI65991.2025.11379011,https://ieeexplore.ieee.org/document/11379011/,,Machine learning; Depression; Voice analysis; Risk prediction; medical students; Deep learning; Mental health prediction; Mental health diagnoses,Support vector machines; Radio frequency; Ethics; Protocols; Biological system modeling; Machine learning; Mental health; Speech recognition; Depression; Feature extraction,"Faculty Science & Technology, Datta Meghe Institute of Higher Education & Research, Wardha, Maharashtra, India","Faculty Science & Technology, Datta Meghe Institute of Higher Education & Research, Wardha, Maharashtra, India",,Conference Paper,0,IEEE Xplore,I383
"Karim, Md. Rajaul; Syeed, M M Mahbubul; Fatema, Kaniz; Hossain, Shakhawat; Khan, Razib Hayat; Uddin, Mohammad Faisal","Karim, Md. Rajaul; Syeed, M M Mahbubul; Fatema, Kaniz; Hossain, Shakhawat; Khan, Razib Hayat; Uddin, Mohammad Faisal",AnxPred: A Hybrid CNN-SVM Model with XAI to Predict Anxiety among University Students,2024,2024 IEEE 17th International Scientific Conference on Informatics (Informatics),10.1109/Informatics62280.2024.10900931,https://ieeexplore.ieee.org/document/10900931/,,Anxiety prediction; Academic Anxiety in students; convolutional neural networks; support vector machines; explainable ai; Generalized Anxiety Disorder (GAD-7),Support vector machines; Analytical models; Accuracy; Explainable AI; Anxiety disorders; Mental health; Predictive models; Feature extraction; Informatics; Stress measurement,"Department of CSE, RIoT Research Centre, IUB Dhaka, Bangladesh; Department of CSE, Independent University, Bangladesh, Dhaka, Bangladesh","Department of CSE, RIoT Research Centre, IUB Dhaka, Bangladesh; Department of CSE, Independent University, Bangladesh, Dhaka, Bangladesh",,Conference Paper,5,IEEE Xplore,I384
"Lopez, Rebecca; Shrestha, Avantika; Hickey, Kevin; Guo, Xingtong; Tlachac, ML; Liu, Shichao; Rundensteiner, Elke A.","Lopez, Rebecca; Shrestha, Avantika; Hickey, Kevin; Guo, Xingtong; Tlachac, ML; Liu, Shichao; Rundensteiner, Elke A.",Screening Students for Stress Using Fitbit Data,2024,2024 IEEE International Conference on Big Data (BigData),10.1109/BigData62323.2024.10825089,https://ieeexplore.ieee.org/document/10825089/,,Digital Health; Digital Biomarkers; Digital Phenotyping; Classification; Wearable Technology,Performance evaluation; Wearable Health Monitoring Systems; Time series analysis; Human factors; Self-supervised learning; Mental health; Robustness; Biomedical monitoring; Monitoring; Standards,"Data Science, Worcester Polytechnic Institute, Worcester, MA, USA; Architectural Engineering, Worcester Polytechnic Institute, Worcester, MA, USA; Information Systems and Analytics, Bryant University, Smithfield, RI, USA; Computer Science and Data Science, Worcester Polytechnic Institute, Worcester, MA, USA","Data Science, Worcester Polytechnic Institute, Worcester, MA, USA; Architectural Engineering, Worcester Polytechnic Institute, Worcester, MA, USA; Information Systems and Analytics, Bryant University, Smithfield, RI, USA; Computer Science and Data Science, Worcester Polytechnic Institute, Worcester, MA, USA",,Conference Paper,4,IEEE Xplore,I386
"Subhan, Muhammad; Ratna, Silvia; Muflih, Muhammad; Rasyidan, Muhammad; Arminarahmah, Nur; Budiman, Haldi","Subhan, Muhammad; Ratna, Silvia; Muflih, Muhammad; Rasyidan, Muhammad; Arminarahmah, Nur; Budiman, Haldi",Predictive Modeling of Anxiety Disorders Among Final-Year Students Using a Comparative Machine Learning Approach,2025,2025 Tenth International Conference on Informatics and Computing (ICIC),10.1109/ICIC68054.2025.11309418,https://ieeexplore.ieee.org/document/11309418/,,anxiety; random forests; support vector machines; long short term memory,Support vector machines; Deep learning; Machine learning algorithms; Accuracy; Anxiety disorders; Mental health; Predictive models; Data models; Random forests; Long short term memory,"Fakultas Teknologi Informasi, Universitas Islam Kalimantan Muhammad Arsyad al Banjari, Banjarmasin, Indonesia","Fakultas Teknologi Informasi, Universitas Islam Kalimantan Muhammad Arsyad al Banjari, Banjarmasin, Indonesia",,Conference Paper,0,IEEE Xplore,I387
"Gurubel, José Emiliano Calderón; Naranjo, Daniel Ponce; Andrade, Adriana Denisse López; Giorgetti, Javier Eduardo Martínez; Ruiz-Ramirez, Jessica Alejandra; Ramírez-Moreno, Mauricio Adolfo","Gurubel, José Emiliano Calderón; Naranjo, Daniel Ponce; Andrade, Adriana Denisse López; Giorgetti, Javier Eduardo Martínez; Ruiz-Ramirez, Jessica Alejandra; Ramírez-Moreno, Mauricio Adolfo",Stressmonitoring System in a Mobile Application for Medical Science Students,2026,2026 IEEE Engineering Education World Conference (EDUNINE),10.1109/EDUNINE62390.2026.11547052,https://ieeexplore.ieee.org/document/11547052/,,Stress Monitoring; Medical Students; Innovational Education; internet of things; Machine Learning; Biometric Data; Stress Management,Human factors; Stress; Modeling; Printing; Heart rate; Timing; Real-time systems; Heart rate variability; Machine learning; Management,"School of Engineering and Sciences Tecnologico de Monterrey Monterrey, NL, Mexico; Institute for the Future of Education, Tecnologico de Monterrey Monterrey, NL, Mexico","School of Engineering and Sciences Tecnologico de Monterrey Monterrey, NL, Mexico; Institute for the Future of Education, Tecnologico de Monterrey Monterrey, NL, Mexico",,Conference Paper,0,IEEE Xplore,I388
"Ani, Aninda Roy; Alvi, Anik; Saheel, Sabir; Ahmed, Tarem; Chen, Daniel L.; Wahhaj, Zaki; Mbau, Njogu","Ani, Aninda Roy; Alvi, Anik; Saheel, Sabir; Ahmed, Tarem; Chen, Daniel L.; Wahhaj, Zaki; Mbau, Njogu",Smart Smartphones for Mental Health,2026,2026 IEEE Canadian Conference on Electrical and Computer Engineering (CCECE),10.1109/CCECE68150.2026.11610416,https://ieeexplore.ieee.org/document/11610416/,,K-means Clustering; Random Forest Regressor; Support-Vector Regressor; Decision Tree Regressor,Modeling; Machine learning; Machining; Mental health; smartphones; Random forests; Educational institutions; Decision trees; Machine learning algorithms; Correlation,"St. Mary’s University Twickenham, London, UK; New Mexico State University, Las Cruces, New Mexico, USA; University of Minnesota Duluth, Duluth, Minnesota, USA; Independent University, Bangladesh (IUB), Dhaka, Bangladesh; Toulouse School of Economics, Toulouse, France; King’s College London, London, UK; Strathmore Business School, Strathmore University, Nairobi, Kenya","St. Mary’s University Twickenham, London, UK; New Mexico State University, Las Cruces, New Mexico, USA; University of Minnesota Duluth, Duluth, Minnesota, USA; Independent University, Bangladesh (IUB), Dhaka, Bangladesh; Toulouse School of Economics, Toulouse, France; King’s College London, London, UK; Strathmore Business School, Strathmore University, Nairobi, Kenya",,Conference Paper,0,IEEE Xplore,I389
"Ovi, Md Sultanul Islam; Hossain, Jamal; Rahi, Md Raihan Alam; Akter, Fatema","Ovi, Md Sultanul Islam; Hossain, Jamal; Rahi, Md Raihan Alam; Akter, Fatema",Protecting Student Mental Health with a Context-Aware Machine Learning Framework for Stress Monitoring,2026,"2026 IEEE 2nd International Conference on Quantum Photonics, Artificial Intelligence & Networking (QPAIN)",10.1109/QPAIN69676.2026.11546676,https://ieeexplore.ieee.org/document/11546676/,,Student stress classification; machine learning; ensemble models; context-aware systems; survey-based analysis,Human factors; Modeling; Stress; Machine learning; Training; Machining; Printing; Voting; Accuracy; Signal detection,"Dept. of Computer Science, George Mason University, Virginia, USA; Dept. of Computer Science and Engineering, University of Rajshahi, Bangladesh; Dept. of Computer Science and Engineering, Green University of Bangladesh, Bangladesh","Dept. of Computer Science, George Mason University, Virginia, USA; Dept. of Computer Science and Engineering, University of Rajshahi, Bangladesh; Dept. of Computer Science and Engineering, Green University of Bangladesh, Bangladesh",,Conference Paper,1,IEEE Xplore,I390
"Agrawal, Kanchi; R, Kavitha; Kumar, Dalvin Vinoth","Agrawal, Kanchi; R, Kavitha; Kumar, Dalvin Vinoth",Depression Severity Prediction Among Higher Education Students Using Neural Network Model,2026,2026 5th International Conference on Sentiment Analysis and Deep Learning (ICSADL),10.1109/ICSADL67539.2026.11451970,https://ieeexplore.ieee.org/document/11451970/,,Depression Detection; PHQ-9; Mental Health Screening; Student Mental Health; Text Analysis,Deep learning; Sentiment analysis; Analytical models; Text analysis; Education; Mental health; Predictive models; Depression; Long short term memory,"Department of Statistics and Data Science, CHRIST UNIVERSITY, Bengaluru, India","Department of Statistics and Data Science, CHRIST UNIVERSITY, Bengaluru, India",,Conference Paper,0,IEEE Xplore,I391
"Shingne, Shraddha; Pantula, Aditya; Rajput, Aditya; Parab, Atharva","Shingne, Shraddha; Pantula, Aditya; Rajput, Aditya; Parab, Atharva",Helm: A Data-Driven Framework for Mitigating Digital Burnout Through Personalized Analytics on Student Wellbeing and Mobile Interaction,2026,2026 International Conference on Trends in Quantum Computing and Emerging Business Technologies (TQCEBT),10.1109/TQCEBT67648.2026.11681891,https://ieeexplore.ieee.org/document/11681891/,,Digital wellbeing; passive sensing; smartphone analytics; student mental health; screen time; sleep inference; sentiment analysis; daily check-in; behavioral modeling; digital phenotyping; Flutter app; correlation engine,Timing; Modeling; Tools; Labeling; Human factors; Printing; Sentiment analysis; Stress; Correlation; Data collection,"Dept. of Computer Engineering, Dr. D. Y. Patil Institute of Technology, Pimpri, Pune, India","Dept. of Computer Engineering, Dr. D. Y. Patil Institute of Technology, Pimpri, Pune, India",,Conference Paper,0,IEEE Xplore,I392
"Cao, Lei; Li, Qi; Hang, Yaming; Zhang, Huijun; Wei, Zihan; Luo, Fang; Qiao, Zhihong","Cao, Lei; Li, Qi; Hang, Yaming; Zhang, Huijun; Wei, Zihan; Luo, Fang; Qiao, Zhihong",Building and Using State-Anxiety-Oriented Graph for Student State Anxiety Assessment in Online Classroom Scenarios,2026,IEEE Transactions on Affective Computing,10.1109/TAFFC.2025.3611369,https://ieeexplore.ieee.org/document/11169435/,,State anxiety; online classroom scenario; high school students; state anxiety dataset; state-anxiety-oriented graph; attention mechanism,Anxiety disorders; Videos; Mental health; Feature extraction; Accuracy; Machine learning; Psychology; Interviews; Physiology; Facial features,"Faculty of Psychology, Beijing Normal University, Beijing, China; China Huaneng Clean Energy Research Institute, Beijing, China; School of Economics and Management, Beihang University, Beijing, China","Faculty of Psychology, Beijing Normal University, Beijing, China; China Huaneng Clean Energy Research Institute, Beijing, China; School of Economics and Management, Beihang University, Beijing, China",,Article,1,IEEE Xplore,I393
"Nalavade, Jagannath; Tendulkar, Aniket; Buchade, Dr. Amar; Sajjan, Rajani; Kshirsagar, Vanita; Taralekar, Sankalp Suhas","Nalavade, Jagannath; Tendulkar, Aniket; Buchade, Dr. Amar; Sajjan, Rajani; Kshirsagar, Vanita; Taralekar, Sankalp Suhas",Mental Health Detection Using EEG Signals,2026,"2026 2nd International Conference on Computing, Communication and Green Engineering (CCGE)",10.1109/CCGE67142.2026.11581878,https://ieeexplore.ieee.org/document/11581878/,,Mental Health; EEG Signals; support vector machines; convolutional neural networks,Electroencephalography; Mental health; Modeling; Machine learning; Machining; Timing; Accuracy; Signal detection; Convolutional neural networks; Brain,"Computer Science and Engineering, MIT Art Design and Technology University, Pune, India; Entterprise Architect Senior Director Salesforce, Dallas, Texas, USA; Department of Artificial Intelligence and Data Science, BRACT's Vishwakarma Institute of Information Technology, Pune, India; Department of Artificial Intelligence and Data Science, Dr. D. Y. Patil Institute of Technology, Pune; 516 Mansion Ct, Santa Clara, CA","Computer Science and Engineering, MIT Art Design and Technology University, Pune, India; Entterprise Architect Senior Director Salesforce, Dallas, Texas, USA; Department of Artificial Intelligence and Data Science, BRACT's Vishwakarma Institute of Information Technology, Pune, India; Department of Artificial Intelligence and Data Science, Dr. D. Y. Patil Institute of Technology, Pune; 516 Mansion Ct, Santa Clara, CA",,Conference Paper,0,IEEE Xplore,I394
"Bilgaiyan, Saurabh; Ghosh, Debolina; Chakraborty, Siddhartha; Kumar, P Ajay; Sinha, Sanat; Parida, Chiranjib","Bilgaiyan, Saurabh; Ghosh, Debolina; Chakraborty, Siddhartha; Kumar, P Ajay; Sinha, Sanat; Parida, Chiranjib",AI-Based Prediction of Mental Health Using a Reduced DASS-21 Survey: A Case Study on KIIT University Students,2025,"2025 3rd DMIHER International Conference on Artificial Intelligence in Healthcare, Education and Industry (IDICAIHEI)",10.1109/IDICAIHEI65991.2025.11377853,https://ieeexplore.ieee.org/document/11377853/,,Mental Health; DASS-21; Machine Learning; Prediction; KIIT University; MentalBERT,Surveys; Accuracy; Statistical analysis; Soft sensors; Mental health; Transformers; Real-time systems; Reliability; Random forests; Testing,"School of Computer Engineering, KIIT Deemed to be University, Bhubaneswar, India; Department of Information Technology, Manipal University Jaipur, Jaipur, India; School of Computer Engineering, KIIT University, Bhubaneswar, India","School of Computer Engineering, KIIT Deemed to be University, Bhubaneswar, India; Department of Information Technology, Manipal University Jaipur, Jaipur, India; School of Computer Engineering, KIIT University, Bhubaneswar, India",,Conference Paper,0,IEEE Xplore,I395
"Yuan, Meng; Yang, Jun","Yuan, Meng; Yang, Jun",Using Machine Learning to Construct a Simplified Scale for Assessing Mental Status Among Undergraduates,2024,2024 7th International Conference on Advanced Algorithms and Control Engineering (ICAACE),10.1109/ICAACE61206.2024.10549581,https://ieeexplore.ieee.org/document/10549581/,,mental health; machine learning; mRMR; scale simplification,Machine learning algorithms; Control engineering; Termination of employment; Machine learning; Mental health; Feature extraction; Reliability,"School of Indformation Engineering, Wuhan University of Technology, Wuhan, China","School of Indformation Engineering, Wuhan University of Technology, Wuhan, China",,Conference Paper,0,IEEE Xplore,I396
"Fatima, Amina; Shoaib, Muhammad; Waseem, Muhammad","Fatima, Amina; Shoaib, Muhammad; Waseem, Muhammad",Depression Prediction among Students using Machine Learning and Voting Ensembles: An Explainable AI Approach,2026,"2026 International Conference on Data Science, Machine Learning, and Intelligence (DataSciMI)",10.1109/DataSciMI67380.2026.11524016,https://ieeexplore.ieee.org/document/11524016/,,Depression Prediction; Student Mental Health; Machine Learning; Voting Ensemble; Explainable AI; Tree-Based Models,Modeling; Depression; Machine learning; Manuals; Radio frequency; Machining; Support vector machines; Voting; Aging; Educational institutions,"Department of Computer Science, UET, Lahore, Pakistan","Department of Computer Science, UET, Lahore, Pakistan",,Conference Paper,0,IEEE Xplore,I398
"Ram, Malakit L.; Malangsa, Rhoderick D.; Clemente, Rustom D.; Tarre, Cheryl M.; Martinez, Martin L.; Aniga, Frederick C.","Ram, Malakit L.; Malangsa, Rhoderick D.; Clemente, Rustom D.; Tarre, Cheryl M.; Martinez, Martin L.; Aniga, Frederick C.",Classification of Social Media Addiction in Students Using Machine Learning,2026,"2026 International Conference on Artificial Intelligence, Computer, Data Sciences and Applications (ACDSA)",10.1109/ACDSA67686.2026.11467922,https://ieeexplore.ieee.org/document/11467922/,,Social Media Addiction; LightGBM; J48; DecisionStump; Student Behavior Prediction; Addiction Stage Classification,Radio broadcasting; Frequency modulation; Internet; Protocols; smartphones; Communication systems; Computer networks; HTTP; Modulation,"Faculty of Computer Studies and Information Technology, Southern Leyte State University - Main Campus, Sogod, So. Leyte, Philippines; Faculty of Information Technology, Eastern Visayas State University, Tacloban City, Leyte, Philippines; Faculty of Computer Studies and Information Technology, Western Leyte College of Ormoc City, Ormoc City, Leyte, Philippines; Faculty of Good Governance and Development Studies, Southern Leyte State University, Maasin City Campus, Maasin City, Southern Leyte, Philippines","Faculty of Computer Studies and Information Technology, Southern Leyte State University - Main Campus, Sogod, So. Leyte, Philippines; Faculty of Information Technology, Eastern Visayas State University, Tacloban City, Leyte, Philippines; Faculty of Computer Studies and Information Technology, Western Leyte College of Ormoc City, Ormoc City, Leyte, Philippines; Faculty of Good Governance and Development Studies, Southern Leyte State University, Maasin City Campus, Maasin City, Southern Leyte, Philippines",,Conference Paper,0,IEEE Xplore,I399
"Mandloi, Jasvant; Mandloi, Harshita; Nagpal, Pooja; Asthana, Stuti","Mandloi, Jasvant; Mandloi, Harshita; Nagpal, Pooja; Asthana, Stuti",Predicting Student Depression Using Machine Learning: A Performance-Based Model Comparison,2025,2025 IEEE International Conference on Innovate for Humanitarian: Tech Solutions for Global Challenge (ICIH),10.1109/ICIH67754.2025.11609174,https://ieeexplore.ieee.org/document/11609174/,,Machine Learning; Depression; random forests; Academic Stress; Neural Networks,Depression; Machine learning; Modeling; Machining; Random forests; Educational institutions; Support vector machines; Printing; Accuracy; Mental health,"Training & Placement Department, Government Polytechnic, Daman, UTof DNH & DD, India; Daman, UTof DNH & DD, India; Computer Science Engineering Department, IILM University, Gururam, India","Training & Placement Department, Government Polytechnic, Daman, UTof DNH & DD, India; Daman, UTof DNH & DD, India; Computer Science Engineering Department, IILM University, Gururam, India",,Conference Paper,0,IEEE Xplore,I400
"Reza, Md. Rokonuzzaman; Islam, Muhammad Nazrul; Islam, Mohian; Mumu, Afnan Alauddin; Faisal, Faiz Al","Reza, Md. Rokonuzzaman; Islam, Muhammad Nazrul; Islam, Mohian; Mumu, Afnan Alauddin; Faisal, Faiz Al",Factors Affecting Mental Health of High School Students due to COVID-19: An Exploratory Study,2023,"2023 International Conference on Next-Generation Computing, IoT and Machine Learning (NCIM)",10.1109/NCIM59001.2023.10212757,https://ieeexplore.ieee.org/document/10212757/,,Anxiety; depression; adolescents; COVID-19; mental health; machine learning,COVID-19; Surveys; Support vector machines; Pandemics; Social networking (online); Anxiety disorders; Mental health,"Dept. of Computer Science and Engineering, The International University of Scholars, Dhaka, Bangladesh; Dept. of Computer Science and Engineering, Military Institute of Science and Technology, Dhaka, Bangladesh; LTIMindtree Ltd., Washington, USA; Dept. of Computer Science and Engineering, Green University of Bangladesh, Dhaka, Bangladesh","Dept. of Computer Science and Engineering, The International University of Scholars, Dhaka, Bangladesh; Dept. of Computer Science and Engineering, Military Institute of Science and Technology, Dhaka, Bangladesh; LTIMindtree Ltd., Washington, USA; Dept. of Computer Science and Engineering, Green University of Bangladesh, Dhaka, Bangladesh",,Conference Paper,5,IEEE Xplore,I402
"Agarwal, Deeya; Satrawada, Jai; Zaidi, Sohail","Agarwal, Deeya; Satrawada, Jai; Zaidi, Sohail","Predicting Psychological State of Students based on Physiological, Behavioral, and Environmental Attributes",2025,2025 IEEE Integrated STEM Education Conference (ISEC),10.1109/ISEC64801.2025.11147412,https://ieeexplore.ieee.org/document/11147412/,,Artificial Intelligence; Machine Learning; Psychological state; Student well-being,Productivity; Accuracy; Psychology; Physiology; Skin; Numerical models; Performance analysis; Decision trees; Object recognition; Load modeling,IntelliScience Institute,IntelliScience Institute,,Conference Paper,0,IEEE Xplore,I404
"Mondal, Subhash; Thakur, Amitabh; Iyer, Anirudh; Patil, Rutu","Mondal, Subhash; Thakur, Amitabh; Iyer, Anirudh; Patil, Rutu",Early Detection and Intervention of Students’ Depression Risk Factors using Predictive Models: Insights and Implications,2025,2025 IEEE 6th India Council International Subsections Conference (INDISCON),10.1109/INDISCON66021.2025.11254393,https://ieeexplore.ieee.org/document/11254393/,,Depression; Machine Learning; Feature Importance; Classification; SMOTEENN; LGBM,Machine learning algorithms; Prevention and mitigation; Predictive models; Nearest neighbor methods; Depression; Prediction algorithms; Feature extraction; Classification algorithms; Public healthcare; Monitoring,"Computer Science & Engineering (AI & ML), Dayananda Sagar University, Bengaluru, India; AI & Robotics, Dayananda Sagar University, Bengaluru, India","Computer Science & Engineering (AI & ML), Dayananda Sagar University, Bengaluru, India; AI & Robotics, Dayananda Sagar University, Bengaluru, India",,Conference Paper,0,IEEE Xplore,I405
"Crasto, Reuben; Dias, Lance; Miranda, Dominic; Kayande, Deepali","Crasto, Reuben; Dias, Lance; Miranda, Dominic; Kayande, Deepali",CareBot: A Mental Health ChatBot,2021,2021 2nd International Conference for Emerging Technology (INCET),10.1109/INCET51464.2021.9456326,https://ieeexplore.ieee.org/document/9456326/,,GPT- Generative Pre- trained Transformer; natural language processing; PHQ-9 – Patient Health Questionnaire,Analytical models; Data analysis; Mental health; Machine learning; Tools; chatbots; Depression,"Computer Engineering, Don Bosco Institute of Technology, Mumbai, India","Computer Engineering, Don Bosco Institute of Technology, Mumbai, India",,Conference Paper,28,IEEE Xplore,I406
"Rony, Jahid Hasan; Syeed, MM Mahbubul; Khan, Razib Hayat; Fatema, Kaniz; Hossain, Md Shakhawat; Uddin, Mohammad Faisal","Rony, Jahid Hasan; Syeed, MM Mahbubul; Khan, Razib Hayat; Fatema, Kaniz; Hossain, Md Shakhawat; Uddin, Mohammad Faisal",Predicting Depression Among University Students: a Comparative Assessment of ML & DL models using XAI,2024,2024 23rd International Symposium on Communications and Information Technologies (ISCIT),10.1109/ISCIT63075.2024.10793544,https://ieeexplore.ieee.org/document/10793544/,,Depression; machine learning; deep learning; explainable ai; Mental Health; PHQ-9,Support vector machines; Surveys; Analytical models; Accuracy; Correlation; Mental health; Predictive models; Depression; Feature extraction; Size measurement,"RIoT Research Center, Independent University, Bangladesh; Department of CSE, Independent University, Bangladesh; Department of CSE & RIoT Research Center, Independent University, Bangladesh","RIoT Research Center, Independent University, Bangladesh; Department of CSE, Independent University, Bangladesh; Department of CSE & RIoT Research Center, Independent University, Bangladesh",,Conference Paper,5,IEEE Xplore,I407
"Chourasiya, Leeladhar; Khatri, Sushma; Sethi, Kamal K; Mahajan, Anita; Bhawsar, Avani; Verma, Tanmay; Sharma, Neeraj","Chourasiya, Leeladhar; Khatri, Sushma; Sethi, Kamal K; Mahajan, Anita; Bhawsar, Avani; Verma, Tanmay; Sharma, Neeraj",From Stress to Success: Leveraging Tracebility and Workability to Support Student Well-Being in Higher Education,2024,2024 IEEE 4th International Conference on ICT in Business Industry & Government (ICTBIG),10.1109/ICTBIG64922.2024.10911134,https://ieeexplore.ieee.org/document/10911134/,,Machine learning; data visualization; stress; internet of things; Computer Vision,Workability; Data visualization; Human factors; Mental health; Machine learning; Real-time systems; Data models; Cultural differences; Global communication; Socioeconomics,"Computer Science and Engineering, Acropolis Institute of Technology and Research, Indore, India; Information Technology, Vasantdada Patil Prasthan College of Engineering and Visual Arts, Mumbai, India","Computer Science and Engineering, Acropolis Institute of Technology and Research, Indore, India; Information Technology, Vasantdada Patil Prasthan College of Engineering and Visual Arts, Mumbai, India",,Conference Paper,0,IEEE Xplore,I408
"Kumar, Veernapu Sudheer; Chennaiah, Mallapuram Bala; Shekhar, Rashmi; Kumar, Ajit; Thulasimani., T; Mondal, Soumitra","Kumar, Veernapu Sudheer; Chennaiah, Mallapuram Bala; Shekhar, Rashmi; Kumar, Ajit; Thulasimani., T; Mondal, Soumitra",Hybrid Collaborative Recommendation Method via Dual-Autoencoder Framework for Analyzing Social Media Addiction and Student Behavior in Higher Education,2025,2025 2nd International Conference on Intelligent Algorithms for Computational Intelligence Systems (IACIS),10.1109/IACIS65746.2025.11211286,https://ieeexplore.ieee.org/document/11211286/,,hybrid collaborative recommendation method via dual-autoencoder (HCRDa); online social networks (OSNs); internet addiction (IA); identify internet addiction (IAI),Accuracy; Video on demand; Social networking (online); Addiction; Computational modeling; Collaboration; Feature extraction; Vectors; Web sites; Time complexity,"Department of Mechanical Engineering, V R Siddhartha School of Engineering, Siddhartha Academy of Higher Education (SAHE – Deemed to be University), Vijayawada, India; Department of Information Technology, Amity Institute of Information Technology, Amity University Patna, Patna, India; Department of Commerce and Finance, Amity College of Commerce and Finance, Amity University Patna, Patna, India; Department of Mathematics, Bannari Amman Institute of Technology, Sathyamangalam, India; Department of Bachelor of Education, Subhas Chandra Basu B.Ed. Training College, Baba Saheb Ambedkar Education University, West Bengal, India","Department of Mechanical Engineering, V R Siddhartha School of Engineering, Siddhartha Academy of Higher Education (SAHE – Deemed to be University), Vijayawada, India; Department of Information Technology, Amity Institute of Information Technology, Amity University Patna, Patna, India; Department of Commerce and Finance, Amity College of Commerce and Finance, Amity University Patna, Patna, India; Department of Mathematics, Bannari Amman Institute of Technology, Sathyamangalam, India; Department of Bachelor of Education, Subhas Chandra Basu B.Ed. Training College, Baba Saheb Ambedkar Education University, West Bengal, India",,Conference Paper,0,IEEE Xplore,I416
"Saha, Mehuli; Tripathy, Hrudaya Kumar; Sharma, Vandana; Alkhayyat, Ahmed","Saha, Mehuli; Tripathy, Hrudaya Kumar; Sharma, Vandana; Alkhayyat, Ahmed",Machine Learning based Suicidal Ideation Model: Increasing Scale rate Among Students,2024,2024 International Conference on Intelligent & Innovative Practices in Engineering & Management (IIPEM),10.1109/IIPEM62726.2024.10925685,https://ieeexplore.ieee.org/document/10925685/,,Students; Suicide; Depression; family; stress; Pressure; Condition,Surveys; Economics; Anxiety disorders; Mental health; Machine learning; Depression; Gender issues,"Kalinga Institute of Industrial Technology, Deemed to be University, Bhuabneswar, Odisha, India; Computer Science Department, CHRIST University, Bengaluru, India; College of Technical Engineering, The Islamic University, Najaf, Iraq","Kalinga Institute of Industrial Technology, Deemed to be University, Bhuabneswar, Odisha, India; Computer Science Department, CHRIST University, Bengaluru, India; College of Technical Engineering, The Islamic University, Najaf, Iraq",,Conference Paper,1,IEEE Xplore,I418
"Islam, Md Saiful; Islam, Md Tazul; Yunus, Shaykh; Islam, S.M. Rakibul; Rajbongshi, Aditya","Islam, Md Saiful; Islam, Md Tazul; Yunus, Shaykh; Islam, S.M. Rakibul; Rajbongshi, Aditya",Explainable Analysis of Student Stress Using Data-Driven Models and SHAP,2026,"2026 5th International Conference on Electrical, Computer & Telecommunication Engineering (ICECTE)",10.1109/ICECTE69292.2026.11429457,https://ieeexplore.ieee.org/document/11429457/,,Stress Prediction; Machine Learning; Feature Engineering; Synthetic Data Generation; SHAP Analysis; Educational Data Mining,Analytical models; Accuracy; Explainable AI; Machine learning; Mental health; Physiology; Data models; Random forests; Wearable sensors; Load modeling,"Dept. of Educational Technology and Engineering, University of Frontier Technology, Bangladesh, Gazipur, Bangladesh","Dept. of Educational Technology and Engineering, University of Frontier Technology, Bangladesh, Gazipur, Bangladesh",,Conference Paper,0,IEEE Xplore,I420
"Kaur, Manpreet; Shukla, Anand Kumar; Attri, Vikas; Kavita; Kumar, Mukesh; Pindal, Sourav","Kaur, Manpreet; Shukla, Anand Kumar; Attri, Vikas; Kavita; Kumar, Mukesh; Pindal, Sourav",Artificial Intelligence in Mental Health: A Focus on Student Depression Diagnosis and Intervention,2025,2025 International Conference on Digital Innovations for Sustainable Solutions (ICDISS),10.1109/ICDISS68238.2025.11320683,https://ieeexplore.ieee.org/document/11320683/,,Artificial Intelligence; Mental Health; Depression Diagnosis; Machine Learning; Natural Language Processing,Ethics; Technological innovation; Privacy; Explainable AI; Medical treatment; Mental health; Depression; Mobile applications; Artificial intelligence; Monitoring,"Lovely Professional University, School of Computer Application, Phagwara, Jalandhar; Department of Computer Application, Chandigarh School of Business, CGC University Mohali, Punjab, India; Advanced Centre of Research and innovation, School of Advance Computing, CGC University Mohali, Punjab; Department of Computer Applications, Faculty of Engineering and technology, SGT University, Gurugram, Haryana","Lovely Professional University, School of Computer Application, Phagwara, Jalandhar; Department of Computer Application, Chandigarh School of Business, CGC University Mohali, Punjab, India; Advanced Centre of Research and innovation, School of Advance Computing, CGC University Mohali, Punjab; Department of Computer Applications, Faculty of Engineering and technology, SGT University, Gurugram, Haryana",,Conference Paper,0,IEEE Xplore,I423
"Rodrigues, Shaun; Ruzario, Chris; Pereira, Colin; Shaikh, Shainila","Rodrigues, Shaun; Ruzario, Chris; Pereira, Colin; Shaikh, Shainila",An Approach to Early Mental Health Detection through the Utilization of Random Forests,2025,2025 5th Asian Conference on Innovation in Technology (ASIANCON),10.1109/ASIANCON66527.2025.11281112,https://ieeexplore.ieee.org/document/11281112/,,Mental Health Assessment; PHQ-9 and GAD-7 Scales; Natural Language Processing; Machine Learning; Emotion Analysis; random forests,Data privacy; Technological innovation; Sensitivity; Anxiety disorders; User centered design; Mental health; Market research; Depression; Turning; Monitoring,"Department of Computer Engineering, D.B.I.T Mumbai, India","Department of Computer Engineering, D.B.I.T Mumbai, India",,Conference Paper,0,IEEE Xplore,I424
"Calbert, Latherial; Tonekaboni, Navid Hashemi","Calbert, Latherial; Tonekaboni, Navid Hashemi",Temporal Dynamics of Classroom Stress: Insights from Wearable Sensors and Machine Learning,2024,2024 International Conference on Machine Learning and Applications (ICMLA),10.1109/ICMLA61862.2024.00057,https://ieeexplore.ieee.org/document/10903506/,,Stress Detection; Wearable Sensors; Machine Learning; Data Science; College Students; Health Analytics; Biometric Monitoring; Student Well-being,Heart rate; Biometrics; Human factors; Real-time systems; Biomedical monitoring; Stress; Wearable sensors; Monitoring; Random forests; Principal component analysis,"Department of Mathematics, College of Charleston, Charleston, South Carolina, USA","Department of Mathematics, College of Charleston, Charleston, South Carolina, USA",,Conference Paper,2,IEEE Xplore,I426
"N.S.P, Subawickrama; S.D.R.Y.L, Kannangara; P.H.K.C, Punchihewa; R.L.G, Silva; Arachchi, Didula Chamara Thanaweera; Kalapuge, Vindhya; Divarathna, Apsara","N.S.P, Subawickrama; S.D.R.Y.L, Kannangara; P.H.K.C, Punchihewa; R.L.G, Silva; Arachchi, Didula Chamara Thanaweera; Kalapuge, Vindhya; Divarathna, Apsara",Tranquil: Enhancing Student Well-Being Through Personalized Mindful Activities for Stress Reduction,2025,2025 7th International Conference on Advancements in Computing (ICAC),10.1109/ICAC69156.2025.11361426,https://ieeexplore.ieee.org/document/11361426/,,Stress Reduction; Augmented Reality; Machine Learning; virtual assistants; Mindfulness,Surveys; Machine learning algorithms; Virtual assistants; Human factors; Machine learning; Mental health; Mobile applications; Emotion regulation; Intelligent systems; Augmented reality,"Department of Information Technology, Sri Lanka Institute of Information Technology, Colombo, Sri Lanka; Teaching Hospital Peradeniya, Peradeniya, Sri Lanka","Department of Information Technology, Sri Lanka Institute of Information Technology, Colombo, Sri Lanka; Teaching Hospital Peradeniya, Peradeniya, Sri Lanka",,Conference Paper,1,IEEE Xplore,I429
"Gunarathne, K.A.A.B.; Jayasena, K.P.N.","Gunarathne, K.A.A.B.; Jayasena, K.P.N.",Monitoring mental health disorder symptoms and behavioral problems of undergraduates in Sri Lanka using smartphone sensors,2021,2021 International Conference on Decision Aid Sciences and Application (DASA),10.1109/DASA53625.2021.9682277,https://ieeexplore.ieee.org/document/9682277/,,mental health; smartphone sensors; passive sensing; activity recognition,Accelerometers; Mental health; Feature extraction; Sensors; Reliability; Data mining; smartphones,"Department of computing and information systems, Sabaragamuwa University of Sri Lanka","Department of computing and information systems, Sabaragamuwa University of Sri Lanka",,Conference Paper,1,IEEE Xplore,I430
"Shi, Yan","Shi, Yan",Research on Sports and Psychological Health Evaluation of College Sudents Based on Fuzzy Clustering Algorithm,2023,"2023 International Conference on Computers, Information Processing and Advanced Education (CIPAE)",10.1109/CIPAE60493.2023.00055,https://ieeexplore.ieee.org/document/10350239/,,fuzzy clustering algorithm; sports and psychological health; evaluation index system; mathematical models,Support vector machines; Uncertainty; Education; Neural networks; Psychology; Clustering algorithms; Mathematical models,"School of Physical Education, Bohai University, Jinzhou, China","School of Physical Education, Bohai University, Jinzhou, China",,Conference Paper,0,IEEE Xplore,I431
"Mahbub, Md. Ashif; Nishat, Mirza Muntasir; Ahmed, Ashik; Mamun, Md Abdullah Al","Mahbub, Md. Ashif; Nishat, Mirza Muntasir; Ahmed, Ashik; Mamun, Md Abdullah Al",Anxiety Detection Among Engineering Students: The Impact of Perpetual Connectivity to Mobile Devices,2026,2026 International Conference on Machine Learning and Autonomous Systems (ICMLAS),10.1109/ICMLAS67792.2026.11483699,https://ieeexplore.ieee.org/document/11483699/,,Mobile device usage; Machine Learning; anxiety disorders; Engineering students; Mental health; Student wellbeing,Filtering; Filters; Mobile handsets; Internet; Radio frequency; Protocols; Communication systems; Computer networks; HTTP; Smart devices,"Department of EEE, Islamic University of Technology, Gazipur, Bangladesh; Department of TVE, Islamic University of Technology, Gazipur, Bangladesh","Department of EEE, Islamic University of Technology, Gazipur, Bangladesh; Department of TVE, Islamic University of Technology, Gazipur, Bangladesh",,Conference Paper,0,IEEE Xplore,I436
"Rahman, Ashifur; Syeed, MM Mahbubul; Fatema, Kaniz; Khan, Razib Hayat; Hossain, Md Shakhawat; Uddin, Mohammad Faisal","Rahman, Ashifur; Syeed, MM Mahbubul; Fatema, Kaniz; Khan, Razib Hayat; Hossain, Md Shakhawat; Uddin, Mohammad Faisal",An Interpretable Hybrid CNN-SVM Model for Predicting Stress Among University Students,2024,2024 IEEE/ACS 21st International Conference on Computer Systems and Applications (AICCSA),10.1109/AICCSA63423.2024.10912575,https://ieeexplore.ieee.org/document/10912575/,,Stress Prediction; Student Academic Stress; Perceived Stress Scale (PSS-10); convolutional neural networks; support vector machines; explainable ai,Support vector machines; Adaptation models; Accuracy; Explainable AI; Human factors; Predictive models; Feature extraction; Data models; Convolutional neural networks; Tuning,"RIoT Research Center, Independent University, Bangladesh, Dhaka, Bangladesh; Department of CSE, Independent University, Bangladesh, Dhaka, Bangladesh","RIoT Research Center, Independent University, Bangladesh, Dhaka, Bangladesh; Department of CSE, Independent University, Bangladesh, Dhaka, Bangladesh",,Conference Paper,5,IEEE Xplore,I437
"Jain, Apoorv; Patel, Pray; Tripathi, Arun Kr; Tripathi, Nupur; Kaur, Mandeep","Jain, Apoorv; Patel, Pray; Tripathi, Arun Kr; Tripathi, Nupur; Kaur, Mandeep",Enhancing Student Mental Health Sentiment Analysis Using BERT and Blockchain for Secure Peer-to-Peer Data Sharing,2025,2025 2nd Global AI Summit - International Conference on Artificial Intelligence and Emerging Technology (AI Summit),10.1109/AISummit66170.2025.11410672,https://ieeexplore.ieee.org/document/11410672/,,Sentiment Analysis; Mental Health Monitoring; machine learning; Blockchain (Ethereum); Smart Contracts,Sentiment analysis; Accuracy; Smart contracts; Mental health; Transformers; Blockchains; Peer-to-peer computing; Sensors; Security; Monitoring,"School of Computer Science Engineering & Technology, Bennett University, Greater Noida, India; Dept. of Computer Science Engineering, Indian Institute of Technology, Patna, Patna, India; School of Computer Science in Emerging Technology, Noida Institute of Engineering & Technology, Greater Noida, India; NIET Business School, Noida Institute of Engineering & Technology, Greater Noida, India","School of Computer Science Engineering & Technology, Bennett University, Greater Noida, India; Dept. of Computer Science Engineering, Indian Institute of Technology, Patna, Patna, India; School of Computer Science in Emerging Technology, Noida Institute of Engineering & Technology, Greater Noida, India; NIET Business School, Noida Institute of Engineering & Technology, Greater Noida, India",,Conference Paper,0,IEEE Xplore,I438
"Mumenin, Nasirul; Yousuf, Mohammad Abu; Alassafi, Madini O.; Monowar, Muhammad Mostafa; Hamid, Md. Abdul","Mumenin, Nasirul; Yousuf, Mohammad Abu; Alassafi, Madini O.; Monowar, Muhammad Mostafa; Hamid, Md. Abdul","DDNet: A Robust, and Reliable Hybrid Machine Learning Model for Effective Detection of Depression Among University Students",2025,IEEE Access,10.1109/ACCESS.2025.3552041,https://ieeexplore.ieee.org/document/10928330/,,Hybrid model; depression detection; explainable AI; uncertainty analysis; university students,Depression; Mental health; Predictive models; Accuracy; Reliability; Uncertainty; Computational modeling; Classification tree analysis; Support vector machines; Random forests,"Department of Computer Science and Engineering, Bangladesh University of Business and Technology, Dhaka, Bangladesh; Institute of Information Technology, Jahangirnagar University, Dhaka, Bangladesh; Department of Information Technology, Faculty of Computing and Information Technology, King Abdulaziz University, Jeddah, Saudi Arabia","Department of Computer Science and Engineering, Bangladesh University of Business and Technology, Dhaka, Bangladesh; Institute of Information Technology, Jahangirnagar University, Dhaka, Bangladesh; Department of Information Technology, Faculty of Computing and Information Technology, King Abdulaziz University, Jeddah, Saudi Arabia",,Article,8,IEEE Xplore,I439
"Oh, Hana; Mahad, Fairuz Safwan; Ramli, Rusyaizila","Oh, Hana; Mahad, Fairuz Safwan; Ramli, Rusyaizila",The Development of Stress Prediction and Management System for Students Using Machine Learning and Large Language Model,2026,2026 22nd IEEE International Colloquium on Signal Processing & Its Applications (CSPA),10.1109/CSPA68262.2026.11517763,https://ieeexplore.ieee.org/document/11517763/,,Stress Management; Machine Learning; large language models,Human factors; Modeling; Stress; Machine learning; Machining; Training; Large language models; Accuracy; Support vector machines; Tuning,"Computer Science, University of Southampton Malaysia, Iskandar Puteri, Johor, Malaysia; Smart Technology Research Group, University of Southampton Malaysia, Iskandar Puteri, Johor, Malaysia; Carbon Neutrality Research Group, University of Southampton Malaysia, Iskandar Puteri, Johor, Malaysia","Computer Science, University of Southampton Malaysia, Iskandar Puteri, Johor, Malaysia; Smart Technology Research Group, University of Southampton Malaysia, Iskandar Puteri, Johor, Malaysia; Carbon Neutrality Research Group, University of Southampton Malaysia, Iskandar Puteri, Johor, Malaysia",,Conference Paper,0,IEEE Xplore,I442
"Sakib, Nazmus; Islam, Md. Kafiul; Faruk, Tasnuva","Sakib, Nazmus; Islam, Md. Kafiul; Faruk, Tasnuva",A Machine Learning Approach for Multi-Level Anxiety Screening among University-Going Students using Wireless EEG Signals,2024,2024 7th Asia Conference on Cognitive Engineering and Intelligent lnteraction (CEII),10.1109/CEII65291.2024.00013,https://ieeexplore.ieee.org/document/11037927/,,Anxiety Screening; Multiclass classification GAD-7; Machine Learning; Electroencephalography; Wireless EEG,Wireless communication; Accuracy; Frequency-domain analysis; Anxiety disorders; Asia; Mental health; Feature extraction; Electroencephalography; Random forests,"Electrical and Electronic Engineering, Independent University, Bangladesh, Dhaka, Bangladesh; Dept. of Public Health, Independent University, Bangladesh, Dhaka, Bangladesh","Electrical and Electronic Engineering, Independent University, Bangladesh, Dhaka, Bangladesh; Dept. of Public Health, Independent University, Bangladesh, Dhaka, Bangladesh",,Conference Paper,0,IEEE Xplore,I445
"Sukiman, Safura Adeela; Aziz, Noraisyah Abdl","Sukiman, Safura Adeela; Aziz, Noraisyah Abdl",From Pen to Mind: A Multi-Layer Artificial Intelligence Framework for Handwriting-Based Emotional Analysis in Higher Education,2026,2026 IEEE 16th Symposium on Computer Applications & Industrial Electronics (ISCAIE),10.1109/ISCAIE68866.2026.11576424,https://ieeexplore.ieee.org/document/11576424/,,handwriting analysis; emotional well-being; digital biomarkers; explainable ai; higher education,Artificial intelligence; Modeling; Printing; Context; Visualization; Human in the loop; Biomarkers; Human factors; Stress; Writing,"Faculty of Computer and Mathematical Sciences, Universiti Teknologi MARA Johor Branch, Segamat Campus, Segamat, Johor, Malaysia","Faculty of Computer and Mathematical Sciences, Universiti Teknologi MARA Johor Branch, Segamat Campus, Segamat, Johor, Malaysia",,Conference Paper,0,IEEE Xplore,I446
"Nnadi, Leonard Chukwualuka; Isiwu, Chukwuemeka Paul; Ding, Dake; Muepu, Daniel M.; Watanobe, Yutaka","Nnadi, Leonard Chukwualuka; Isiwu, Chukwuemeka Paul; Ding, Dake; Muepu, Daniel M.; Watanobe, Yutaka","Multi-Level Explainable AI for Predicting Student Depression Risk: Global, Subgroup, and Individual Insights",2026,IEEE Access,10.1109/ACCESS.2026.3652631,https://ieeexplore.ieee.org/document/11345125/,,explainable ai; student depression prediction; SHAP; hierarchical LIME (H-LIME); counterfactual explanations; educational data mining,Mental health; Depression; Explainable AI; Predictive models; Education; Machine learning; Surveys; Ethics; Biological system modeling; Urban areas,"Department of Computer Science and Engineering, The University of Aizu, Aizuwakamatsu, Fukushima, Japan","Department of Computer Science and Engineering, The University of Aizu, Aizuwakamatsu, Fukushima, Japan",,Article,7,IEEE Xplore,I447
"Zhao, Boyao; Zhang, Zhe; Chen, Wen; Han, Buxin","Zhao, Boyao; Zhang, Zhe; Chen, Wen; Han, Buxin",Design for Psychology Drawing Course Based on Computer Vision,2024,2024 13th International Conference on Educational and Information Technology (ICEIT),10.1109/ICEIT61397.2024.10540705,https://ieeexplore.ieee.org/document/10540705/,,mental health; psychological course; drawing test; computer vision; feature extraction,Employee welfare; Computer vision; Education; Mental health; Data mining; Information technology; Artificial intelligence,"Department of Psychology, CAS Key Laboratory of Mental Health, Institute of Psychology, University of Chinese Academy of Sciences, Beijing, China; Hexi District Nankaixiangyu School, Tianjin, China; School of Literature and Journalism Sichuan University, Chengdu, China","Department of Psychology, CAS Key Laboratory of Mental Health, Institute of Psychology, University of Chinese Academy of Sciences, Beijing, China; Hexi District Nankaixiangyu School, Tianjin, China; School of Literature and Journalism Sichuan University, Chengdu, China",,Conference Paper,0,IEEE Xplore,I448
"Syeed, Md. Shahriar; Prodhan, Md. Sakib; Shams, Shamsuzzaman; Seraj, Mohammad; Syfullah, Md. Khalid","Syeed, Md. Shahriar; Prodhan, Md. Sakib; Shams, Shamsuzzaman; Seraj, Mohammad; Syfullah, Md. Khalid",Automated Depression Detection Among Bangladeshi University Students: A Machine Learning Approach with Cultural Adaptation,2025,"2025 International Conference on Quantum Photonics, Artificial Intelligence, and Networking (QPAIN)",10.1109/QPAIN66474.2025.11171715,https://ieeexplore.ieee.org/document/11171715/,,Depression Detection; Machine Learning; Neural Networks; random forests; Early Intervention of Mental Illness,Surveys; Accuracy; Neural networks; Mental health; Medical services; Depression; Data augmentation; User experience; Cultural differences; Random forests,"Department of CSE, Bangladesh Army University of Science and Technology (BAUST), Saidpur, Bangladesh","Department of CSE, Bangladesh Army University of Science and Technology (BAUST), Saidpur, Bangladesh",,Conference Paper,0,IEEE Xplore,I449
"Ramzan, Hafiz Arslan; Haq, Muhammad Arslan Ul; Sehar, Maria; Rauf, Minahil; Adnan, Muhammad; Ramzan, Sadia","Ramzan, Hafiz Arslan; Haq, Muhammad Arslan Ul; Sehar, Maria; Rauf, Minahil; Adnan, Muhammad; Ramzan, Sadia",Stress and Anxiety Level Prediction in Students Using Psychological Metrics and Machine Learning Techniques,2025,2025 5th International Conference on Digital Futures and Transformative Technologies (ICoDT2),10.1109/ICoDT269104.2025.11360699,https://ieeexplore.ieee.org/document/11360699/,,Student Stress Prediction; Anxiety Level; Machine Learning; Correlation Analysis; Mental Health,Analytical models; Correlation; Accuracy; Anxiety disorders; Mental health; Pressing; Depression; Decision trees; Principal component analysis; Load modeling,"School of Electrical Engineering and Computer Science, National University of Science and Technology, Islamabad, Pakistan; Department of Computer Engineering, Middle East Technical University Northern Cyprus Campus, Güzelyurt, Turkey; Institute of Computer and Software Engineering, Khwaja Fareed University of Engineering and IT, Rahim Yar Khan, Pakistan; Department of Computer Science, National University of Computer and Emerging Sciences, Faisalabad-Chiniot, Pakistan","School of Electrical Engineering and Computer Science, National University of Science and Technology, Islamabad, Pakistan; Department of Computer Engineering, Middle East Technical University Northern Cyprus Campus, Güzelyurt, Turkey; Institute of Computer and Software Engineering, Khwaja Fareed University of Engineering and IT, Rahim Yar Khan, Pakistan; Department of Computer Science, National University of Computer and Emerging Sciences, Faisalabad-Chiniot, Pakistan",,Conference Paper,0,IEEE Xplore,I451
"Rahunathan, L.; A, Suhana Nafais; G, Arun; P, Ragu; S, Satish L; N, Srisakthi V","Rahunathan, L.; A, Suhana Nafais; G, Arun; P, Ragu; S, Satish L; N, Srisakthi V",Machine Learning Model for Student Stress Level Prediction,2025,2025 4th OPJU International Technology Conference (OTCON) on Smart Computing for Innovation and Advancement in Industry 5.0,10.1109/OTCON65728.2025.11070804,https://ieeexplore.ieee.org/document/11070804/,,Stress; PSS; DASS-21 Scale; Classification; Accuracy,Surveys; Technological innovation; Machine learning algorithms; Accuracy; Anxiety disorders; Human factors; Nearest neighbor methods; Prediction algorithms; Bayes methods; Classification algorithms,"Department of Computer Applications, Kongu Engineering College, Perundurai, Tamil Nadu, India; Department of Computer Applications, Sona College of Technology, Tamil Nadu, India; Department of Computer Science and Engineering, School of Computing Vel Tech Rangarajan Dr.Sagunthala, R & D Institute of Science and Technology, Chennai, Tamil Nadu, India","Department of Computer Applications, Kongu Engineering College, Perundurai, Tamil Nadu, India; Department of Computer Applications, Sona College of Technology, Tamil Nadu, India; Department of Computer Science and Engineering, School of Computing Vel Tech Rangarajan Dr.Sagunthala, R & D Institute of Science and Technology, Chennai, Tamil Nadu, India",,Conference Paper,2,IEEE Xplore,I452
"Hegde, Vinayak; Modi, Sowmya; Y., Poornashree; Singh, Prabhu Narayan; S., Pallavi M.","Hegde, Vinayak; Modi, Sowmya; Y., Poornashree; Singh, Prabhu Narayan; S., Pallavi M.",The Impact of Stress Among Students’ Academic Performance: A Quantitative Analysis,2025,2025 12th International Conference on Computing for Sustainable Global Development (INDIACom),10.23919/INDIACom66777.2025.11115441,https://ieeexplore.ieee.org/document/11115441/,,students stress; Predictive Modeling; Anxiety; Bullying; Higher Education,Correlation; Computational modeling; Education; Anxiety disorders; Human factors; Mental health; Predictive models; Environmental factors; Analysis of variance; Resilience,"Department of Computer Science, Amrita Vishwa Vidyapeetham, Mysuru, India; Amritakripa Hospital, Mysuru, India","Department of Computer Science, Amrita Vishwa Vidyapeetham, Mysuru, India; Amritakripa Hospital, Mysuru, India",,Conference Paper,0,IEEE Xplore,I453
"Hsu, Abigail","Hsu, Abigail",Quantifying Exam Stress Progressions Using Electrodermal Activity and Machine Learning,2023,2023 IEEE 23rd International Conference on Bioinformatics and Bioengineering (BIBE),10.1109/BIBE60311.2023.00077,https://ieeexplore.ieee.org/document/10431904/,,Physiological signals; wearable devices; signal processing; stress detection; electrodermal activity; skin conductance; machine learning; time-series segmentation,Support vector machines; Performance evaluation; Machine learning; Mental health; Physiology; Wearable devices; Regression tree analysis,"Cambridge Centre of International Research, University of Cambridge, New Jersey, United States of America","Cambridge Centre of International Research, University of Cambridge, New Jersey, United States of America",,Conference Paper,3,IEEE Xplore,I454
"Faizan, Ruby; Dhyani, Saurabh; Yamsani, Nagendar; Yadav, Kamesh; Saini, Manisha; Rawat, Divya","Faizan, Ruby; Dhyani, Saurabh; Yamsani, Nagendar; Yadav, Kamesh; Saini, Manisha; Rawat, Divya",Optimized Stacking Model for Stress Prediction Among College Students Using DASS-21,2026,"2026 International Conference on Computing, Sciences and Communications (ICCSC)",10.1109/ICCSC67078.2026.11468626,https://ieeexplore.ieee.org/document/11468626/,,Stress; Mental Health; Students; support vector machines; random forests,Feedback; Circuits; Internet; Protocols; Communication systems; Computer networks; HTTP; Receivers; Mobile handsets; Radio frequency,"Uttaranchal School of Computing Sciences, Uttaranchal University, Dehradun, Uttarakhand; School of Computer Science and Artificial Intelligence, SR University, Warangal, India","Uttaranchal School of Computing Sciences, Uttaranchal University, Dehradun, Uttarakhand; School of Computer Science and Artificial Intelligence, SR University, Warangal, India",,Conference Paper,0,IEEE Xplore,I456
"Tamsir, Irda Syahrani; Putrada, Aji Gautama; Wicaksono, Ryan Lingga","Tamsir, Irda Syahrani; Putrada, Aji Gautama; Wicaksono, Ryan Lingga",SHAP for Explainable AI in Using AdaBoost-Based Depression Detection on Academic Students,2025,2025 International Conference on Data Science and Its Applications (ICoDSA),10.1109/ICoDSA67155.2025.11157262,https://ieeexplore.ieee.org/document/11157262/,,adaptive boosting; depression detection; explainable ai; academic students; shapley additive explanations,Employee welfare; Adaptation models; Analytical models; Additives; Accuracy; Depression; Boosting; Reliability; Random forests; Overfitting,"School of Computing, Telkom University, Bandung, Indonesia","School of Computing, Telkom University, Bandung, Indonesia",,Conference Paper,1,IEEE Xplore,I457
"Dhanasekar, Varshaa; Preethi, Yenugu; S, Vishali; R, Praveen Joe I; M, Booma Poolan","Dhanasekar, Varshaa; Preethi, Yenugu; S, Vishali; R, Praveen Joe I; M, Booma Poolan",A Chatbot to promote Students Mental Health through Emotion Recognition,2021,2021 Third International Conference on Inventive Research in Computing Applications (ICIRCA),10.1109/ICIRCA51532.2021.9544838,https://ieeexplore.ieee.org/document/9544838/,,Text-based Emotion Recognition; DialogFlow; Rule-based Grammar Matching; Natural Language Processing; Intent Processing; Entity Extraction; Artificial Intelligence; Flutter; Google Cloud Platform; Python; Web Scraping,Emotion recognition; Social networking (online); Pandemics; Memory; Mental health; Chatbots; Internet,"Department of CSE, KCG College of Technology, Chennai, India; Asia Pacific University, Malaysia","Department of CSE, KCG College of Technology, Chennai, India; Asia Pacific University, Malaysia",,Conference Paper,34,IEEE Xplore,I458
"S, Ramamoorthy; Singh, Deepanshu; Kar, Shubham","S, Ramamoorthy; Singh, Deepanshu; Kar, Shubham",Yoga Recommendation System for the Mental Well-Being of Students using Machine Learning,2022,"2022 6th International Conference on Electronics, Communication and Aerospace Technology",10.1109/ICECA55336.2022.10009557,https://ieeexplore.ieee.org/document/10009557/,,Academic Stress; blood pressure; Machine Learning; stress Management; Yoga Recommendation System,COVID-19; Blogs; Human factors; Machine learning; Predictive models; Aerospace electronics; Aerodynamics,"Department of Computing Technologies, SRM Institute of Science and Technology, Chennai, India","Department of Computing Technologies, SRM Institute of Science and Technology, Chennai, India",,Conference Paper,7,IEEE Xplore,I460
"Chauhan, Kalpana; Pandey, Senam; Rastogi, Divya; Sharma, Aparna","Chauhan, Kalpana; Pandey, Senam; Rastogi, Divya; Sharma, Aparna",Hybrid Machine Learning Model for Assessing Stress Impact on Higher Education Student Performance,2025,2025 2nd International Conference on Advanced Computing and Emerging Technologies (ACET),10.1109/ACET67282.2025.11430378,https://ieeexplore.ieee.org/document/11430378/,,Higher Education; Machine Learning; Stress; Student Performance,Measurement; Computational modeling; Scalability; Education; Human factors; Machine learning; Mental health; Predictive models; Physiology; Real-time systems,"Dept of CSE, Centre for Promotion of Research, Graphic Era Hill University Bhimtal, Graphic Era(Deemed to be) University, Dehradun, Uttarakhand, India; Dept of School of Computing, Centre for Promotion of Research, Graphic Era Hill University Bhimtal, Graphic Era(Deemed to be) University, Dehradun, Uttarakhand, India; Dept of CSA, Sharda University, Greater Noida, India","Dept of CSE, Centre for Promotion of Research, Graphic Era Hill University Bhimtal, Graphic Era(Deemed to be) University, Dehradun, Uttarakhand, India; Dept of School of Computing, Centre for Promotion of Research, Graphic Era Hill University Bhimtal, Graphic Era(Deemed to be) University, Dehradun, Uttarakhand, India; Dept of CSA, Sharda University, Greater Noida, India",,Conference Paper,0,IEEE Xplore,I463
"Abinaya, M.; Vadivu, G.","Abinaya, M.; Vadivu, G.",Identification of Social Anxiety in High School: A Machine Learning Approaches to Real-Time Analysis of Student Characteristics,2024,IEEE Access,10.1109/ACCESS.2024.3407885,https://ieeexplore.ieee.org/document/10542951/,,Social phobia; real-time data analysis; machine learning; student characteristics; educational psychology; immersive technology therapy,Anxiety disorders; Surveys; Machine learning; Object recognition; Education; Reviews; Filling,"Department of Data Science and Business Systems, School of Computing, SRM Institute of Science and Technology, Kattankulathur, Chennai, India","Department of Data Science and Business Systems, School of Computing, SRM Institute of Science and Technology, Kattankulathur, Chennai, India",,Article,6,IEEE Xplore,I464
"Patel, Vaidehi; Jain, Adarsh; Mehta, Shivangi; Mandloi, Manish","Patel, Vaidehi; Jain, Adarsh; Mehta, Shivangi; Mandloi, Manish",A Comprehensive Model for Cognitive Stress Detection for College Students,2025,2025 IEEE International Conference on Interdisciplinary Approaches in Technology and Management for Social Innovation (IATMSI),10.1109/IATMSI64286.2025.10984743,https://ieeexplore.ieee.org/document/10984743/,,stress detection; machine learning; neural networks; algorithms,Training; Technological innovation; Accuracy; Machine learning algorithms; Human factors; Machine learning; Mental health; Feature extraction; Stability analysis; Thermal stability,"Department of ICT, Pandit Deendayal Energy University, Gandhinagar, Gujarat, India","Department of ICT, Pandit Deendayal Energy University, Gandhinagar, Gujarat, India",,Conference Paper,1,IEEE Xplore,I467
"Rashid, Sami; Badrul, Tasnuba; Rafid, Lishan; Setu, Jahanggir Hossain; Halder, Nabarun; Islam, Ashraful","Rashid, Sami; Badrul, Tasnuba; Rafid, Lishan; Setu, Jahanggir Hossain; Halder, Nabarun; Islam, Ashraful","Ensemble and Deep Learning Approaches for Automated Screening of Anxiety, Depression, and Burnout in Medical Student Populations",2024,2024 Advances in Science and Engineering Technology International Conferences (ASET),10.1109/ASET60340.2024.10708680,https://ieeexplore.ieee.org/document/10708680/,,anxiety; depression; burnout; mental health; deep learning; machine learning; health,Deep learning; Computational modeling; Anxiety disorders; Mental health; Artificial neural networks; Predictive models; Depression; Feature extraction; Medical diagnostic imaging; Random forests,"CCDS Independent University Bangladesh, Dhaka, Bangladesh","CCDS Independent University Bangladesh, Dhaka, Bangladesh",,Conference Paper,3,IEEE Xplore,I468
"Ge, Xiongrui; Chen, Zhong; Li, Lin; Long, Qingchan; Yuan, Zhaohui","Ge, Xiongrui; Chen, Zhong; Li, Lin; Long, Qingchan; Yuan, Zhaohui",Monintoring Student Depression by Mobile Devices with Autoencoder Networks,2023,"2023 3rd International Conference on Neural Networks, Information and Communication Engineering (NNICE)",10.1109/NNICE58320.2023.10105715,https://ieeexplore.ieee.org/document/10105715/,,Mental health; smartphones; Machine learning; Feature extration,COVID-19; Performance evaluation; Mental health; Predictive models; Feature extraction; Particle measurements; Behavioral sciences,"School of Software, East China Jiaotong University, Nanchang, China","School of Software, East China Jiaotong University, Nanchang, China",,Conference Paper,1,IEEE Xplore,I470
"Wang, Qiuyue; Gong, Chao","Wang, Qiuyue; Gong, Chao",Study on College Students’ Psychological Health Service System Design Based on Artificial Intelligence Techonology,2021,2021 2nd International Conference on Intelligent Design (ICID),10.1109/ICID54526.2021.00040,https://ieeexplore.ieee.org/document/9681518/,,artificial intelligence; college; psycholoogical health; service system,Data privacy; Psychology; Analytic hierarchy process; Predictive models; Artificial intelligence; Interviews; System analysis and design,"School of Design and Arts Beijing Institute of Technology, Beijing, China","School of Design and Arts Beijing Institute of Technology, Beijing, China",,Conference Paper,0,IEEE Xplore,I471
"Dharaneedharan, S.; Dhivakar, S.; Sibidharan, S.; Renukadevi, N. T.","Dharaneedharan, S.; Dhivakar, S.; Sibidharan, S.; Renukadevi, N. T.",Analysis of Students Stress Level using Machine Learning Algorithms,2025,2025 5th International Conference on Expert Clouds and Applications (ICOECA),10.1109/ICOECA66273.2025.00160,https://ieeexplore.ieee.org/document/11114002/,,Stress; prediction; machine learning; histopathology; support vector machines; random forests; artificial neural networks; boosting,Support vector machines; Accuracy; Social networking (online); Human factors; Artificial neural networks; Mental health; Boosting; Decision trees; Wearable devices; Random forests,"Department of CT-UG, Kongu Engineering College","Department of CT-UG, Kongu Engineering College",,Conference Paper,1,IEEE Xplore,I472
"He, Maxine; Cerna, Jonathan; Alkurdi, Abdul; Dogan, Ayse; Zhao, Jennifer; Clore, Jean L.; Sowers, Richard; Hsiao-Wecksler, Elizabeth T.; Hernandez, Manuel E.","He, Maxine; Cerna, Jonathan; Alkurdi, Abdul; Dogan, Ayse; Zhao, Jennifer; Clore, Jean L.; Sowers, Richard; Hsiao-Wecksler, Elizabeth T.; Hernandez, Manuel E.","Physical, Social and Cognitive Stressor Identification using Electrocardiography-derived Features and Machine Learning from a Wearable Device",2024,2024 46th Annual International Conference of the IEEE Engineering in Medicine and Biology Society (EMBC),10.1109/EMBC53108.2024.10782654,https://ieeexplore.ieee.org/document/10782654/,,Wearables; mental health; machine learning,Performance evaluation; Support vector machines; Accuracy; Anxiety disorders; Machine learning; Mental health; Object recognition; Wearable devices; Heart rate variability; Monitoring,,,,Conference Paper,6,IEEE Xplore,I475
"Puente, Gabriel De la; Silva, Alejandro; Felix, Rosa","Puente, Gabriel De la; Silva, Alejandro; Felix, Rosa",Development of a Chatbot Powered by Artificial Intelligence to Diagnose and Improve Stress and Anxiety Levels in University Students,2024,"2024 IEEE XXXI International Conference on Electronics, Electrical Engineering and Computing (INTERCON)",10.1109/INTERCON63140.2024.10833503,https://ieeexplore.ieee.org/document/10833503/,,artificial intelligence; chatbots; large language models; Cognitive Behavioral Therapy (CBT); Anxiety; Stress,Surveys; Anxiety disorders; Medical treatment; Mental health; Chatbots; Information age; Usability; Artificial intelligence; Optimization; Stress measurement,"Facultad de Ingeniería, Universidad Peruana de Ciencias Aplicadas, Lima, Peru","Facultad de Ingeniería, Universidad Peruana de Ciencias Aplicadas, Lima, Peru",,Conference Paper,5,IEEE Xplore,I476
"Satpute, Babasaheb S.; Rahane, Wasudeo P.; Bharati, Rajesh","Satpute, Babasaheb S.; Rahane, Wasudeo P.; Bharati, Rajesh",Examining Social Media Posts for Identification of Anxiety and Depression Utilizing Machine Learning Techniques,2023,2023 3rd International Conference on Technological Advancements in Computational Sciences (ICTACS),10.1109/ICTACS59847.2023.10390499,https://ieeexplore.ieee.org/document/10390499/,,Social media; artificial intelligence; machine learning; mental health; depression and anxiety,Social networking (online); Anxiety disorders; Mental health; Depression; Feature extraction; Software; Monitoring,"Dept. of Computer Science and Engg., School of Engg. & Technology, JAIN (Deemed to be University), Bangalore, India; Dept. of Information Technology, STES's NBN Sinhgad School of Engg., Pune, India; Dept. of Computer Engg., Dr. D.Y. Patil Institute of Technology, Pune, India","Dept. of Computer Science and Engg., School of Engg. & Technology, JAIN (Deemed to be University), Bangalore, India; Dept. of Information Technology, STES's NBN Sinhgad School of Engg., Pune, India; Dept. of Computer Engg., Dr. D.Y. Patil Institute of Technology, Pune, India",,Conference Paper,1,IEEE Xplore,I479
"Welarathna, Janidu Himansa; Nallaperunma, Pubudu; Fernando, Gayana","Welarathna, Janidu Himansa; Nallaperunma, Pubudu; Fernando, Gayana",Speech and Text Based Students' Mental Health Detection System Using Natural Language Processing with Explainable Ai,2026,2026 6th International Conference on Advanced Research in Computing (ICARC),10.1109/ICARC68737.2026.11453656,https://ieeexplore.ieee.org/document/11453656/,,speech emotion recognition; natural language processing; explainable AI; mental health; student wellness,Emotion recognition; Analytical models; Accuracy; Explainable AI; Computational modeling; Mental health; Computer architecture; Natural language processing; Speech processing; Classification tree analysis,"Bachelor of Software Engineering, University of Bedfordshire, Luton, United Kingdom; SLIIT CITY UNI, Colombo","Bachelor of Software Engineering, University of Bedfordshire, Luton, United Kingdom; SLIIT CITY UNI, Colombo",,Conference Paper,0,IEEE Xplore,I480
"Gamage, Madhuransi Agrahere; Arachchi, Ranruwini Matara; Naotunna, Sawandi; Rubasinghe, Tharushi; Silva, Chamari; Siriwardana, Samanthi","Gamage, Madhuransi Agrahere; Arachchi, Ranruwini Matara; Naotunna, Sawandi; Rubasinghe, Tharushi; Silva, Chamari; Siriwardana, Samanthi",Academic Depression Detection Using Behavioral Aspects for Sri Lankan University Students,2021,2021 3rd International Conference on Advancements in Computing (ICAC),10.1109/ICAC54203.2021.9671214,https://ieeexplore.ieee.org/document/9671214/,,behaviors; general appearance; image processing; machine learning; depression detection,Heart rate; Visualization; Sleep; Psychology; Depression; Planning; Mobile applications,"Department of Computer Science and Software Engineering, Sri Lanka Institute of Information Technology, Malabe, Sri Lanka; Department of Information Technology, Sri Lanka Institute of Information Technology, Malabe, Sri Lanka","Department of Computer Science and Software Engineering, Sri Lanka Institute of Information Technology, Malabe, Sri Lanka; Department of Information Technology, Sri Lanka Institute of Information Technology, Malabe, Sri Lanka",,Conference Paper,3,IEEE Xplore,I481
"Reddy, L. Jyoti; Yadav, Kamlesh Kumar; Tandi, Moti Ranjan; Hegde, Nagaratna P; Mondal, Soumitra; Perada, Anvesh","Reddy, L. Jyoti; Yadav, Kamlesh Kumar; Tandi, Moti Ranjan; Hegde, Nagaratna P; Mondal, Soumitra; Perada, Anvesh",Fuzzy Logic–SVM Framework for Stress Detection and Academic Risk Prediction among Social Media-Affected Students in Higher Education,2025,2025 IEEE 2nd International Conference for Women in Computing (InCoWoCo),10.1109/InCoWoCo68239.2025.11406956,https://ieeexplore.ieee.org/document/11406956/,,Term Frequency (TF); Inverse Document Frequency (IDF); electroencephalography,Training; Accuracy; Uncertainty; Social networking (online); Human factors; Feature extraction; Brain modeling; Data models; Physiology; Reliability,"Department of Psychology, Kalinga University, Raipur, Chhattisgarh, India; Department of Computer Science and Information Technology, Kalinga University, Raipur, Chhattisgarh, India; Department of CSE, Vasavi College of Engineering, Hyderabad, Telangana, India; Department of B.Ed., Subhas Chandra Basu B.Ed. Training College, Affiliated to Baba Saheb Ambedkar Education University, West Bengal, India; Department of Psychology, JAIN (Deemed-to-be University), Bengaluru, Karnataka, India","Department of Psychology, Kalinga University, Raipur, Chhattisgarh, India; Department of Computer Science and Information Technology, Kalinga University, Raipur, Chhattisgarh, India; Department of CSE, Vasavi College of Engineering, Hyderabad, Telangana, India; Department of B.Ed., Subhas Chandra Basu B.Ed. Training College, Affiliated to Baba Saheb Ambedkar Education University, West Bengal, India; Department of Psychology, JAIN (Deemed-to-be University), Bengaluru, Karnataka, India",,Conference Paper,0,IEEE Xplore,I483
"Manoj, Praseeda; Nair, Sarachandran; Krishnan, Reshmy; Bulushi, Yahya Al; Salmani, Khalid Al; Lakshmi, M.","Manoj, Praseeda; Nair, Sarachandran; Krishnan, Reshmy; Bulushi, Yahya Al; Salmani, Khalid Al; Lakshmi, M.",Performance Analysis of Bi-LSTM and Other Deep Learning Models for Predicting Anxiety and Depression Among Undergraduate Students,2026,2026 International Conference on Smart Futuristic Technology,10.1109/ICSFT66733.2026.11507642,https://ieeexplore.ieee.org/document/11507642/,,Mental Health; bidirectional long short term memory; long short term memory; convolutional neural networks; RNN; HADs; Anxiety; Depression,Modeling; Long short term memory; Convolutional neural networks; Depression; Bidirectional long short term memory; Recurrent neural networks; Deep learning; Bismuth; Business intelligence; Mental health,"Department of Computing, Muscat College, Muscat, Oman; Networking & Communications, SRM Institute of Science and Technology, Tamilnadu, India","Department of Computing, Muscat College, Muscat, Oman; Networking & Communications, SRM Institute of Science and Technology, Tamilnadu, India",,Conference Paper,0,IEEE Xplore,I486
"Jecintha, P; Jayakarthik, R.; Thangamma, N.G.","Jecintha, P; Jayakarthik, R.; Thangamma, N.G.",Prediction of Student Social Media Addiction Using a Convolutional Recurrent Neural Network,2025,2025 6th International Conference on Data Intelligence and Cognitive Informatics (ICDICI),10.1109/ICDICI66477.2025.11135159,https://ieeexplore.ieee.org/document/11135159/,,social media; students; machine learning; social media addiction; Z-score normalization; SVR; CRNN,Support vector machines; Accuracy; Recurrent neural networks; Systematics; Social networking (online); Addiction; Computational modeling; User-generated content; Machine learning; Feature extraction,"Department of Computer Science, SIMATS, Chennai, India; Department of Computer Science, St. Joseph's College (Arts & Science), Chennai, India","Department of Computer Science, SIMATS, Chennai, India; Department of Computer Science, St. Joseph's College (Arts & Science), Chennai, India",,Conference Paper,1,IEEE Xplore,I487
"Hu, Shan","Hu, Shan",Research and Practice of College Students' Psychological Test System Based on Apriori Algorithm,2022,"2022 IEEE Asia-Pacific Conference on Image Processing, Electronics and Computers (IPEC)",10.1109/IPEC54454.2022.9777563,https://ieeexplore.ieee.org/document/9777563/,,Apriori Algorithm; Psychological Test; System Design; Test Process; Test Scaling in Psychology,Resistance; Learning systems; Time-frequency analysis; Correlation; Systematics; Psychology; Media,"College of Educational Science, Bohai University, Jinzhou, China","College of Educational Science, Bohai University, Jinzhou, China",,Conference Paper,0,IEEE Xplore,I488
"Fung, Yin-Chun; Lee, Lap-Kei; Cheng, Tsz-Chun; Li, Chak-Fung; Wong, Vincent Chun-Kiu; Wu, Nga-In","Fung, Yin-Chun; Lee, Lap-Kei; Cheng, Tsz-Chun; Li, Chak-Fung; Wong, Vincent Chun-Kiu; Wu, Nga-In",CanChat: A Cantonese Empathetic Chatbot for Secondary School Student Counseling,2023,2023 International Symposium on Educational Technology (ISET),10.1109/ISET58841.2023.00041,https://ieeexplore.ieee.org/document/10361241/,,natural language processing; chatbots; user experience; secondary student counseling; Cantonese,Employee welfare; COVID-19; Pandemics; Oral communication; Mental health; Educational technology; Chatbots,"School of Science and Technology, Hong Kong Metropolitan University, Hong Kong, China; College of Professional and Continuing Education, The Hong Kong Polytechnic University, Hong Kong, China","School of Science and Technology, Hong Kong Metropolitan University, Hong Kong, China; College of Professional and Continuing Education, The Hong Kong Polytechnic University, Hong Kong, China",,Conference Paper,2,IEEE Xplore,I491
"Lim, Amy Hui-Lan; Chua, Fang-Fang; Oi, Zhen Fan","Lim, Amy Hui-Lan; Chua, Fang-Fang; Oi, Zhen Fan",Exploring the Relationship Between Happiness and Academic Achievements Among East Asian Students,2024,2024 16th International Conference on Knowledge and System Engineering (KSE),10.1109/KSE63888.2024.11063613,https://ieeexplore.ieee.org/document/11063613/,,academic performance; PISA; East Asian students; happiness; exploratory study; data extraction and integration,Knowledge engineering; Hands; Correlation; Data analysis; Generative AI; Asia; Systems engineering and theory; Knowledge management; Data mining,"Faculty of Computing and Informatics, Multimedia University, Cyberjaya, Malaysia","Faculty of Computing and Informatics, Multimedia University, Cyberjaya, Malaysia",,Conference Paper,1,IEEE Xplore,I492
"Prathima, Ch.; Shashidhar, M.; Pallavi, Gurram; Sohail, Kurnool Sadiq; Basha, Syed Ehsanulla; Priya, Kalicheti Madhu","Prathima, Ch.; Shashidhar, M.; Pallavi, Gurram; Sohail, Kurnool Sadiq; Basha, Syed Ehsanulla; Priya, Kalicheti Madhu",A Machine Learning Approach on Multimedia Data for Predicting Student Anxiety,2025,"2025 7th International Conference on Signal Processing, Computing and Control (ISPCC)",10.1109/ISPCC66872.2025.11039538,https://ieeexplore.ieee.org/document/11039538/,,Student anxiety; machine learning; multimedia data; deep learning; convolutional neural networks; VGG16; AlexNet; GoogLeNet; natural language processing; early intervention,Deep learning; Analytical models; Accuracy; Social networking (online); Anxiety disorders; Mental health; Streaming media; Data models; Convolutional neural networks; Videos,"Mohan Babu University Erstwhile A. Rangampeta, Tirupati, India; G. Pulla Reddy Engineering College, Kurnool, India; Sree Vidyanikethan Engineering College, Tirupati, India","Mohan Babu University Erstwhile A. Rangampeta, Tirupati, India; G. Pulla Reddy Engineering College, Kurnool, India; Sree Vidyanikethan Engineering College, Tirupati, India",,Conference Paper,1,IEEE Xplore,I493
"Patil, Swati; Mirajkar, Sanskruti; Modekar, Darshan; Kanthi, Shraman; Somannavar, Neelam; Madiwalar, Shweta","Patil, Swati; Mirajkar, Sanskruti; Modekar, Darshan; Kanthi, Shraman; Somannavar, Neelam; Madiwalar, Shweta",Anxiety Prediction of Student Behaviour Based on Day to Day Life,2025,2025 6th International Conference for Emerging Technology (INCET),10.1109/INCET64471.2025.11140454,https://ieeexplore.ieee.org/document/11140454/,,anxiety; k-nearest neighbors; Logistic Regression; Naive Bayes,Logistic regression; Accuracy; Machine learning algorithms; Scholarships; Anxiety disorders; Predictive models; Real-time systems; Bayes methods; Reliability; Wearable devices,"Electronics and Communication, KLE Technological University, Belgaum, India","Electronics and Communication, KLE Technological University, Belgaum, India",,Conference Paper,1,IEEE Xplore,I497
"Khan, Asif; Siddiqui, Mohammad Atif","Khan, Asif; Siddiqui, Mohammad Atif",Evaluation of Emotional Intelligence for Academic Stress Analysis,2024,"2024 8th International Conference on I-SMAC (IoT in Social, Mobile, Analytics and Cloud) (I-SMAC)",10.1109/I-SMAC61858.2024.10714777,https://ieeexplore.ieee.org/document/10714777/,,,Mental health; Real-time systems; Artificial intelligence; Resilience; Strain,"Department of Computer Application, Integral Robotics Lab, Integral University, Lucknow, India; Department of Electrical Engineering, Integral Robotics Lab, Integral University, Lucknow, India","Department of Computer Application, Integral Robotics Lab, Integral University, Lucknow, India; Department of Electrical Engineering, Integral Robotics Lab, Integral University, Lucknow, India",,Conference Paper,4,IEEE Xplore,I500
"Putri, Dwi Ismiyana; Putra, Mardi Yudhi; Alfian, Ari Nurul; Arifin, Rita Wahyuni; Shadiq, Jafar; Indaryani, Putri","Putri, Dwi Ismiyana; Putra, Mardi Yudhi; Alfian, Ari Nurul; Arifin, Rita Wahyuni; Shadiq, Jafar; Indaryani, Putri",Machine Learning Models for Student Stress and Academic Performance Prediction: A Systematic Literature Review,2025,2025 Tenth International Conference on Informatics and Computing (ICIC),10.1109/ICIC68054.2025.11309547,https://ieeexplore.ieee.org/document/11309547/,,Stress prediction; Academic performance; Machine learning; Systematic Literature Review; PRISMA,Support vector machines; Explainable AI; Biological system modeling; Human factors; Predictive models; Prediction algorithms; Data models; Tokenization; Optimization; Systematic literature review,"Software Engineering, Faculty of Informatics and Design, Bina Insani University, Bekasi, Indonesia; Information Management, Faculty of Informatics and Design, Bina Insani University, Bekasi, Indonesia; Informatic Engineering, Faculty of Informatics and Design, Bina Insani University, Bekasi, Indonesia; Information System, Faculty of Informatics and Design, Bina Insani University, Bekasi, Indonesia","Software Engineering, Faculty of Informatics and Design, Bina Insani University, Bekasi, Indonesia; Information Management, Faculty of Informatics and Design, Bina Insani University, Bekasi, Indonesia; Informatic Engineering, Faculty of Informatics and Design, Bina Insani University, Bekasi, Indonesia; Information System, Faculty of Informatics and Design, Bina Insani University, Bekasi, Indonesia",,Conference Paper,1,IEEE Xplore,I501
"Rodarte, José G. González; Mauricio-González, Alejandro; Martinez-Fierro, Margarita L.","Rodarte, José G. González; Mauricio-González, Alejandro; Martinez-Fierro, Margarita L.",Detection of Suicidal Behaviors in Medical Students Using Machine Learning Techniques,2025,2025 Mexican International Conference on Computer Science (ENC),10.1109/ENC68268.2025.11311893,https://ieeexplore.ieee.org/document/11311893/,,suicidal behaviors; medical students; machine learning; support vector machines; random forests,Support vector machines; Machine learning algorithms; Instruments; Anxiety disorders; Education; Organizations; Vectors; Encoding; Socioeconomics; Random forests,"Academic Unit of Electrical Engineering, Universidad Autónoma de Zacatecas, Zacatecas, Zac., Mexico; Molecular Medicine Laboratory, Academic Unit of Human Medicine and Health Sciences, Universidad Autónoma de Zacatecas, Zacatecas, Zac., Mexico","Academic Unit of Electrical Engineering, Universidad Autónoma de Zacatecas, Zacatecas, Zac., Mexico; Molecular Medicine Laboratory, Academic Unit of Human Medicine and Health Sciences, Universidad Autónoma de Zacatecas, Zacatecas, Zac., Mexico",,Conference Paper,0,IEEE Xplore,I503
"Fatahi, Mohammad; Alizadeh, Masoud; Moshiri, Behzad","Fatahi, Mohammad; Alizadeh, Masoud; Moshiri, Behzad",A Novel Model for Student's Mental Health Monitoring Based on Hard and Soft Data Fusion,2023,2023 31st International Conference on Electrical Engineering (ICEE),10.1109/ICEE59167.2023.10334908,https://ieeexplore.ieee.org/document/10334908/,,Speech Emotion Recognition; Hard and Soft Data Fusion; CNN-LSTM; Dempster-Shafer Theory; Mental Health Monitoring,Electrical engineering; Emotion recognition; Social networking (online); Soft sensors; Mental health; Speech recognition; Probability,"School of Electrical and Computer Engineering, University of Tehran, Tehran, Iran","School of Electrical and Computer Engineering, University of Tehran, Tehran, Iran",,Conference Paper,1,IEEE Xplore,I506
"Rahman, Afia; Ananna, Anjuman Ara; Fahad, Shekh; Mia, Md. Solaiman","Rahman, Afia; Ananna, Anjuman Ara; Fahad, Shekh; Mia, Md. Solaiman",Prediction of Depression and Anxiety on University Students in Bangladesh Using Machine Learning,2023,2023 5th International Conference on Sustainable Technologies for Industry 5.0 (STI),10.1109/STI59863.2023.10465126,https://ieeexplore.ieee.org/document/10465126/,,Depression and Anxiety Prediction; Machine Learning; Classification,Training; Analytical models; Anxiety disorders; Stacking; Mental health; Predictive models; Depression,"Department of Computer Science and Engineering, Green University of Bangladesh, Bangladesh","Department of Computer Science and Engineering, Green University of Bangladesh, Bangladesh",,Conference Paper,6,IEEE Xplore,I507
"Parasar, Anuradha; N, Sujatha; Priya, Sweta; S, Pramod; Kumar, A. Sasi; Palanimuthu, Kogila","Parasar, Anuradha; N, Sujatha; Priya, Sweta; S, Pramod; Kumar, A. Sasi; Palanimuthu, Kogila",Machine Learning-Based Detection of Stress Levels in Students with Social Media Addiction,2025,2025 3rd International Conference on Integrated Circuits and Communication Systems (ICICACS),10.1109/ICICACS65178.2025.10968813,https://ieeexplore.ieee.org/document/10968813/,,social media; student stress prediction; graph convolutional network (GCN),Training; Radio frequency; Accuracy; Uncertainty; Social networking (online); Addiction; Human factors; Feature extraction; Integrated circuit modeling; Stress,"School of Liberal Education, Galgotias University, Dankaur, India; Department of Mathematics, B. M. S. College of Engineering, Bangalore, India; Amity School of Communication, Amity University, Patna, India; Department of Mathematics, Nitte Meenakshi Institute of Technology, Bangalore, India; Department of Computer Applications (BCA & MCA), School of Science and Computer Studies (SSCS), CMR University, Bangalore, India; Department of Pediatric and Child Health Nursing, Institute of Health Sciences, Dambi Dollo University, Kellam, Ethiopia","School of Liberal Education, Galgotias University, Dankaur, India; Department of Mathematics, B. M. S. College of Engineering, Bangalore, India; Amity School of Communication, Amity University, Patna, India; Department of Mathematics, Nitte Meenakshi Institute of Technology, Bangalore, India; Department of Computer Applications (BCA & MCA), School of Science and Computer Studies (SSCS), CMR University, Bangalore, India; Department of Pediatric and Child Health Nursing, Institute of Health Sciences, Dambi Dollo University, Kellam, Ethiopia",,Conference Paper,6,IEEE Xplore,I508
"Nishat, Mirza Muntasir; Mahbub, Md. Ashif; Ahmed, Ashik; Mamun, Md Abdullah Al","Nishat, Mirza Muntasir; Mahbub, Md. Ashif; Ahmed, Ashik; Mamun, Md Abdullah Al",Performance Assessment of Machine Learning Classifiers in Detecting Psychological Impact of Postgraduate Students due to COVID-19,2021,2021 6th IEEE International Conference on Recent Advances and Innovations in Engineering (ICRAIE),10.1109/ICRAIE52900.2021.9703997,https://ieeexplore.ieee.org/document/9703997/,,Machine Learning Algorithms; Multiclass Classification; COVID-19; Psychological Impact; Anxiety,COVID-19; Technological innovation; Machine learning algorithms; Uncertainty; Anxiety disorders; Mental health; Artificial neural networks,"Department of Electrical and Electronic Engineering, Islamic University of Technology, Dhaka, Bangladesh; Department of Technical and Vocational Education, Islamic University of Technology, Dhaka, Bangladesh","Department of Electrical and Electronic Engineering, Islamic University of Technology, Dhaka, Bangladesh; Department of Technical and Vocational Education, Islamic University of Technology, Dhaka, Bangladesh",,Conference Paper,2,IEEE Xplore,I511
"Rubio, Fernanda","Rubio, Fernanda",Machine Learning Models for Predicting Suicidal Ideation in University Students,2025,2025 15th IEEE International Conference on Pattern Recognition Systems (ICPRS),10.1109/ICPRS66293.2025.11302841,https://ieeexplore.ieee.org/document/11302841/,,Machine Learning; Suicidal Ideation; Feature Selection; Classification; Mental Health,Support vector machines; Logistic regression; Analytical models; Statistical analysis; Anxiety disorders; Mental health; Predictive models; Depression; Feature extraction; Data models,"Department of Informatics, Federico Santa María Technical University, Santiago, Chile","Department of Informatics, Federico Santa María Technical University, Santiago, Chile",,Conference Paper,0,IEEE Xplore,I514
"Putra, Rafif Radhitya; Wijaya, Dedy Rahman; Febiyanti, Widyantari; Ramadhana, Maulana Rezi","Putra, Rafif Radhitya; Wijaya, Dedy Rahman; Febiyanti, Widyantari; Ramadhana, Maulana Rezi",Student Stress Level Prediction using Voting Classifier based on Random Forest and XGBoost,2026,"2026 IEEE International Conference on Industry 4.0, Artificial Intelligence, and Communications Technology (IAICT)",10.1109/IAICT71158.2026.11620866,https://ieeexplore.ieee.org/document/11620866/,,student stress prediction; machine learning; ensemble learning; random forests; XGBoost; classification,Modeling; Human factors; Stress; Machine learning; Printing; Accuracy; Machining; Voting; Explainable AI; Mental health,"School of Applied Science, Telkom University, Bandung, Indonesia; Faculty of Communication and Social Sciences, Telkom University, Bandung, Indonesia","School of Applied Science, Telkom University, Bandung, Indonesia; Faculty of Communication and Social Sciences, Telkom University, Bandung, Indonesia",,Conference Paper,0,IEEE Xplore,I520
"S, Yalini; G, Anitha","S, Yalini; G, Anitha",Machine Learning Framework for Accurate Mental Stress Detection in University Students Using Random Forest Classification,2025,2025 International Conference on Emerging Technologies in Engineering Applications (ICETEA),10.1109/ICETEA64585.2025.11099999,https://ieeexplore.ieee.org/document/11099999/,,machine learning; random forests; feature extraction; data collection; accuracy; mental stress,Accuracy; Semantics; Mental health; Linguistics; Syntactics; Feature extraction; Transformers; Data models; Random forests; Standards,"Master of Computer Application, Karpagam academy of higher education, Coimbatore, India","Master of Computer Application, Karpagam academy of higher education, Coimbatore, India",,Conference Paper,0,IEEE Xplore,I521
"Mada, Mounika; Goel, Shivani","Mada, Mounika; Goel, Shivani",Explainable Student Stress Prediction using a Neuro-Symbolic Hybrid Learning Framework,2026,2026 4th International Conference on Sustainable Computing and Smart Systems (ICSCSS),10.1109/ICSCSS69635.2026.11645789,https://ieeexplore.ieee.org/document/11645789/,,student stress prediction; neuro-Symbolic AI; explainable ai; machine learning; rule-based reasoning,Human factors; Modeling; Stress; Machine learning; Printing; Equations; Cognition; Cognitive systems; Machining; Learning (artificial intelligence),"Department of CSE, School of CS & AI, SR University, Warangal, Telangana, India","Department of CSE, School of CS & AI, SR University, Warangal, Telangana, India",,Conference Paper,0,IEEE Xplore,I525
"Guo, Hanzhe; Zhang, Jiawen; Jiang, Yueyao; Qi, Yifei; Chen, Simeng; Chen, Zhen; Lin, Weiran; Cao, Junwei; Li, Shuangs hou","Guo, Hanzhe; Zhang, Jiawen; Jiang, Yueyao; Qi, Yifei; Chen, Simeng; Chen, Zhen; Lin, Weiran; Cao, Junwei; Li, Shuangs hou",EMO-Music: Emotion Recognition Based Music Therapy with Deep Learning on Physiological Signals,2024,"2024 IEEE First International Conference on Artificial Intelligence for Medicine, Health and Care (AIMHC)",10.1109/AIMHC59811.2024.00008,https://ieeexplore.ieee.org/document/10504354/,,Mental Health; Emotion Recognition; Music Therapy; Machine Learning; Deep learning; transformers,Emotion recognition; Wearable Health Monitoring Systems; Face recognition; Medical treatment; Psychology; Transforms; Human factors,"Department of Electronic Engineering, BNRist, Tsinghua University, Beijing, China; Department of Electronic Engineering, Tsinghua University, Beijing, China; Academy of Arts & Design, Tsinghua University, Beijing, China; School of Environment, Tsinghua University, Beijing, China; FITC, Tsinghua University, Beijing, China; BNRist, Tsinghua University, Beijing, China","Department of Electronic Engineering, BNRist, Tsinghua University, Beijing, China; Department of Electronic Engineering, Tsinghua University, Beijing, China; Academy of Arts & Design, Tsinghua University, Beijing, China; School of Environment, Tsinghua University, Beijing, China; FITC, Tsinghua University, Beijing, China; BNRist, Tsinghua University, Beijing, China",,Conference Paper,13,IEEE Xplore,I526
"Daniel, Jibrailu; Ishaya, Chahyaandida; Edward, Ndachimya Magaji; Augustine, Vimipwa; Bello, Yusuf Garga; Obadiah, Louis Adamu; Wilson, Suleiman; Musa, Zidon; Titus, Douglas Kilyobas","Daniel, Jibrailu; Ishaya, Chahyaandida; Edward, Ndachimya Magaji; Augustine, Vimipwa; Bello, Yusuf Garga; Obadiah, Louis Adamu; Wilson, Suleiman; Musa, Zidon; Titus, Douglas Kilyobas",Explainable Prediction of Daily Stress and Sleep Quality from Passive Smartphone Behavioral Sensing: A SHAP-Based Analysis of the StudentLife Dataset,2026,"2026 8th International Congress on Human-Computer Interaction, Optimization and Robotic Applications (ICHORA)",10.1109/ICHORA69329.2026.11537136,https://ieeexplore.ieee.org/document/11537136/,,sleep quality prediction; stress detection; passive sensing; machine learning; SHAP explainability; StudentLife; mobile health; Leave-One-Subject-Out cross-validation; negative result; personalized models,Modeling; Human factors; Stress; Sleep; Machine learning; Social networking (online); Machining; Printing; Educational institutions; Depression,"Computer Engineering Dept., Artificial Intelligence Engineering, Istanbul Okan University, Istanbul, Türkiye; Power Electronics and Clean Energy Systems Dept., Power Electronics and Clean Energy Systems, Istanbul Okan University, Istanbul, Türkiye; Data Analytics Dept., Data Analytics, Altinbas University, Istanbul, Türkiye","Computer Engineering Dept., Artificial Intelligence Engineering, Istanbul Okan University, Istanbul, Türkiye; Power Electronics and Clean Energy Systems Dept., Power Electronics and Clean Energy Systems, Istanbul Okan University, Istanbul, Türkiye; Data Analytics Dept., Data Analytics, Altinbas University, Istanbul, Türkiye",,Conference Paper,0,IEEE Xplore,I527
"Wen, Yi-Qi; Chen, Yi-Wen; Zhang, Yu-Ting","Wen, Yi-Qi; Chen, Yi-Wen; Zhang, Yu-Ting","Research on the Structural Relationship Between Parent-Child Relationship and the Usage of Smartphone, Academic Procrastination and Self-Esteem Based on Structural Equation Model Under the Background of Big Data",2022,"2022 3rd International Conference on Education, Knowledge and Information Management (ICEKIM)",10.1109/ICEKIM55072.2022.00113,https://ieeexplore.ieee.org/document/10027327/,,Parent-Child relationship; Big data; The usage of smartphone; Academic procrastination,Analytical models; Correlation; Education; Big Data; Mathematical models; Data models; Mobile handsets,"CAS Key Laboratory of Behavioral Science, Institute of Psychology, Beijing, China","CAS Key Laboratory of Behavioral Science, Institute of Psychology, Beijing, China",,Conference Paper,0,IEEE Xplore,I528
"Yang, Nian","Yang, Nian",Mining and Modeling Methods of Psychological Behavior Patterns based on Evolutionary Computation,2025,2025 International Conference on Intelligent Communication Networks and Computational Techniques (ICICNCT),10.1109/ICICNCT66124.2025.11232881,https://ieeexplore.ieee.org/document/11232881/,,psychological behavior pattern; evolutionary computation; genetic algorithm; differential evolution; deep neural network,Training; Accuracy; Sensitivity; Computational modeling; Artificial neural networks; Evolutionary computation; Feature extraction; Data models; Data mining; genetic algorithm,"Officers College of PAP, Chengdu, Sichuan, China","Officers College of PAP, Chengdu, Sichuan, China",,Conference Paper,0,IEEE Xplore,I530
"Nandanwar, Shreya; Godsundare, Sahil; Dubey, Yogita; Chakole, Megha; Fulzele, Punit","Nandanwar, Shreya; Godsundare, Sahil; Dubey, Yogita; Chakole, Megha; Fulzele, Punit",An Efficient and Explainable Model for Student Depression Classification using Boosting Algorithms,2025,2025 IEEE 6th Global Conference for Advancement in Technology (GCAT),10.1109/GCAT66372.2025.11368466,https://ieeexplore.ieee.org/document/11368466/,,student depression; classification; data balancing; boosting algorithms; explainable AI; SHAP; mental health detection,Surveys; Accuracy; Explainable AI; Mental health; Predictive models; Depression; Boosting; Prediction algorithms; Data models; Classification algorithms,"Department of Electronics and Telecommunication Engineering, Yeshwantrao Chavan College of Engineering, Nagpur, India; Directorate of Research and Innovation, SPDC Datta Meghe Institute of Higher Education and Research, Wardha, India","Department of Electronics and Telecommunication Engineering, Yeshwantrao Chavan College of Engineering, Nagpur, India; Directorate of Research and Innovation, SPDC Datta Meghe Institute of Higher Education and Research, Wardha, India",,Conference Paper,0,IEEE Xplore,I533
"Mazlan, Muhammad Rasydan Bin; Sukor, Abdul Syafiq Bin Abdull; Adom, Abdul Hamid Bin; Jamaluddin, Ruzita Binti; Awang, Saidatul Ardeenawatie Binti","Mazlan, Muhammad Rasydan Bin; Sukor, Abdul Syafiq Bin Abdull; Adom, Abdul Hamid Bin; Jamaluddin, Ruzita Binti; Awang, Saidatul Ardeenawatie Binti",Investigation of Different Classifiers for Stress Level Classification using PCA-Based Machine Learning Method,2023,2023 19th IEEE International Colloquium on Signal Processing & Its Applications (CSPA),10.1109/CSPA57446.2023.10087367,https://ieeexplore.ieee.org/document/10087367/,,mental health disorder; stress; machine learning; electroencephalography; dimensionality reduction; principal component analysis,Machine learning algorithms; Human factors; Machine learning; Mental health; Multilayer perceptrons; Electroencephalography; Clinical diagnosis,"Faculty of Electrical Engineering and Technology, Universiti Malaysia Perlis, Arau, Malaysia; Department of Psychiatrist and Mental Health, Tuanku Fauziah Hospital, Kangar, Malaysia","Faculty of Electrical Engineering and Technology, Universiti Malaysia Perlis, Arau, Malaysia; Department of Psychiatrist and Mental Health, Tuanku Fauziah Hospital, Kangar, Malaysia",,Conference Paper,10,IEEE Xplore,I538
"Salmani, Sakina; Desale, Purvesh; Anthony, Frank","Salmani, Sakina; Desale, Purvesh; Anthony, Frank",Analysis of Anxiety and Depression in Gaming Individuals,2021,2021 International Conference on Communication information and Computing Technology (ICCICT),10.1109/ICCICT50803.2021.9510061,https://ieeexplore.ieee.org/document/9510061/,,Anxiety and Depression prediction; k-nearest neighbors; random forests; Mental health; Machine learning; Gaming,Computers; Measurement uncertainty; Games; Mental health; Forestry; Depression; Time measurement,"Sardar Patel Institute of Technology, Andheri, Mumbai","Sardar Patel Institute of Technology, Andheri, Mumbai",,Conference Paper,1,IEEE Xplore,I539
"Raian, Abdullah; Ayon, Shahriar Siddique; Rajbongshi, Aditya; Arafin, B. M. Mredul; Islam, Farhana; Sheikh, Rubel","Raian, Abdullah; Ayon, Shahriar Siddique; Rajbongshi, Aditya; Arafin, B. M. Mredul; Islam, Farhana; Sheikh, Rubel",Stress Prediction Among University Students Using Swarm Intelligence and Explainable AI,2025,"2025 IEEE 2nd International Conference on Computing, Applications and Systems (COMPAS)",10.1109/COMPAS67506.2025.11381840,https://ieeexplore.ieee.org/document/11381840/,,Stress Prediction; Machine Learning; Swarm Intelligence; Artificial Bee Colony; Explainable AI; LIME,Explainable AI; Human factors; Mental health; Predictive models; Feature extraction; Swarm intelligence; Optimization; Frequency control; Stress measurement; Principal component analysis,"Dept. of Educational Technology and Engineering, University of Frontier Technology, Bangladesh, Gazipur, Bangladesh; Dept. of Computer Science, American International University-Bangladesh, Dhaka, Bangladesh; Dept. of Computer Science and Engineering, Southeast University, Dhaka, Bangladesh","Dept. of Educational Technology and Engineering, University of Frontier Technology, Bangladesh, Gazipur, Bangladesh; Dept. of Computer Science, American International University-Bangladesh, Dhaka, Bangladesh; Dept. of Computer Science and Engineering, Southeast University, Dhaka, Bangladesh",,Conference Paper,0,IEEE Xplore,I541
"Corbett, Sarah; Rossberg, Nicola; Qirtas, Malik Muhammad; Visentin, Andrea","Corbett, Sarah; Rossberg, Nicola; Qirtas, Malik Muhammad; Visentin, Andrea",Predicting Daily Depression Scores Using Passive Sensing: A Behaviour-Aware Approach to Missing Value Handling,2025,2025 IEEE International Conference on Smart Computing (SMARTCOMP),10.1109/SMARTCOMP65954.2025.00077,https://ieeexplore.ieee.org/document/11058637/,,depression; passive sensing; sensors; machine learning,Interpolation; Pipelines; Mental health; Machine learning; Predictive models; Depression; Real-time systems; Monitoring; Wearable sensors; Standards,"School of Computer Science & Information Technology, University College Cork, Cork, Ireland; Center for Research Training in Artificial Intelligence, University College Cork, Cork, Ireland; Insight Center for Data Analytics, School of Computer Science & IT, University College Cork, Cork, Ireland","School of Computer Science & Information Technology, University College Cork, Cork, Ireland; Center for Research Training in Artificial Intelligence, University College Cork, Cork, Ireland; Insight Center for Data Analytics, School of Computer Science & IT, University College Cork, Cork, Ireland",,Conference Paper,3,IEEE Xplore,I542
"Sakib, Nazmus; Islam, Md. Kafiul; Faruk, Tasnuva","Sakib, Nazmus; Islam, Md. Kafiul; Faruk, Tasnuva",EEG-Based Multi-Level Stress Screening Using Machine Learning,2025,"2025 5th International Conference on Robotics, Automation, and Artificial Intelligence (RAAI)",10.1109/RAAI67517.2025.11423420,https://ieeexplore.ieee.org/document/11423420/,,Stress Screening; Multiclass classification; PSS-10; Machine Learning; Electroencephalography,Accuracy; Trees (botanical); Human factors; Machine learning; Mental health; Feature extraction; Electroencephalography; Real-time systems; Robots; Monitoring,"Electrical and Electronic Engineering, Independent University, Bangladesh, Dhaka, Bangladesh; Dept. of Public Health, Independent University, Bangladesh, Dhaka, Bangladesh","Electrical and Electronic Engineering, Independent University, Bangladesh, Dhaka, Bangladesh; Dept. of Public Health, Independent University, Bangladesh, Dhaka, Bangladesh",,Conference Paper,0,IEEE Xplore,I543
"Castillo, Melani L.; Luna, Robert G. de; Tubola, Orland Delfino; Torres, Armando A.; Oldan, Billy Ray M.; Gorom, Julian Nicole A.; Javier, Nathalie T.; Arias, Gilliane E.; Villanueva, Christian Paul C.","Castillo, Melani L.; Luna, Robert G. de; Tubola, Orland Delfino; Torres, Armando A.; Oldan, Billy Ray M.; Gorom, Julian Nicole A.; Javier, Nathalie T.; Arias, Gilliane E.; Villanueva, Christian Paul C.",Symptobot: An AI Diagnostic Website Enhancing Psychological First Aid & Psychiatric Collection and Analysis of Symptoms,2025,2025 International Workshop on Artificial Intelligence and Education (WAIE),10.1109/WAIE67422.2025.11381172,https://ieeexplore.ieee.org/document/11381172/,,Artificial Intelligence; chatbots; Mental Health; Psychological First Aid; diagnostic website,Conferences; Education; Mental health; Oral communication; Machine learning; Chatbots; Depression; Real-time systems,Polytechnic University of the Philippines,Polytechnic University of the Philippines,,Conference Paper,0,IEEE Xplore,I545
"Yuan, Aijia; Xu, Michael; Zhu, Hongyi; Samtani, Sagar; Garcia, Edlin","Yuan, Aijia; Xu, Michael; Zhu, Hongyi; Samtani, Sagar; Garcia, Edlin",Towards Privacy-Preserving Depression Detection: Experiments on Passive Sensor Signal Data,2023,2023 IEEE International Conference on Digital Health (ICDH),10.1109/ICDH60066.2023.00025,https://ieeexplore.ieee.org/document/10224736/,,mental health; depression; sensor signal; privacy; machine learning; artificial intelligence,Data privacy; Logistic regression; Oral communication; Mental health; Depression; Frequency conversion; Sensors,"Operations and Decision Technologies, Indiana University, Bloomington, IN, United States; Information Systems and Cyber Security, University of Texas at San Antonio, San Antonio, TX, United States; School of Public Health, Indiana University, Bloomington, IN, United States","Operations and Decision Technologies, Indiana University, Bloomington, IN, United States; Information Systems and Cyber Security, University of Texas at San Antonio, San Antonio, TX, United States; School of Public Health, Indiana University, Bloomington, IN, United States",,Conference Paper,3,IEEE Xplore,I546
"Mandal, Satota; Ghosh, Bratati; Naskar, Ruchira","Mandal, Satota; Ghosh, Bratati; Naskar, Ruchira",A Photoplethysmography (PPG) Sensor based Stress Level Monitoring System for Undergraduate Students of Technical Education,2023,2023 IEEE 20th India Council International Conference (INDICON),10.1109/INDICON59947.2023.10440913,https://ieeexplore.ieee.org/document/10440913/,,Heart Rate Variability; Machine Learning; Photoplethysmography; Physiological Signals; Stress Detection,Education; Mental health; Feature extraction; Photoplethysmography; Social intelligence; Biomedical monitoring; Monitoring,"Department of Information Technology, Indian Institute of Engineering Science and Technology, Shibpur, India","Department of Information Technology, Indian Institute of Engineering Science and Technology, Shibpur, India",,Conference Paper,6,IEEE Xplore,I548
"Sultana, Sherin; Hasan, Mahim; Mim, Md. Mehedi Hassan; Hasan, Rafidul; Atib, Zaed Bin Monir; Habib, Md. Tarek","Sultana, Sherin; Hasan, Mahim; Mim, Md. Mehedi Hassan; Hasan, Rafidul; Atib, Zaed Bin Monir; Habib, Md. Tarek",Machine Learning-Based Detection of Students’ Mental Stress: An In-Depth Analytical Study,2026,2026 International Conference on Artificial Intelligence for Sustainable Engineering and Innovation (AISEI),10.1109/AISEI68628.2026.11572772,https://ieeexplore.ieee.org/document/11572772/,,Mental Stress; Students; COVID-19; Machine Learning; Feature Selection; Accuracy,Depression; Modeling; Human factors; Stress; Machine learning; Accuracy; Machining; Printing; Signal detection; Aging,"Department of CSE, Daffodil International University, Dhaka, Bangladesh; Department of CSE, Islamic University of Technology, Dhaka, Bangladesh; Department of CSE, Independent University Bangladesh, Dhaka, Bangladesh","Department of CSE, Daffodil International University, Dhaka, Bangladesh; Department of CSE, Islamic University of Technology, Dhaka, Bangladesh; Department of CSE, Independent University Bangladesh, Dhaka, Bangladesh",,Conference Paper,0,IEEE Xplore,I549
"Kavya, P; Shanthi, S; Kuppuchamy, R; Karthikeyan, N; Kalaivani, P C D; Kavidha, A","Kavya, P; Shanthi, S; Kuppuchamy, R; Karthikeyan, N; Kalaivani, P C D; Kavidha, A",Optimized Hybrid Stacking Approach for Depression Detection in College Students,2026,"2026 6th International Conference on Multimedia, Signal Processing and Communication Technologies (IMPACT)",10.1109/IMPACT68503.2026.11468303,https://ieeexplore.ieee.org/document/11468303/,,Stacked Model; Depression; College Students; $K$-Fold cross-validation,Feeds; Filtering; Filters; System-on-chip; Internet of Things; Communications technology; Internet; Protocols; Communication systems; HTTP,"Department of CSE, Kongu Engineering College, Erode, India; Department of MCA, PSNA College of Engg. and Tech., Dindigul, India; Department of CSE, Government of College of Engineering, Thanjavur, India; Department of CSE, Government College of Engineering, Erode, India","Department of CSE, Kongu Engineering College, Erode, India; Department of MCA, PSNA College of Engg. and Tech., Dindigul, India; Department of CSE, Government of College of Engineering, Thanjavur, India; Department of CSE, Government College of Engineering, Erode, India",,Conference Paper,0,IEEE Xplore,I550
"Arya, Ananya; Kumari, Ritika; Bansal, Poonam","Arya, Ananya; Kumari, Ritika; Bansal, Poonam",Predicting Depression and Mental Illness Using Machine Learning Algorithms,2023,"2023 International Conference on Communication, Security and Artificial Intelligence (ICCSAI)",10.1109/ICCSAI59793.2023.10421262,https://ieeexplore.ieee.org/document/10421262/,,Machine learning; Classification; random forests; SVM DT; NB; k-nearest neighbors,Support vector machines; Radio frequency; Machine learning algorithms; Mental health; Depression; Task analysis; Tuning,"Department of Artificial Intelligence and Data Sciences, IGDTUW, Delhi, India","Department of Artificial Intelligence and Data Sciences, IGDTUW, Delhi, India",,Conference Paper,0,IEEE Xplore,I552
"Raveenthiran, Gawsan; Sivarajah, Kaanushan; Riyal, Akash Ahamed Mohamed; Kugathasan, Vethurja; Chandrasiri, Sanjeevi; Rajendran, Karthiga","Raveenthiran, Gawsan; Sivarajah, Kaanushan; Riyal, Akash Ahamed Mohamed; Kugathasan, Vethurja; Chandrasiri, Sanjeevi; Rajendran, Karthiga",Revolutionalize Your Learning Experience with EQU ACCESS,2024,"2024 International Conference on Electrical, Computer and Energy Technologies (ICECET",10.1109/ICECET61485.2024.10698521,https://ieeexplore.ieee.org/document/10698521/,,computer vision; deep learning; e-learning; object detection; stress management,Visualization; Electric potential; Accuracy; Education; Anxiety disorders; Machine learning; Chatbots,"Department of Computer Science & Software Engineering, Sri Lanka Institute of Information Technology, Malabe, Sri Lanka; Department of Information Technology, Sri Lanka Institute of Information Technology, Malabe, Sri Lanka","Department of Computer Science & Software Engineering, Sri Lanka Institute of Information Technology, Malabe, Sri Lanka; Department of Information Technology, Sri Lanka Institute of Information Technology, Malabe, Sri Lanka",,Conference Paper,0,IEEE Xplore,I558
"Saxena, Varsha; Agarwal, Ritu; Stuti, Aradhya; Anand, Tarun; Pandey, Trayambak; Verma, Shubham","Saxena, Varsha; Agarwal, Ritu; Stuti, Aradhya; Anand, Tarun; Pandey, Trayambak; Verma, Shubham",Student Depression Prediction: A Multimodal Machine Learning Approach,2025,2025 5th International Conference on Advancement in Electronics & Communication Engineering (AECE),10.1109/AECE67531.2025.11386544,https://ieeexplore.ieee.org/document/11386544/,,KEY PHRASES- Student depression; machine learning; multimodal learning; PHQ-9; SMOTE; BERT; RoBERTa; SHAP,Productivity; Maximum likelihood estimation; Logistic regression; Accuracy; Social networking (online); Semantics; Mental health; Depression; Random forests; Medical diagnostic imaging,"Information Technology of RKGIT, Raj Kumar Goel Institute of Technology, AKTU, Ghaziabad, India","Information Technology of RKGIT, Raj Kumar Goel Institute of Technology, AKTU, Ghaziabad, India",,Conference Paper,0,IEEE Xplore,I559
"Maglogiannis, Ilias; Gallos, Parisis; Orfanos, Stamatios; Panagopoulos, Christos; Menychtas, Andreas","Maglogiannis, Ilias; Gallos, Parisis; Orfanos, Stamatios; Panagopoulos, Christos; Menychtas, Andreas",Design and Implementation of a Platform for Managing Stress and Anxiety in Higher Education Based on Wearable Devices*,2025,2025 20th International Workshop on Semantic and Social Media Adaptation and Personalization (SMAP),10.1109/SMAP66932.2025.00018,https://ieeexplore.ieee.org/document/11309800/,,digital twins; Stress Management; Biosignals; Students; Education Sector,Schedules; Social networking (online); Anxiety disorders; Education; Semantics; Predictive models; Performance metrics; Digital twins; Wearable devices; Monitoring,"Department of Digital Systems, Computational Biomedicine Laboratory, University of Piraeus, Greece; BioAssist S.A., Rio, Greece","Department of Digital Systems, Computational Biomedicine Laboratory, University of Piraeus, Greece; BioAssist S.A., Rio, Greece",,Conference Paper,2,IEEE Xplore,I561
"Akhil, Karnam; Sireesha, Jangili; Sai, Gundu Venkata; Reddy, Katanguri Sai Shashidhar; Haripriya, Jonnalagadda","Akhil, Karnam; Sireesha, Jangili; Sai, Gundu Venkata; Reddy, Katanguri Sai Shashidhar; Haripriya, Jonnalagadda",Harnessing Artificial Intelligence for Preventing and Detecting Addiction in Digital Healthcare and social media among students of age group 12 to 18,2023,"2023 5th International Conference on Advances in Computing, Communication Control and Networking (ICAC3N)",10.1109/ICAC3N60023.2023.10541714,https://ieeexplore.ieee.org/document/10541714/,,social media addiction; machine learning algorithms; user behaviors; preventive strategies; multidimensional approaches; theoretical frameworks; cognitive-behavioral models; socio-ecological models; psychological factors,Social networking (online); Reviews; Addiction; Computational modeling; User-generated content; Mental health; Prediction algorithms,"Department of Computer Science and Engineering, VNR Vignana Jyothi Institute of Engineering and Technology, Hyderabad, India","Department of Computer Science and Engineering, VNR Vignana Jyothi Institute of Engineering and Technology, Hyderabad, India",,Conference Paper,5,IEEE Xplore,I562
"Amiludin, Nurmi Adilah; Rosli, Marshima Mohd; Ibrahim, Nurain; Hammood, Waleed A","Amiludin, Nurmi Adilah; Rosli, Marshima Mohd; Ibrahim, Nurain; Hammood, Waleed A",Mental Health Prediction Using Ensemble Learning Approaches with Rebalancing Technique,2025,2025 International Conference on Advanced Machine Learning and Data Science (AMLDS),10.1109/AMLDS63918.2025.11159407,https://ieeexplore.ieee.org/document/11159407/,,ensemble learning; SMOTE; RFE; mental health classification; machine learning,Surveys; Anxiety disorders; Stacking; Mental health; Boosting; Depression; Feature extraction; Ensemble learning; Random forests; Resilience,"Faculty of Computer and Mathematical Sciences, Universiti Teknologi MARA, Shah Alam, Selangor, Malaysia; Faculty of Computer Science and Information Technology, University of Anbar, Iraq","Faculty of Computer and Mathematical Sciences, Universiti Teknologi MARA, Shah Alam, Selangor, Malaysia; Faculty of Computer Science and Information Technology, University of Anbar, Iraq",,Conference Paper,1,IEEE Xplore,I563
"Elyasi, Soroush; Nezhad, Arya Varasteh; Taghiyareh, Fattaneh","Elyasi, Soroush; Nezhad, Arya Varasteh; Taghiyareh, Fattaneh",Exploring the Relationship Between Gameplay Log Data and Depression & Anxiety,2023,2023 14th International Conference on Information and Knowledge Technology (IKT),10.1109/IKT62039.2023.10433060,https://ieeexplore.ieee.org/document/10433060/,,Data Analytics; Behavioral Analysis; human computer interaction; Mental Health Assessment; serious games; Depression and Anxiety,Correlation; Anxiety disorders; Linear regression; Games; Mental health; Depression; Behavioral sciences,"Department of Computer Engineering, University of Tehran, Tehran, Iran","Department of Computer Engineering, University of Tehran, Tehran, Iran",,Conference Paper,2,IEEE Xplore,I567
"Zaman, Zahura; Nova, Tabassum Majumdar; Riya, Laboni Sultana; Sarker, Tomalika; Easha, Ishrat Zahan; Akter, Eshita; Khan, Faria Nishat","Zaman, Zahura; Nova, Tabassum Majumdar; Riya, Laboni Sultana; Sarker, Tomalika; Easha, Ishrat Zahan; Akter, Eshita; Khan, Faria Nishat",Machine Learning Based Depression Prediction: Comparative Analysis of Models and Stacked Ensemble Approach,2024,2024 27th International Conference on Computer and Information Technology (ICCIT),10.1109/ICCIT64611.2024.11021746,https://ieeexplore.ieee.org/document/11021746/,,Depression Prediction; neural networks; Logistic Regress; support vector machines; k-nearest neighbors; Stacked Ensemble Model,Support vector machines; Analytical models; Accuracy; Computational modeling; Neural networks; Stacking; Mental health; Predictive models; Nearest neighbor methods; Depression,"Department of Computer Science and Engineering, Daffodil International University, Dhaka","Department of Computer Science and Engineering, Daffodil International University, Dhaka",,Conference Paper,0,IEEE Xplore,I570
"Y, Deepak K; B, Aswin; L, Mary Gladence; Jenitha, Merlin Mary","Y, Deepak K; B, Aswin; L, Mary Gladence; Jenitha, Merlin Mary",Learnease AI: A Multimodal Deep Learning and Computer Vision Framework for Real-Time Emotion and Stress Pattern Recognition in Academic Environments,2026,2026 9th International Conference on Intelligent Computing and Control Systems (ICICCS),10.1109/ICICCS67901.2026.11502862,https://ieeexplore.ieee.org/document/11502862/,,Student Emotion Detection; Stress Assessment; Facial Expression Analysis; Machine Learning; Mental Health Support,Feeds; Feedback; Filtering; Circuits; Contacts; Filters; MIMICs; Circuits and systems; Millimeter wave integrated circuits; Monolithic integrated circuits,"Dept. of Information Technology, Sathyabama Institute of Science and Technology, Chennai, India","Dept. of Information Technology, Sathyabama Institute of Science and Technology, Chennai, India",,Conference Paper,0,IEEE Xplore,I571
"Porello, Davide; Buy, Ugo; Boerke, Kyle W.; Keller, M. Pieta","Porello, Davide; Buy, Ugo; Boerke, Kyle W.; Keller, M. Pieta",Early Detection of Mental and Behavioral Health Issues from High-School Academic Performance,2023,2023 International Conference on Machine Learning and Applications (ICMLA),10.1109/ICMLA58977.2023.00059,https://ieeexplore.ieee.org/document/10459927/,,Machine learning; clustering and classification rules; mental health,Statistical analysis; Mood; Addiction; Anxiety disorders; Mental health; Machine learning; Depression,"Dept. of Computer Science, University of Illinois Chicago, Chicago, Illinois; Behavioral Health, OSF Healthcare, Peoria, Illinois; Jump Simulation, OSF Healthcare, Peoria, Illinois","Dept. of Computer Science, University of Illinois Chicago, Chicago, Illinois; Behavioral Health, OSF Healthcare, Peoria, Illinois; Jump Simulation, OSF Healthcare, Peoria, Illinois",,Conference Paper,4,IEEE Xplore,I572
"Pitoyo, Roihan Majid; Rahutomo, Faisal; Sutrisno","Pitoyo, Roihan Majid; Rahutomo, Faisal; Sutrisno",Evaluation of Machine Learning Algorithms for Detecting Student Stress Levels,2026,"2026 International Conference on Smart Computing, IoT, and Machine Learning (SIML)",10.1109/SIML69834.2026.11621145,https://ieeexplore.ieee.org/document/11621145/,,student stress level; machine learning; deep learning; SMOTE; PSS-10,Modeling; Accuracy; Machine learning; Human factors; Stress; Support vector machines; Algorithms; Machining; Printing; Convolutional neural networks,"Electrical Engineering Department, Sebelas Maret University, Surakarta, Indonesia","Electrical Engineering Department, Sebelas Maret University, Surakarta, Indonesia",,Conference Paper,0,IEEE Xplore,I574
"Bajetha, Iesh; Bharti; Singh, Himanshu; Pandey, Ankur; Singh, Shivansh; Singh, Sukhpreet","Bajetha, Iesh; Bharti; Singh, Himanshu; Pandey, Ankur; Singh, Shivansh; Singh, Sukhpreet",CNNs for Anxiety Risk Classification and Prediction in Mental Health,2024,"2024 International Conference on Advances in Computing, Communication and Materials (ICACCM)",10.1109/ICACCM61117.2024.11059033,https://ieeexplore.ieee.org/document/11059033/,,Anxiety; mental health; dropout; convolutional neural networks; batch normalization; predictive modeling,Accuracy; Convolution; Anxiety disorders; Neural networks; Mental health; Predictive models; Spatial databases; Data models; Convolutional neural networks; Risk management,"Computer Science Engineering(UIE), Chandigarh University, Mohali, Punjab, India","Computer Science Engineering(UIE), Chandigarh University, Mohali, Punjab, India",,Conference Paper,0,IEEE Xplore,I576
"Magoo, Chandni; Saxena, Roshi; Sharma, Parth; Chauhan, Nishant Kumar; Chauhan, Ranveer","Magoo, Chandni; Saxena, Roshi; Sharma, Parth; Chauhan, Nishant Kumar; Chauhan, Ranveer",Performance Comparison of Machine Learning Algorithms for Depression Risk Prediction using PHQ-9 Questionnaire,2026,2026 International Conference on Intelligent Computing and Automation for Sustainable Solutions (ICASS),10.1109/ICASS69550.2026.11547503,https://ieeexplore.ieee.org/document/11547503/,,PHQ-9; Classification; Regression; random forests; Gradient Boosting,Modeling; Depression; Machine learning; Machining; Mental health; Printing; Accuracy; Random forests; Educational institutions; Testing,"Department of Computer Science & Technology, Manav Rachna University, Faridabad, India; Xebia Academy, Xebia IT Architects, Gurgaon, India","Department of Computer Science & Technology, Manav Rachna University, Faridabad, India; Xebia Academy, Xebia IT Architects, Gurgaon, India",,Conference Paper,0,IEEE Xplore,I577
"Edirisinghe, E.A.T.D.; Kaushalya, P.K.D.K.; Lekamge, L.S.; Adeeba, S.","Edirisinghe, E.A.T.D.; Kaushalya, P.K.D.K.; Lekamge, L.S.; Adeeba, S.",AI-Enhanced Counseling for Undergraduates: A Novel Application of Machine Learning for Personality Matching and Stress Assessment,2025,2025 IEEE 7th Symposium on Computers & Informatics (ISCI),10.1109/ISCI65687.2025.11167695,https://ieeexplore.ieee.org/document/11167695/,,AI-Enhanced Counseling; Personality Matching; Stress Assessment; Mental Health,Employee welfare; Surveys; Machine learning algorithms; Neural networks; Mental health; Prediction algorithms; Robustness; Object recognition; Informatics; Random forests,"Department of Computing and Information Systems, Sabaragamuwa University of Sri Lanka, Belihuloya, Sri Lanka","Department of Computing and Information Systems, Sabaragamuwa University of Sri Lanka, Belihuloya, Sri Lanka",,Conference Paper,0,IEEE Xplore,I582
"Anshori, Mochammad; Kusuma, Wahyu Teja; Pradini, Risqy Siwi","Anshori, Mochammad; Kusuma, Wahyu Teja; Pradini, Risqy Siwi",Extreme Learning Machine (ELM) Performance in Behavior-Based of Self-Esteem Level Prediction,2025,2025 International Conference on Artificial Intelligence and Technological Solutions (ICAITech),10.1109/ICAITech66481.2025.11387311,https://ieeexplore.ieee.org/document/11387311/,,self-esteem; extreme learning machines; psychoinformatic; mental health; neural networks,Accuracy; Sensitivity; Extreme learning machines; Neurons; Optimization methods; Mental health; Brain modeling; Stability analysis; Physiology; Robustness,"Informatic Department, Institut Teknologi, Sains, dan Kesehatan RS.DR. Soepraoen Kesdam V/BRW, Malang, Indonesia","Informatic Department, Institut Teknologi, Sains, dan Kesehatan RS.DR. Soepraoen Kesdam V/BRW, Malang, Indonesia",,Conference Paper,0,IEEE Xplore,I583
"Vimal, S; Harshini, R; Sankari, D; Srinithi, D","Vimal, S; Harshini, R; Sankari, D; Srinithi, D",AI-Powered Bilingual Chatbot for Promoting Mental Health Awareness in Rural Communities,2025,2025 10th International Conference on Smart Structures and Systems (ICSSS),10.1109/ICSSS66939.2025.11346329,https://ieeexplore.ieee.org/document/11346329/,,Integrated Multimodal Architecture (IMA); Culture-Sensitive Conversational Agent (CSCA); Mental Wellbeing Support for Rural Learners (MWSRL); PHP Scripting Language (PHP); Intelligent Systems (AI); Language Understanding and Processing (LUP); Database Query Language (SQL); Facial Expression Analysis (FEA); and Self-Harm Risk Evaluation (SHRE),Emotion recognition; Structured Query Language; Text analysis; Text recognition; Social networking (online); Facial expressions; Mental health; Chatbots; Stakeholders; Monitoring,"Department of Computer Science and Engineering, KIT - Kalaignarkarunanidhi Institute of Technology, Coimbatore, Tamil Nadu, India; Department of Computer Science and Business Systems, KIT - Kalaignarkarunanidhi Institute of Technology, Coimbatore, Tamil Nadu, India","Department of Computer Science and Engineering, KIT - Kalaignarkarunanidhi Institute of Technology, Coimbatore, Tamil Nadu, India; Department of Computer Science and Business Systems, KIT - Kalaignarkarunanidhi Institute of Technology, Coimbatore, Tamil Nadu, India",,Conference Paper,0,IEEE Xplore,I589
"Vennila, G.; Deepthi, Sagam; Santhoshi, Pagadala Sai; Prathima, Pamuru; Bhargav, Mokkala","Vennila, G.; Deepthi, Sagam; Santhoshi, Pagadala Sai; Prathima, Pamuru; Bhargav, Mokkala",Student Anxiety Prediction Using Active and Deep Learning Techniques,2025,"2025 International Conference on Recent Advances in Electrical, Electronics, Ubiquitous Communication, and Computational Intelligence (RAEEUCCI)",10.1109/RAEEUCCI63961.2025.11048206,https://ieeexplore.ieee.org/document/11048206/,,Active Learning; Student Anxiety; Deep Learning; recurrent neural networks; long short term memory,Deep learning; Accuracy; Uncertainty; Computational modeling; Anxiety disorders; Active learning; Mental health; Predictive models; Sensitivity and specificity; Long short term memory,"Dept, of AI & ML, Mohan Babu University(Erstwhile Sree Vidyanikethan Engineering, College), Tirupati, India; Dept of CSE, Sree Vidyanikethan Engg, College, Tirupati, India","Dept, of AI & ML, Mohan Babu University(Erstwhile Sree Vidyanikethan Engineering, College), Tirupati, India; Dept of CSE, Sree Vidyanikethan Engg, College, Tirupati, India",,Conference Paper,1,IEEE Xplore,I590
"Nuankaew, Pratya; Sorat, Jidapa; Intajak, Jindaporn; Inta, Jirapron; Nuankaew, Wongpan S.","Nuankaew, Pratya; Sorat, Jidapa; Intajak, Jindaporn; Inta, Jirapron; Nuankaew, Wongpan S.",AI for Healthcare: A Classification Model for Personalized Premenstrual Symptoms and Depressive Crisis Risk Tracking Using Data Analytics and Machine Learning,2025,"2025 Joint International Conference on Digital Arts, Media and Technology with ECTI Northern Section Conference on Electrical, Electronics, Computer and Telecommunications Engineering (ECTI DAMT & NCON)",10.1109/ECTIDAMTNCON64748.2025.10962042,https://ieeexplore.ieee.org/document/10962042/,,AI for Healthcare; Depressive Crisis Risk Tracking; Medical Data Analytics; Medical Informatics; Personalized Premenstrual Symptom,Support vector machines; Analytical models; Accuracy; Data analysis; Anxiety disorders; Medical services; Predictive models; Nearest neighbor methods; Depression; Data models,"School of Information and Communicatin Technology, University of Phayao, Phayao, Thailand","School of Information and Communicatin Technology, University of Phayao, Phayao, Thailand",,Conference Paper,0,IEEE Xplore,I591
"Reddy, B. Akhileswar; Reddy, G. Someswara; Lokesh, K.; B, Sreevidya; M, Rajesh","Reddy, B. Akhileswar; Reddy, G. Someswara; Lokesh, K.; B, Sreevidya; M, Rajesh",AI-Driven Stress Analysis and Management: A Novel Approach Leveraging OpenAI and NoSQL Databases to Empower Students in Stress Management and Promote Overall Student Well-being and Academic Progression,2024,2024 International Conference on Computational Intelligence and Computing Applications (ICCICA),10.1109/ICCICA60014.2024.10584920,https://ieeexplore.ieee.org/document/10584920/,,Stress Reduction; Stress Analysis; OPenAI; NoSQL Databases,Analytical models; Databases; NoSQL databases; Scalability; Human factors; Mental health; Real-time systems,"Department of Computer Science and Engineering, Amrita School of Computing, Bengaluru, India","Department of Computer Science and Engineering, Amrita School of Computing, Bengaluru, India",,Conference Paper,4,IEEE Xplore,I592
"B.Moganapriya; Fernandez, F. Mary Harin","B.Moganapriya; Fernandez, F. Mary Harin",Detecting Students Stress and Fatigue in Online Learning using Machine Learning,2025,2025 3rd International Conference on Self Sustainable Artificial Intelligence Systems (ICSSAS),10.1109/ICSSAS66150.2025.11080973,https://ieeexplore.ieee.org/document/11080973/,,Online learning; Student stress detection; Fatigue detection; Machine Learning; CNN-LSTM model,Accuracy; Electronic learning; Computational modeling; Anxiety disorders; Human factors; Fatigue; Real-time systems; Data models; Biomedical monitoring; Load modeling,"Department of Computer Science and Engineering, Saveetha School of Engineering, Saveetha Institute of Medical and Technical Sciences. Saveetha University, Chennai, Tamilnadu, India","Department of Computer Science and Engineering, Saveetha School of Engineering, Saveetha Institute of Medical and Technical Sciences. Saveetha University, Chennai, Tamilnadu, India",,Conference Paper,1,IEEE Xplore,I594
"Yang, Zhongqi; Azimi, Iman; Jafarlou, Salar; Labbaf, Sina; Borelli, Jessica; Dutt, Nikil; Rahmani, Amir M.","Yang, Zhongqi; Azimi, Iman; Jafarlou, Salar; Labbaf, Sina; Borelli, Jessica; Dutt, Nikil; Rahmani, Amir M.",Loneliness Forecasting Using Multi-modal Wearable and Mobile Sensing in Everyday Settings,2023,2023 IEEE 19th International Conference on Body Sensor Networks (BSN),10.1109/BSN58485.2023.10331561,https://ieeexplore.ieee.org/document/10331561/,,Loneliness Forecasting; Passive Sensing; Wearable Devices; Machine Learning; Personal Models; College Students,Wearable computers; Sociology; Predictive models; Sensors; Behavioral sciences; Forecasting; Biomedical monitoring; Statistics; smartphones; Monitoring,"Department of Computer Science, University of California, Irvine; Department of Psychological Science, University of California, Irvine","Department of Computer Science, University of California, Irvine; Department of Psychological Science, University of California, Irvine",,Conference Paper,6,IEEE Xplore,I595
"Kaur, Manjit; Kumar, Devender","Kaur, Manjit; Kumar, Devender","A Systematic Review of Intelligent Stress Detection in Higher Education: Technologies, Challenges and Future Directions",2025,2025 Second International Conference on Pioneering Developments in Computer Science & Digital Technologies (IC2SDT),10.1109/IC2SDT68218.2025.11383738,https://ieeexplore.ieee.org/document/11383738/,,Deep Learning; Ensemble Learning; Hybrid Learning; Machine Learning; Mental Stress; Physiological Monitoring; random forests; Students,Deep learning; Soft sensors; Education; Human factors; Data models; Biomedical monitoring; Random forests; Monitoring; Systematic literature review; Stress measurement,"School of Computer Applications Lovely Professional University, Phagwara, Punjab","School of Computer Applications Lovely Professional University, Phagwara, Punjab",,Conference Paper,0,IEEE Xplore,I597
"Marin, Iuliana; Comeagă, Ana-Maria","Marin, Iuliana; Comeagă, Ana-Maria",SOFIA: Smart Optical Facial-Interaction Assistant,2025,2025 IEEE International Black Sea Conference on Communications and Networking (BlackSeaCom),10.1109/BlackSeaCom65655.2025.11193907,https://ieeexplore.ieee.org/document/11193907/,,emotion recognition; deep learning; adolescent mental health; multimodal interaction,Deep learning; Emotion recognition; Accuracy; Toy manufacturing industry; Transfer learning; Mental health; Real-time systems; Hardware; Usability; Wireless fidelity,"Faculty of Engineering in Foreign Languages, National University of Science and Technology Politehnica Bucharest, Bucharest, Romania","Faculty of Engineering in Foreign Languages, National University of Science and Technology Politehnica Bucharest, Bucharest, Romania",,Conference Paper,0,IEEE Xplore,I598
"Amriza, Rona Nisa Sofia; Fadhilla, Cut Alna","Amriza, Rona Nisa Sofia; Fadhilla, Cut Alna",Unraveling Game Addiction Behavior Among Digital Native Students: Leveraging Machine Learning for Insights,2024,"2024 IEEE International Conference on Communication, Networks and Satellite (COMNETSAT)",10.1109/COMNETSAT63286.2024.10862614,https://ieeexplore.ieee.org/document/10862614/,,Game Addiction; Machine Learning; random forests; support vector machines; decision trees; naive bayes,Support vector machines; Video games; Addiction; Games; Real-time systems; Vectors; Bayes methods; Decision trees; Older adults; Random forests,"Department of Information System, Telkom University, Purwokerto, Indonesia; Informatics Study Program, Faculty of Engineering, Universitas Samudra, Aceh, Indonesia","Department of Information System, Telkom University, Purwokerto, Indonesia; Informatics Study Program, Faculty of Engineering, Universitas Samudra, Aceh, Indonesia",,Conference Paper,1,IEEE Xplore,I605
"Wang, Yuning; Yang, Zhongqi; Azimi, Iman; Rahmani, Amir M.; Liljeberg, Pasi","Wang, Yuning; Yang, Zhongqi; Azimi, Iman; Rahmani, Amir M.; Liljeberg, Pasi",Attention-Based Explainable AI for Wearable Multivariate Data: A Case Study on Affect Status Prediction,2024,2024 IEEE 20th International Conference on Body Sensor Networks (BSN),10.1109/BSN63547.2024.10780702,https://ieeexplore.ieee.org/document/10780702/,,Multivariate time series; Self attention; Graph attention network; explainable ai; Multi-modal sensing; Digital mental health,Performance evaluation; Accuracy; Explainable AI; Time series analysis; Medical services; Predictive models; Transformers; Biomedical monitoring; Wearable devices; Monitoring,"Department of Computing, University of Turku, Turku, Finland; Department of Computer Science, University of California, Irvine, California, USA","Department of Computing, University of Turku, Turku, Finland; Department of Computer Science, University of California, Irvine, California, USA",,Conference Paper,5,IEEE Xplore,I607
"Putra, Pandu Pratama; Defit, Sarjon; Nurcahyo, Gunadi Widi","Putra, Pandu Pratama; Defit, Sarjon; Nurcahyo, Gunadi Widi",Optimizing Voting Ensemble Strategies for Classifying Student Anxiety Levels Based on Narrative DAAS Responses,2025,2025 IEEE 23rd Student Conference on Research and Development (SCOReD),10.1109/SCOReD68498.2025.11399091,https://ieeexplore.ieee.org/document/11399091/,,Student anxiety; SMOTE; Soft Voting; Hard Voting,Accuracy; Anxiety disorders; Training data; Feature extraction; Bayes methods; Classification algorithms; Ensemble learning; Random forests; Tuning; Thermal stability,"Departement of Informatics Engineering, Universitas Lancang Kuning, Pekanbaru, Indonesia; Departement of Information Technology, Universitas Putra Indonesia YPTK Padang, Padang, Indonesia; Departement of Informatics Engineering, Universitas Putra Indonesia YPTK Padang, Padang, Indonesia","Departement of Informatics Engineering, Universitas Lancang Kuning, Pekanbaru, Indonesia; Departement of Information Technology, Universitas Putra Indonesia YPTK Padang, Padang, Indonesia; Departement of Informatics Engineering, Universitas Putra Indonesia YPTK Padang, Padang, Indonesia",,Conference Paper,0,IEEE Xplore,I609
"Yimyam, Worawut; Ketcham, Mahasak","Yimyam, Worawut; Ketcham, Mahasak",The Development of a Depression Risk Assessment System Using Data Mining,2025,2025 IEEE International Conference on Cybernetics and Innovations (ICCI),10.1109/ICCI64209.2025.10987469,https://ieeexplore.ieee.org/document/10987469/,,Depression; CES-D Assessment; Association Rules,Computers; Technological innovation; Computational modeling; Depression; Association rule learning; Information management; Risk management; smartphones; Cybernetics; Business,"Dep. of Business Information Management, Phetchaburi Rajabhat University, Phetchaburi, Thailand; Dep. of Management Information System, King Mongkut's University of Technology North Bangkok, Bangkok, Thailand","Dep. of Business Information Management, Phetchaburi Rajabhat University, Phetchaburi, Thailand; Dep. of Management Information System, King Mongkut's University of Technology North Bangkok, Bangkok, Thailand",,Conference Paper,1,IEEE Xplore,I616
"Khot, Bhavaling Alias Pratima; Murgod, Priya S; Ittannavar, S.; Hosamani, Ravi; Hiremath, Shivalingavva R.; Arabhanvi, A B","Khot, Bhavaling Alias Pratima; Murgod, Priya S; Ittannavar, S.; Hosamani, Ravi; Hiremath, Shivalingavva R.; Arabhanvi, A B",Stress Level Estimation among Students via Social Media Patterns Using Hybrid Machine Learning and Neural Architectures,2025,2025 International Conference on Smart & Sustainable Technology (INCSST),10.1109/INCSST64791.2025.11210377,https://ieeexplore.ieee.org/document/11210377/,,Stress classification; social media usage; machine learning; deep learning; mental health; multi-class classification,Deep learning; Support vector machines; Radio frequency; Logistic regression; Accuracy; Social networking (online); Human factors; Predictive models; Reliability; Random forests,"E&CE Dept, HSIT, Nidasoshi, Visvesvaraya Technological University, Belagavi, Karnataka, India; Biomedical Engineering, Dept. KLE, Technological University, Dr. MSSCET, Belagavi, Karnataka, India; E&CE, HSIT, Nidasoshi, Visvesvaraya Technological University, Belagavi, Karnataka, India; E&CE Dept., SECAB IET, Vijayapura, Visvesvaraya Technological University, Belagavi, Karnataka, India; Biomedical Engineering Dept, KLE Technological University, Dr. MSSCET, Belagavi, Karnataka, India","E&CE Dept, HSIT, Nidasoshi, Visvesvaraya Technological University, Belagavi, Karnataka, India; Biomedical Engineering, Dept. KLE, Technological University, Dr. MSSCET, Belagavi, Karnataka, India; E&CE, HSIT, Nidasoshi, Visvesvaraya Technological University, Belagavi, Karnataka, India; E&CE Dept., SECAB IET, Vijayapura, Visvesvaraya Technological University, Belagavi, Karnataka, India; Biomedical Engineering Dept, KLE Technological University, Dr. MSSCET, Belagavi, Karnataka, India",,Conference Paper,2,IEEE Xplore,I619
"Ali, Asraf; Nadia; Islam, Shymon","Ali, Asraf; Nadia; Islam, Shymon",Explainable Multi-Threshold Machine Learning Analysis of Depression Among Bangladeshi Adolescents: An Empirical Study,2026,"2026 IEEE 2nd International Conference on Quantum Photonics, Artificial Intelligence & Networking (QPAIN)",10.1109/QPAIN69676.2026.11546555,https://ieeexplore.ieee.org/document/11546555/,,Adolescent depression; Machine learning; Deep learning; Ensemble methods; Friedman test; PHQ-9; Family unrest; Bangladesh; Mental health screening,Modeling; Depression; Machine learning; Educational institutions; Testing; Machining; Stacking; Printing; Deep learning; Mental health,"Department of Computer Science and Engineering, Shahjalal University of Science and Technology, Sylhet, Bangladesh","Department of Computer Science and Engineering, Shahjalal University of Science and Technology, Sylhet, Bangladesh",,Conference Paper,0,IEEE Xplore,I622
"Badgujar, Aditya; Chandurkar, Parth; Gupta, Anurag; Walishetty, Prathamesh; Mirajkar, Riddhi; Kaakandikar, Rishikaysh","Badgujar, Aditya; Chandurkar, Parth; Gupta, Anurag; Walishetty, Prathamesh; Mirajkar, Riddhi; Kaakandikar, Rishikaysh",ZenithMind: Mental Health Assistant with CBT Integration,2026,2026 International Conference on Sustainable and Futuristic Technologies (ICSFT),10.1109/ICSFT67370.2026.11566649,https://ieeexplore.ieee.org/document/11566649/,,CBT; Psychological Wellbeing; Digital Therapy; Emotional Wellness; Mental Health; Mood Analytics; Self-Care Technology,Mental health; Modeling; Mood; Printing; Medical treatment; Design methodology; Human factors; Stress; Depression; Sleep,"Department of Information Technology, Vishwakarma Institute of Information Technology, Pune, India; Sai Balaji Institute of Management Sciences, Pune, India","Department of Information Technology, Vishwakarma Institute of Information Technology, Pune, India; Sai Balaji Institute of Management Sciences, Pune, India",,Conference Paper,0,IEEE Xplore,I627
"Xiang, Fayang; Zhang, Li; Ye, Yidan; Xiong, Chuyue; Zhang, Yanjie; Hu, Yan; Du, Jiang; Zhou, Yi; Deng, Qiyue; Li, Xinke","Xiang, Fayang; Zhang, Li; Ye, Yidan; Xiong, Chuyue; Zhang, Yanjie; Hu, Yan; Du, Jiang; Zhou, Yi; Deng, Qiyue; Li, Xinke",Using Pupil Diameter for Psychological Resilience Assessment in Medical Students Based on SVM and SHAP Model,2024,IEEE Journal of Biomedical and Health Informatics,10.1109/JBHI.2024.3390390,https://ieeexplore.ieee.org/document/10506643/,,Psychological resilience; pupil diameter; medical students; machine learning,Resilience; Psychology; Pupils; Machine learning; Interpolation; Visualization; Physiology,"College of Medical Informatics, Chongqing Medical University, Chongqing, China; School of Basic Medicine, Army Medical University, Chongqing, China; Health Service Base, Army Medical University, Chongqing, China","College of Medical Informatics, Chongqing Medical University, Chongqing, China; School of Basic Medicine, Army Medical University, Chongqing, China; Health Service Base, Army Medical University, Chongqing, China",,Article,11,IEEE Xplore,I629
"Wang, Yushan","Wang, Yushan",Two-Stage Depression Risk Screening and Severity Evaluation Using Machine Learning,2026,IEEE Access,10.1109/ACCESS.2026.3706367,https://ieeexplore.ieee.org/document/11575646/,,Depression screening; machine learning; XGBoost; threshold optimization; mental health prediction,Modeling; Licenses; Machine learning; Depression; Machining; Nuclear facility regulation; Optimization; Educational institutions; Labeling; Mental health,"North China University of Technology, Beijing, China","North China University of Technology, Beijing, China",,Article,0,IEEE Xplore,I633
"Shanmugalingam, Nithiyasagar; Maheshwaran, Liseyanth; Rizvee, Imana; RJ, Roshni; Samarakoon, Uthpala; Rajendran, Karthiga","Shanmugalingam, Nithiyasagar; Maheshwaran, Liseyanth; Rizvee, Imana; RJ, Roshni; Samarakoon, Uthpala; Rajendran, Karthiga",EDU-SENSE: AI-Driven Adaptive E-Learning System for Primary Education,2025,2025 7th International Conference on Advancements in Computing (ICAC),10.1109/ICAC69156.2025.11361431,https://ieeexplore.ieee.org/document/11361431/,,Large Language Models; Natural Language Processing; Stress detection; Peer collaboration; Machine learning,Electronic learning; Adaptive systems; Scholarships; Large language models; Education; Anxiety disorders; Machine learning; Chatbots; Teamwork,"Faculty of Computing, Sri Lanka Institute of Information Technology, Malabe, Sri Lanka","Faculty of Computing, Sri Lanka Institute of Information Technology, Malabe, Sri Lanka",,Conference Paper,0,IEEE Xplore,I634
"Ware, Shweta; Rijal, Kritim; Knouse, Laura E.","Ware, Shweta; Rijal, Kritim; Knouse, Laura E.",SmartADHDMonitor: A Novel Approach to Automatic ADHD Monitoring Through Smartphone App Usage Data,2025,"2025 IEEE 49th Annual Computers, Software, and Applications Conference (COMPSAC)",10.1109/COMPSAC65507.2025.00113,https://ieeexplore.ieee.org/document/11126545/,,smart health; smartphone sensing; adhd monitoring; machine learning,Operating systems; Machine learning; Mental health; Manuals; Predictive models; Software; Data models; Sensors; smartphones; Monitoring,"Department of Computer Science, University of Richmond, Richmond, United States; Department of Psychology, University of Richmond, Richmond, United States","Department of Computer Science, University of Richmond, Richmond, United States; Department of Psychology, University of Richmond, Richmond, United States",,Conference Paper,1,IEEE Xplore,I636
"Berciu, Alexandru-George; Micu, Dan Doru; Kovács, Levente; Dulf, Eva-Henrietta","Berciu, Alexandru-George; Micu, Dan Doru; Kovács, Levente; Dulf, Eva-Henrietta",Dreaming in Data: Using Artificial Intelligence to Decode Sleep and its Effects on Human Health,2026,"2026 IEEE International Conference on Automation, Quality and Testing, Robotics (AQTR)",10.1109/AQTR70159.2026.11577934,https://ieeexplore.ieee.org/document/11577934/,,Sleep quality; Personalised health; Machine learning,Sleep; Modeling; Occupational health; Printing; Niobium; Machine learning; Educational institutions; Artificial intelligence,"Automation Department, EnTReC Technical University of Cluj-Napoca, Cluj-Napoca, Romania; PhysCon Research Center, Óbuda University, Budapest, Hungary","Automation Department, EnTReC Technical University of Cluj-Napoca, Cluj-Napoca, Romania; PhysCon Research Center, Óbuda University, Budapest, Hungary",,Conference Paper,0,IEEE Xplore,I638
"Mu, Wei","Mu, Wei",Emotion-Aware Early Recognition of Psychological Disorders from Social Media: A BERT-W + BiLSTM-Attention Framework for Human-Centered AI,2025,2025 8th Asia Conference on Cognitive Engineering and Intelligent Interaction (CEII),10.1109/CEII67787.2025.00076,https://ieeexplore.ieee.org/document/11606187/,,Emotion-aware; BERT-W; BiLSTM-Attention; Psychological disorder detection; Human-centered AI; Social media analysis,Modeling; Bit error rate; Bidirectional long short term memory; Social networking (online); Depression; Printing; Educational institutions; Mental health; Vectors; Long short term memory,"Chongqing Three Gorges Vocational College, Chongqing, China","Chongqing Three Gorges Vocational College, Chongqing, China",,Conference Paper,0,IEEE Xplore,I639
"Radhakrishnan, Thiru; Ingenito, Emilio; Buy, Ugo; Keller, M. Pieta; Boerke, Kyle W.","Radhakrishnan, Thiru; Ingenito, Emilio; Buy, Ugo; Keller, M. Pieta; Boerke, Kyle W.",Detection of Behavioral Health Challenges in High School Students,2024,2024 International Conference on Machine Learning and Applications (ICMLA),10.1109/ICMLA61862.2024.00014,https://ieeexplore.ieee.org/document/10903441/,,machine learning; clustering and classification rules; mental health,Measurement; Heart; Time series analysis; Statistical learning; Predictive models; Market research; Feature extraction; Depression; Data models; Monitoring,"Dept. of Computer Science, University of Illinois Chicago, Chicago, Illinois; Jump Simulation, OSF Healthcare, Peoria, Illinois; Behavioral Health, OSF Healthcare, Peoria, Illinois","Dept. of Computer Science, University of Illinois Chicago, Chicago, Illinois; Jump Simulation, OSF Healthcare, Peoria, Illinois; Behavioral Health, OSF Healthcare, Peoria, Illinois",,Conference Paper,2,IEEE Xplore,I640
"Thakur, Shreyash; Prabakaran, N; Gupta, P Vishal","Thakur, Shreyash; Prabakaran, N; Gupta, P Vishal",Emotion Recognition Through Handwriting Analysis in Examination Contexts: A Study on Student Emotions,2025,2025 IEEE 6th India Council International Subsections Conference (INDISCON),10.1109/INDISCON66021.2025.11253664,https://ieeexplore.ieee.org/document/11253664/,,Handwriting Analysis; Emotion Recognition; Sentiment Analysis; Student Mental Health; Deep Learning in Handwriting Recognition; Personalized Learning Support System,Emotion recognition; Handwriting recognition; Accuracy; Text recognition; Mental health; Writing; Feature extraction; Transformers; Convolutional neural networks; Context modeling,"School of Computer Science and Engineering, Vellore Institute of Technology, Vellore, India","School of Computer Science and Engineering, Vellore Institute of Technology, Vellore, India",,Conference Paper,0,IEEE Xplore,I643
"Sarvakar, Ketan; Patel, Urmila; Chaudhari, Vidhi; Patel, Hitesh","Sarvakar, Ketan; Patel, Urmila; Chaudhari, Vidhi; Patel, Hitesh",Quantitative analysis of socioeconomic determinants on student mental health: a machine learning approach with policy implications,2025,Parul University International Conference on Engineering and Technology 2025 (PiCET 2025),10.1049/icp.2025.1333,https://ieeexplore.ieee.org/document/11074663/,,,Socioeconomic status; Mental health; Psychology; Computer science; Mathematics education; Environmental health; Medicine; Psychiatry,"Ganpat University, Gujarat, India","Ganpat University, Gujarat, India",,Conference Paper,0,IEEE Xplore,I647
"Saraswat, Anjali; Shukla, Manali; Goswami, D. N.; Chaturvedi, Anshu","Saraswat, Anjali; Shukla, Manali; Goswami, D. N.; Chaturvedi, Anshu",A Predictive Model to Evaluate Stress in Students using Machine Learning,2025,2025 12th International Conference on Computing for Sustainable Global Development (INDIACom),10.23919/INDIACom66777.2025.11115356,https://ieeexplore.ieee.org/document/11115356/,,Artificial Intelligence; Machine Learning; k-nearest neighbors; support vector machines; random forests,Support vector machines; Linear regression; Human factors; Machine learning; Predictive models; Nearest neighbor methods; Boosting; Depression; Random forests; Stress measurement,"Computer Science and Engineering, ITM University, Gwalior, Madhya. Pradesh, India; Computer Science and Application, Jiwaji University, Gwalior, Madhya. Pradesh, India; Computer Science and Technology, Madhav Institute of Technology &Science, Gwalior, Madhya Pradesh, India","Computer Science and Engineering, ITM University, Gwalior, Madhya. Pradesh, India; Computer Science and Application, Jiwaji University, Gwalior, Madhya. Pradesh, India; Computer Science and Technology, Madhav Institute of Technology &Science, Gwalior, Madhya Pradesh, India",,Conference Paper,0,IEEE Xplore,I648
"Singh, Taranjit; Kumar, Ajay; Kangra, Kirti","Singh, Taranjit; Kumar, Ajay; Kangra, Kirti",SABER: A Novel Hybrid Model to Detect Stress in Youngsters,2026,2026 9th International Conference on Computing Methodologies and Communication (ICCMC),10.1109/ICCMC69250.2026.11624711,https://ieeexplore.ieee.org/document/11624711/,,Mental Stress Detection; Machine Learning; Social Media Analysis; Physiological Data; Naive Bayes; random forests; support vector machines; Logistic Regression; decision trees; BERT Embeddings; Hybrid Stacking; Text Data Augmentation; Student Mental Health; Early Stress Detection,Human factors; Machine learning; Modeling; Stress; Machining; Accuracy; Signal detection; Support vector machines; Stacking; Bit error rate,"Department of Computer Science, JECRC University, Jaipur, India","Department of Computer Science, JECRC University, Jaipur, India",,Conference Paper,0,IEEE Xplore,I649
"Yadawad, Pralhad R; Pandey, Lokesh; Mallibhat, Kaushik; Mudenagudi, Uma","Yadawad, Pralhad R; Pandey, Lokesh; Mallibhat, Kaushik; Mudenagudi, Uma",Predicting Anxiety Among Young Adults Using Machine Learning Algorithms,2024,2024 IEEE 9th International Conference for Convergence in Technology (I2CT),10.1109/I2CT61223.2024.10544191,https://ieeexplore.ieee.org/document/10544191/,,EEG signals; Behavioral Markers; Anxiety Detection; Machine Learning; Mental health research,Machine learning algorithms; Data analysis; Statistical analysis; Anxiety disorders; Mental health; Electroencephalography; Reliability,"School of Electronics and Communication Engineering, KLE Technological University, Hubballi, India","School of Electronics and Communication Engineering, KLE Technological University, Hubballi, India",,Conference Paper,5,IEEE Xplore,I652
"Agarwal, Nihaarika; Vijayalaxmi","Agarwal, Nihaarika; Vijayalaxmi",Covid-19 Impact on Mental Health: Sentiment Analysis Using NLTK,2023,2023 6th International Conference on Contemporary Computing and Informatics (IC3I),10.1109/IC3I59117.2023.10398068,https://ieeexplore.ieee.org/document/10398068/,,Sentiments; NLTK; Analysis; Data,COVID-19; Surveys; Sentiment analysis; Cloud computing; Visualization; Education; Feature extraction,"Department of Electrical and Electronics Engineering, Manipal Academy of Higher Education, Manipal Institute of Technology, Manipal, India","Department of Electrical and Electronics Engineering, Manipal Academy of Higher Education, Manipal Institute of Technology, Manipal, India",,Conference Paper,2,IEEE Xplore,I654
"Dogan, Ayse; Sowers, Richard B.; Hernandez, Manuel E.","Dogan, Ayse; Sowers, Richard B.; Hernandez, Manuel E.",Comparative Analysis of Physiological and Speech Signals for State Anxiety Detection in University Students in STEM,2026,IEEE Transactions on Affective Computing,10.1109/TAFFC.2025.3638274,https://ieeexplore.ieee.org/document/11271174/,,Blood volume pulse (BVP); contactless sensing; electrodermal activity (EDA); heart rate variability (HRV); speech analysis; state anxiety detection; wearable sensors,Anxiety disorders; Biomedical monitoring; Heart rate variability; Mental health; Electrocardiography; Monitoring; Feature extraction; Accuracy; Wearable sensors; Skin,"Department of Industrial & Enterprise Systems Engineering, Grainger College of Engineering, University of Illinois, Urbana, IL, USA; Department of Mathematics, University of Illinois, Urbana, IL, USA; Department of Biomedical and Translational Sciences, University of Illinois, Urbana, IL, USA","Department of Industrial & Enterprise Systems Engineering, Grainger College of Engineering, University of Illinois, Urbana, IL, USA; Department of Mathematics, University of Illinois, Urbana, IL, USA; Department of Biomedical and Translational Sciences, University of Illinois, Urbana, IL, USA",,Article,2,IEEE Xplore,I655
"Yannam, Pavan Kumar Reddy; Venkatesh, Vineet; Gupta, Manik","Yannam, Pavan Kumar Reddy; Venkatesh, Vineet; Gupta, Manik",Research Study and System Design for Evaluating Student Stress in Indian Academic Setting,2022,2022 14th International Conference on COMmunication Systems & NETworkS (COMSNETS),10.1109/COMSNETS53615.2022.9668379,https://ieeexplore.ieee.org/document/9668379/,,Healthcare Applications; Mental Health; Multimodal learning; Stress Management,Sociology; Mental health; Data collection; Real-time systems; Statistics; Stress; Monitoring,"Department of CSIS, BITS Pilani Hyderabad Campus, Hyderabad, India","Department of CSIS, BITS Pilani Hyderabad Campus, Hyderabad, India",,Conference Paper,4,IEEE Xplore,I656
"Shukla, Tushar Dhar; Vanyan, Diana; Rizvi, Qaim Mehdi; George, Geogen; Bhosale, Aryaraj Dattatraya; Bhoopathy, V.","Shukla, Tushar Dhar; Vanyan, Diana; Rizvi, Qaim Mehdi; George, Geogen; Bhosale, Aryaraj Dattatraya; Bhoopathy, V.",Analysing Student Depression through Cyber-Activity Patterns Using Heterogeneous Graph Attention Networks,2024,"2024 First International Conference on Software, Systems and Information Technology (SSITCON)",10.1109/SSITCON62437.2024.10796118,https://ieeexplore.ieee.org/document/10796118/,,student depression; cyber-activity patterns; heterogeneous graph attention networks (hgats); mental health detection; machine learning; graph neural networks; model performance; early detection; educational technology,Training; Accuracy; Instruments; Mental health; Depression; Software systems; Data models; Information technology; Monitoring; Testing,"Department of Physical Education, University Institute of Physical Education & Sports, Chandigarh University, Mohali, India; Kuban State University, Krasnodar, Russia; Department of Computer Science and Engineering (Data Science), Brainware University, Kolkata, India; College of Computing and Information Sciences, University of Technology and Applied Sciences, Ibri, Middle East, Sultanate of Oman; Indian Institute of Information Technology, Pune, India; Department of Computer Science and Engineering, Sree Rama Engineering College, Tirupathi, India","Department of Physical Education, University Institute of Physical Education & Sports, Chandigarh University, Mohali, India; Kuban State University, Krasnodar, Russia; Department of Computer Science and Engineering (Data Science), Brainware University, Kolkata, India; College of Computing and Information Sciences, University of Technology and Applied Sciences, Ibri, Middle East, Sultanate of Oman; Indian Institute of Information Technology, Pune, India; Department of Computer Science and Engineering, Sree Rama Engineering College, Tirupathi, India",,Conference Paper,0,IEEE Xplore,I657
"Bharadwaj, Jyotiska; Dey, Ayushi; Sahu, Aditya Bibhas; Maheshwari, Karan; Sanat; Sethia, Divyashikha; Ray, Sonia Baloni","Bharadwaj, Jyotiska; Dey, Ayushi; Sahu, Aditya Bibhas; Maheshwari, Karan; Sanat; Sethia, Divyashikha; Ray, Sonia Baloni",Effect of Anxiety Reduction Interventions on Exam Anxiety for Engineering Students Using Physiological Signals,2025,2025 IEEE 7th International Conference on Cognitive Machine Intelligence (CogMI),10.1109/CogMI67134.2025.00040,https://ieeexplore.ieee.org/document/11417069/,,Exam Anxiety; Electrodermal Activity; Blood Volume Pulse; Indian Classical Music Therapy; Guided Breathing Intervention; Descriptive Statistics; Machine Learning in Stress Detection,Anxiety disorders; Human factors; Real-time systems; Skin; Multiple signal classification; Biomedical monitoring; Engineering students; Heart rate variability; Random forests; Stress measurement,"Dept. of Software Engineering, Delhi Technological University, New Delhi, India; Dept. of Computer Science & Engineering, Delhi Technological University, New Delhi, India; Dept. of Cognitive Science, IIIT-Delhi, New Delhi, India","Dept. of Software Engineering, Delhi Technological University, New Delhi, India; Dept. of Computer Science & Engineering, Delhi Technological University, New Delhi, India; Dept. of Cognitive Science, IIIT-Delhi, New Delhi, India",,Conference Paper,0,IEEE Xplore,I658
"Anam, M. Khairul; Nasution, Torkis; Yenni, Helda; Pratiwi, Mutiana; Arsyah, Ulya Ilhami; Syahputra, Irwanda","Anam, M. Khairul; Nasution, Torkis; Yenni, Helda; Pratiwi, Mutiana; Arsyah, Ulya Ilhami; Syahputra, Irwanda",Improving the Performance of Naïve Bayes Using Stacking Technique for Detecting Stress in Students in Indonesia,2025,2025 2nd International Conference on Information System and Information Technology (ICISIT),10.1109/ICISIT66233.2025.11402979,https://ieeexplore.ieee.org/document/11402979/,,naive bayes; Stacking; SMOTE; Stress Detection; DASS,Accuracy; Stacking; Human factors; Mental health; Stability analysis; Bayes methods; Labeling; Information technology; Testing; Information systems,"Department of Informatics, Universitas Samudra, Langsa, Indonesia; Department of Informatics Engineering, Universitas Sains dan Teknologi Indonesia, Pekanbaru, Indonesia; Department of Informatics Engineering, Universitas Putra Indonesia YPTK, Padang, Indonesia; Department of Software Engineering Technology, Politeknik Negeri Padang, Padang, Indonesia","Department of Informatics, Universitas Samudra, Langsa, Indonesia; Department of Informatics Engineering, Universitas Sains dan Teknologi Indonesia, Pekanbaru, Indonesia; Department of Informatics Engineering, Universitas Putra Indonesia YPTK, Padang, Indonesia; Department of Software Engineering Technology, Politeknik Negeri Padang, Padang, Indonesia",,Conference Paper,1,IEEE Xplore,I659
"Saklani, Sumit; Manchanda, Mahesh; Bisht, Geetanjali; Thapa, Kalyan","Saklani, Sumit; Manchanda, Mahesh; Bisht, Geetanjali; Thapa, Kalyan",Comparing Random Forest and XGBoost for Sentiment Classification of Student Social Media Posts: A Case Study on Pre-Board Exam Stress,2025,2025 Global Conference in Emerging Technology (GINOTECH),10.1109/GINOTECH63460.2025.11076620,https://ieeexplore.ieee.org/document/11076620/,,Sentiment analysis; random forests; xgboost; mental health monitoring; ensemble learning; TF-IDF; computational efficiency,Radio frequency; Sentiment analysis; Accuracy; Social networking (online); Pipelines; Mental health; Feature extraction; Noise measurement; Random forests; Monitoring,"Dept. of Computer Science & Engineering, Graphic Era Hill University, Dehradun, India; Dept. of Computer Application, Graphic Era Deemed to be University, Dehradun, India","Dept. of Computer Science & Engineering, Graphic Era Hill University, Dehradun, India; Dept. of Computer Application, Graphic Era Deemed to be University, Dehradun, India",,Conference Paper,5,IEEE Xplore,I660
"Begum, Shaik Rasheeda; Sait, Saad Yunus; Ramachandran, Arul Saravanan","Begum, Shaik Rasheeda; Sait, Saad Yunus; Ramachandran, Arul Saravanan",AI-based Depression Detection using Profile Information,2023,"2023 2nd International Conference on Automation, Computing and Renewable Systems (ICACRS)",10.1109/ICACRS58579.2023.10405040,https://ieeexplore.ieee.org/document/10405040/,,Depression; Machine learning; Feature selection; filters; mRMR; wrapper method; Boruta; RFE; Embedded Method; Lasso; SMOTE,Surveys; Renewable energy sources; Social networking (online); Depression; Feature extraction; Stress; Standards,"Department of Computational Intelligence, SRM Institute of Science and Technology, Kattankulathur, Chengalpattu Dt, Chennai, Tamil Nadu, India; Department of Psychiatry, SRM Medical College Hospital & RC, SRM Institute of Science and Technology, Kattankulathur, Chengalpattu Dt, Chennai, Tamil Nadu, India","Department of Computational Intelligence, SRM Institute of Science and Technology, Kattankulathur, Chengalpattu Dt, Chennai, Tamil Nadu, India; Department of Psychiatry, SRM Medical College Hospital & RC, SRM Institute of Science and Technology, Kattankulathur, Chengalpattu Dt, Chennai, Tamil Nadu, India",,Conference Paper,1,IEEE Xplore,I661
"Hilmy, Muhammad Syazani Hafiy; Asnawi, Ani Liza; Jusoh, Ahmad Zamani; Abdullah, Khaizuran; Ibrahim, Siti Noorjannah; Ramli, Huda Adibah Mohd; Azmin, Nor Fadhillah Mohamed","Hilmy, Muhammad Syazani Hafiy; Asnawi, Ani Liza; Jusoh, Ahmad Zamani; Abdullah, Khaizuran; Ibrahim, Siti Noorjannah; Ramli, Huda Adibah Mohd; Azmin, Nor Fadhillah Mohamed",Stress Classification based on Speech Analysis of MFCC Feature via Machine Learning,2021,2021 8th International Conference on Computer and Communication Engineering (ICCCE),10.1109/ICCCE50029.2021.9467176,https://ieeexplore.ieee.org/document/9467176/,,stress detection; speech signals; machine learning; Mel-Frequency Cepstral Coefficient; neural networks,Speech analysis; Speech coding; Neural networks; Psychology; Training data; Machine learning; Feature extraction,"Dept. of Electrical & Computer Engineering, Kuliyyah of Engineering, International Islamic University Malaysia, Kuala Lumpur, Malaysia; Dept. of Electrical & Computer Eng., Kuliyyah of Engineering, International Islamic University Malaysia, Kuala Lumpur, Malaysia; Dept. of Biotechnology Eng., Kuliyyah of Engineering, International Islamic University Malaysia, Kuala Lumpur, Malaysia","Dept. of Electrical & Computer Engineering, Kuliyyah of Engineering, International Islamic University Malaysia, Kuala Lumpur, Malaysia; Dept. of Electrical & Computer Eng., Kuliyyah of Engineering, International Islamic University Malaysia, Kuala Lumpur, Malaysia; Dept. of Biotechnology Eng., Kuliyyah of Engineering, International Islamic University Malaysia, Kuala Lumpur, Malaysia",,Conference Paper,16,IEEE Xplore,I664
"Pawar, Vivekanand; Patil, Archana Bhaskar; Santra, Aparna","Pawar, Vivekanand; Patil, Archana Bhaskar; Santra, Aparna",Predicting Smartphone Addiction Using Behavioral and Psychological Traits with Machine Learning,2025,2025 Global Conference in Emerging Technology (GINOTECH),10.1109/GINOTECH63460.2025.11077064,https://ieeexplore.ieee.org/document/11077064/,,Smartphone addiction; behavioral traits; psychological traits; machine learning; random forests; personality traits,Analytical models; Accuracy; Social networking (online); Addiction; Mental health; Medical services; Predictive models; Robustness; Engineering students; Random forests,"M. Tech (Computer Engineering), COEP Technological University, Pune, Maharashtra, India; COEP Technological University, Pune, Maharashtra, India","M. Tech (Computer Engineering), COEP Technological University, Pune, Maharashtra, India; COEP Technological University, Pune, Maharashtra, India",,Conference Paper,4,IEEE Xplore,I665
"Hoang, Thanh Hai; Dang, Tran Khanh; Trang, Nguyen Thi Huyen","Hoang, Thanh Hai; Dang, Tran Khanh; Trang, Nguyen Thi Huyen",Personalized Stress Detection for University Students Using Wearable Devices,2025,2025 19th International Conference on Ubiquitous Information Management and Communication (IMCOM),10.1109/IMCOM64595.2025.10857507,https://ieeexplore.ieee.org/document/10857507/,,Personalized Stress Detection; Health Monitoring; University Students; WESAD Dataset; XGBoost; Model Fine-tuning,Adaptation models; Accuracy; Computational modeling; Transfer learning; Human factors; Predictive models; Real-time systems; Wearable devices; Wearable sensors; Monitoring,"FPT Software, Ho Chi Minh City, Vietnam; Institute for Experiential Technology Van Lang University, Ho Chi Minh City, Vietnam; Ho Chi Minh City University of Technology, VNU-HCM Ho Chi Minh City, Vietnam","FPT Software, Ho Chi Minh City, Vietnam; Institute for Experiential Technology Van Lang University, Ho Chi Minh City, Vietnam; Ho Chi Minh City University of Technology, VNU-HCM Ho Chi Minh City, Vietnam",,Conference Paper,3,IEEE Xplore,I677
"Sarmiento-Calisaya, Edgar; Ccori, Pablo Calcina; Parari, Alvaro Cuno","Sarmiento-Calisaya, Edgar; Ccori, Pablo Calcina; Parari, Alvaro Cuno",An Emotion-Aware Persuasive Architecture to Support Challenging Classroom Situations,2022,2022 IEEE International Conference on Consumer Electronics (ICCE),10.1109/ICCE53296.2022.9730567,https://ieeexplore.ieee.org/document/9730567/,,Context-Aware Systems; emotion-aware; Persuasive systems; internet of things; software architecture,Pandemics; Persuasive systems; Education; Prototypes; Mental health; Real-time systems; Physiology,"Universidad Nacional de San Agustin de Arequipa, Arequipa, Peru","Universidad Nacional de San Agustin de Arequipa, Arequipa, Peru",,Conference Paper,3,IEEE Xplore,I678
"Anitha, S.; Jasmine, R. Anita; Kavitha, J.; Sharmila, L.; Roselinkiruba, R.; Sowmyayani, S.","Anitha, S.; Jasmine, R. Anita; Kavitha, J.; Sharmila, L.; Roselinkiruba, R.; Sowmyayani, S.",A Multifaceted Student Activity Recognition Framework from Video Surveillance Cameras,2024,2024 International BIT Conference (BITCON),10.1109/BITCON63716.2024.10984786,https://ieeexplore.ieee.org/document/10984786/,,audio-visual emotion recognition; transfer learning; speech emotion recognition; facial emotion recognition; temporal analysis; Geometrical features,Deep learning; Support vector machines; Emotion recognition; Histograms; Accuracy; Anxiety disorders; Lighting; Feature extraction; Boosting; Random forests,"Assistant BCA Department, Govindammal Aditanar College for Women, Tiruchendur, India; SRM Institute of Science and Technology, Chennai, India; Vel Tech Rangarajan Dr. Sagunthala R&D Institute of Science and Technology, Avadi, Tamilnadu, India; St. Mary's College (Autonomous), Tuticorin, Tamilnadu, India","Assistant BCA Department, Govindammal Aditanar College for Women, Tiruchendur, India; SRM Institute of Science and Technology, Chennai, India; Vel Tech Rangarajan Dr. Sagunthala R&D Institute of Science and Technology, Avadi, Tamilnadu, India; St. Mary's College (Autonomous), Tuticorin, Tamilnadu, India",,Conference Paper,0,IEEE Xplore,I679
"Swedheetha, C.; Sankar, E. Nihil; Ramkishan, C.B.","Swedheetha, C.; Sankar, E. Nihil; Ramkishan, C.B.",Mental Stress Prediction Using Machine Learning and Facial Emotion Recognition,2025,2025 IEEE 14th International Conference on Communication Systems and Network Technologies (CSNT),10.1109/CSNT64827.2025.10968217,https://ieeexplore.ieee.org/document/10968217/,,Stress Prediction; Machine Learning; convolutional neural networks; Facial Emotion Detection; Mental Health Monitoring,Emotion recognition; Adaptation models; Focusing; Mental health; Predictive models; Feature extraction; Real-time systems; Convolutional neural networks; Monitoring; Random forests,"Department of Computer Science and Engineering, Velammal College of Engineering and Technology, Madurai, India","Department of Computer Science and Engineering, Velammal College of Engineering and Technology, Madurai, India",,Conference Paper,3,IEEE Xplore,I681
"Laiti, Justin; Liu, Yu; Dunne, Pádraic J.; Byrne, Elaine; Zhu, Tingting","Laiti, Justin; Liu, Yu; Dunne, Pádraic J.; Byrne, Elaine; Zhu, Tingting",Real-World Classification of Student Stress and Fatigue Using Wearable PPG Recordings,2026,IEEE Transactions on Affective Computing,10.1109/TAFFC.2025.3628467,https://ieeexplore.ieee.org/document/11224587/,,Wearables; student stress and fatigue detection; PPG; edge computing; machine learning,Fatigue; Wearable devices; Stress; Pipelines; Human factors; Heart rate variability; Biomedical monitoring; Anxiety disorders; Affective computing; Recording,"Royal College of Surgeons in Ireland, Dublin, Ireland; Institute of Biomedical Engineering, University of Oxford, Oxford, U.K.","Royal College of Surgeons in Ireland, Dublin, Ireland; Institute of Biomedical Engineering, University of Oxford, Oxford, U.K.",,Article,4,IEEE Xplore,I685
"Mann, Paulo; Matsushima, Elton H.; Paes, Aline","Mann, Paulo; Matsushima, Elton H.; Paes, Aline",Detecting Depression from Social Media Data as a Multiple-Instance Learning Task,2022,2022 10th International Conference on Affective Computing and Intelligent Interaction (ACII),10.1109/ACII55700.2022.9953811,https://ieeexplore.ieee.org/document/9953811/,,Depression; Deep Learning; Transformers; Multiple Instance Learning; University Students,Affective computing; Social networking (online); Machine learning; Computer architecture; Depression; Transformers; Natural language processing,"Institute of Computing Universidade Federal Fluminense, Niterói, Brazil; Department of Psychology, Universidade Federal Fluminense, Niterói, Brazil","Institute of Computing Universidade Federal Fluminense, Niterói, Brazil; Department of Psychology, Universidade Federal Fluminense, Niterói, Brazil",,Conference Paper,7,IEEE Xplore,I686
"Shanbhog, M. Sharisha; Medikonda, Jeevan; Rai, Shweta; Mathias, Rayan Charls","Shanbhog, M. Sharisha; Medikonda, Jeevan; Rai, Shweta; Mathias, Rayan Charls",Explainable Machine Learning for Multiclass Stress Prediction Using Questionnaire Data,2026,IEEE Access,10.1109/ACCESS.2026.3678412,https://ieeexplore.ieee.org/document/11456973/,,Emergency remote learning; explainable ai; good health; machine learning; multiclass stress classification; quality education; student mental health,Human factors; COVID-19; Pandemics; Instruments; Education; Distance learning; Mental health; Surveys; Anxiety disorders; Logistic regression,"Manipal Institute of Technology, Manipal Academy of Higher Education, Manipal, India; Department of Clinical Psychology, Kateel Ashok Pai Memorial Institute of Allied Health Sciences, Shivamogga, India","Manipal Institute of Technology, Manipal Academy of Higher Education, Manipal, India; Department of Clinical Psychology, Kateel Ashok Pai Memorial Institute of Allied Health Sciences, Shivamogga, India",,Article,0,IEEE Xplore,I688
"Mathivanan, Norsyela Muhammad Noor; Xi, Debbie Foo Yong; Lee, Gerard Chong Soon; Vosse, Cindy De; Shamsudin, Siti Fazilah; Mansor, Mahayaudin M.","Mathivanan, Norsyela Muhammad Noor; Xi, Debbie Foo Yong; Lee, Gerard Chong Soon; Vosse, Cindy De; Shamsudin, Siti Fazilah; Mansor, Mahayaudin M.",Optimizing Depression Prediction Models: A Stacked Ensemble Approach with Weighted Feature Importance,2025,2025 IEEE 15th Symposium on Computer Applications & Industrial Electronics (ISCAIE),10.1109/ISCAIE64985.2025.11080844,https://ieeexplore.ieee.org/document/11080844/,,Depression prediction; Machine learning; Ensemble learning; Feature importance,Technological innovation; Accuracy; Stacking; Mental health; Predictive models; Depression; Data models; Ensemble learning; History; Random forests,"School of Computing and Creative Media, University of Wollongong Malaysia, Shah Alam, Malaysia; School of Mathematical Sciences, College of Computing, Informatics and Mathematics, Universiti Teknologi MARA, Shah Alam, Malaysia","School of Computing and Creative Media, University of Wollongong Malaysia, Shah Alam, Malaysia; School of Mathematical Sciences, College of Computing, Informatics and Mathematics, Universiti Teknologi MARA, Shah Alam, Malaysia",,Conference Paper,1,IEEE Xplore,I695
"Saxena, Merry; Giri, Uttam Kumar; Kumar, Pramod; Jain, Indu Bharti; Sarangi, Deelip Kumar; Agrawal, Alok Kumar","Saxena, Merry; Giri, Uttam Kumar; Kumar, Pramod; Jain, Indu Bharti; Sarangi, Deelip Kumar; Agrawal, Alok Kumar",Early Identification of Student Suicidal Risk through Ensemble Learning Approaches,2026,2026 International Conference on Sustainable Engineering and Technology Innovations (ICSETI),10.1109/ICSETI67678.2026.11636678,https://ieeexplore.ieee.org/document/11636678/,,Suicide; Suicidal ideation; Adolescents; Depression; Risk factors; Machine learning,Modeling; Machine learning; Depression; Machining; Boosting; Educational institutions; Human factors; Stress; Accuracy; Sleep,"Department of Interdisciplinary Courses in Engineering, Chitkara University Institute of Engineering & Technology, Chitkara University, Punjab, India; Chitkara University School of Engineering and Technology, Chitkara University, Himachal Pradesh, India; Department of Law, Maharishi Markandeshwar (Deemed to be University), Ambala, Haryana, India; Kalinga University, Naya Raipur, Chhattisgarh, India","Department of Interdisciplinary Courses in Engineering, Chitkara University Institute of Engineering & Technology, Chitkara University, Punjab, India; Chitkara University School of Engineering and Technology, Chitkara University, Himachal Pradesh, India; Department of Law, Maharishi Markandeshwar (Deemed to be University), Ambala, Haryana, India; Kalinga University, Naya Raipur, Chhattisgarh, India",,Conference Paper,0,IEEE Xplore,I699
"Grozdani, Nikola; Muñoz, America; Pietrick, Alexander; Flores, Ricardo; Shrestha, Avantika; Guo, Xingtong; Liu, Shichao; Rundensteiner, Elke A.","Grozdani, Nikola; Muñoz, America; Pietrick, Alexander; Flores, Ricardo; Shrestha, Avantika; Guo, Xingtong; Liu, Shichao; Rundensteiner, Elke A.",Wearable Wellness: Depression Screening via Fitbit Data Collected During COVID-19 Pandemic,2023,2023 IEEE MIT Undergraduate Research Technology Conference (URTC),10.1109/URTC60662.2023.10534952,https://ieeexplore.ieee.org/document/10534952/,,passive depression screening; physiological data; time series; wearable biomarker; COVID-19,COVID-19; Training; Surveys; Wearable Health Monitoring Systems; Pandemics; Biological system modeling; Machine learning,"Computer Science Worcester Polytechnic Institute, Worcester, MA, USA; Computer Science/Information Systems National Louis University, Chicago, IL, USA; Computer Science/Data Science Worcester Polytechnic Institute, Worcester, MA, USA; Data Science Worcester Polytechnic Institute, Worcester, MA, USA; Architectural Engineering Worcester Polytechnic Institute, Worcester, MA, USA","Computer Science Worcester Polytechnic Institute, Worcester, MA, USA; Computer Science/Information Systems National Louis University, Chicago, IL, USA; Computer Science/Data Science Worcester Polytechnic Institute, Worcester, MA, USA; Data Science Worcester Polytechnic Institute, Worcester, MA, USA; Architectural Engineering Worcester Polytechnic Institute, Worcester, MA, USA",,Conference Paper,0,IEEE Xplore,I703
"Modak, Masooda; Temgire, Devdatta; Kaushik, Serin; Kachare, Vaibhav; Shriyan, Dheeraj","Modak, Masooda; Temgire, Devdatta; Kaushik, Serin; Kachare, Vaibhav; Shriyan, Dheeraj",IoT-Enhanced Stress-Adaptive Reading: A Machine Learning Approach with Galvanic Skin Response,2024,2024 2nd International Conference on Networking and Communications (ICNWC),10.1109/ICNWC60771.2024.10537560,https://ieeexplore.ieee.org/document/10537560/,,Personalized learning; Mental well-being; GSR sensors; Adaptive learning; educational technology; Stress monitoring; Stress-aware learning,Adaptation models; Education; Machine learning; Human factors; Skin; Sensor systems; Real-time systems,"Department of Computer Engineering, SIES Graduate School of Technology, India","Department of Computer Engineering, SIES Graduate School of Technology, India",,Conference Paper,1,IEEE Xplore,I707
"Sharma, Niraj; Hawladar, Pampa; Kushwaha, Nidhi","Sharma, Niraj; Hawladar, Pampa; Kushwaha, Nidhi",A Multimodal Approach Integrating Clinical Text Analysis and Psychometric Instruments for ADHD Prediction,2026,2026 4th International Conference on Sustainable Computing and Smart Systems (ICSCSS),10.1109/ICSCSS69635.2026.11645823,https://ieeexplore.ieee.org/document/11645823/,,ADHD; Natural Language Processing; Feature Engineering; Machine Learning; Clinical Decision Support; Interpretability; Mutual Information; Healthcare Informatics,Modeling; Machine learning; Mental health; Printing; Logistic regression; Instruments; Feature extraction; Accuracy; Machining; Natural language processing,"Department of Computer Science and Engineering, National Institute of Technology Jamshedpur, Jamshedpur, India","Department of Computer Science and Engineering, National Institute of Technology Jamshedpur, Jamshedpur, India",,Conference Paper,0,IEEE Xplore,I714
"Liu, Xiao; Zhang, Yingnan","Liu, Xiao; Zhang, Yingnan",LSTM-Based Real-Time Prediction Model for Student Psychological States using Multimodal Learning Analytics,2025,2025 2nd International Conference on Intelligent Algorithms for Computational Intelligence Systems (IACIS),10.1109/IACIS65746.2025.11211396,https://ieeexplore.ieee.org/document/11211396/,,multi-modal learning analysis; long short term memory; psychological state recognition; feature fusion; educational artificial Intelligence,Technological innovation; Accuracy; Education; Psychology; Predictive models; Real-time systems; Data models; Windows; Biomedical monitoring; Long short term memory,"Beihua University, Jilin, China","Beihua University, Jilin, China",,Conference Paper,0,IEEE Xplore,I715
"Umayangana, I. G. G.; Abeygunawardana, R.A.B.","Umayangana, I. G. G.; Abeygunawardana, R.A.B.",A Machine Learning Approach for Predicting the Anxiety Status Among O/L Students: A Case Study from Elpitiya Educational Zone,2026,2026 6th International Conference on Advanced Research in Computing (ICARC),10.1109/ICARC68737.2026.11453550,https://ieeexplore.ieee.org/document/11453550/,,Anxiety; Classification; Machine Learning; Multioutput Classifier with Random Forest; SCARED Child Version Questionnaire,Ethics; Accuracy; Anxiety disorders; Employment; Human factors; Sampling methods; Depression; Random forests,"Department of Statistics, University of Colombo, Colombo, Sri Lanka","Department of Statistics, University of Colombo, Colombo, Sri Lanka",,Conference Paper,0,IEEE Xplore,I717
"Srivastava, Satyajee; Parasar, Anuradha; Kunwar, Fateh Bahadur; Kumar, B Suresh; Nikam, Snehal; M, Raja Prakash","Srivastava, Satyajee; Parasar, Anuradha; Kunwar, Fateh Bahadur; Kumar, B Suresh; Nikam, Snehal; M, Raja Prakash",Predicting Academic Stress Among Students Through Psychometric Assessments Using Hybrid Neural Networks,2025,2025 Global Conference in Emerging Technology (GINOTECH),10.1109/GINOTECH63460.2025.11076777,https://ieeexplore.ieee.org/document/11076777/,,Pearson Correlation Coefficient (PCC); Mutual Information (MI); Principal Component Analysis (PCA),Accuracy; Neural networks; Mortality; Mental health; Depression; Real-time systems; Mutual information; Monitoring; Long short term memory; Principal component analysis,"School of Engineering and Technology, CSE, Manav Rachna International Institute of Research and Studies, Faridabad, India; School of Liberal Education, Galgotias University, Uttar Pradesh, India; Department of CSE, Geetanjali Institute of Technical Studies, Udaipur, Rajasthan, India; Department of EEE, Chaitanya Bharathi Institute of Technology, Hyderabad, Telangana, India; Department of First Year Engineering, Dr.D.Y.Patil Institute of Technology, Pune, Maharashtra, India; Department of Management Studies, II MBA, St Joseph's College of Engineering, Chennai, India","School of Engineering and Technology, CSE, Manav Rachna International Institute of Research and Studies, Faridabad, India; School of Liberal Education, Galgotias University, Uttar Pradesh, India; Department of CSE, Geetanjali Institute of Technical Studies, Udaipur, Rajasthan, India; Department of EEE, Chaitanya Bharathi Institute of Technology, Hyderabad, Telangana, India; Department of First Year Engineering, Dr.D.Y.Patil Institute of Technology, Pune, Maharashtra, India; Department of Management Studies, II MBA, St Joseph's College of Engineering, Chennai, India",,Conference Paper,0,IEEE Xplore,I722
"Anggreainy, Maria Susan","Anggreainy, Maria Susan",Hyperparameter Optimization for Stress Level Classification in University Students: A Comparative Analysis of GridSearchCV and RandomizedSearchCV,2025,2025 Tenth International Conference on Informatics and Computing (ICIC),10.1109/ICIC68054.2025.11309700,https://ieeexplore.ieee.org/document/11309700/,,stress level classification; decision trees; gridsearchcv; randomizedsearchcv; TF-IDF,Accuracy; Training data; Human factors; Feature extraction; Hyperparameter optimization; Data models; Decision trees; Stress; Testing; Overfitting,"Computer Science Department, BINUS Graduate Program, Doctor of Computer Science, Bina Nusantara University, Jakarta, Indonesia","Computer Science Department, BINUS Graduate Program, Doctor of Computer Science, Bina Nusantara University, Jakarta, Indonesia",,Conference Paper,0,IEEE Xplore,I734
"Ming, Foo Jia; Anhum, Shaik Shabana; Islam, Shayla; Keoy, Kay Hooi","Ming, Foo Jia; Anhum, Shaik Shabana; Islam, Shayla; Keoy, Kay Hooi",Facial Emotion Recognition System for Mental Stress Detection among University Students,2023,"2023 3rd International Conference on Electrical, Computer, Communications and Mechatronics Engineering (ICECCME)",10.1109/ICECCME57830.2023.10252617,https://ieeexplore.ieee.org/document/10252617/,,mental stress; facial recognition technology; emotion; facial expressions,Human computer interaction; Emotion recognition; Mechatronics; Machine learning algorithms; Human factors; Reliability engineering; Libraries; Planning; Security; Testing,"Institute of Computer Science and Digital Innovation, UCSI University, Kuala Lumpur, Malaysia","Institute of Computer Science and Digital Innovation, UCSI University, Kuala Lumpur, Malaysia",,Conference Paper,24,IEEE Xplore,I741
"Tara, Kusum; Islam, Md Hasibul","Tara, Kusum; Islam, Md Hasibul",Prediction of Mental Stress-handling Capability of Students using Support Vector Machine,2024,2024 3rd International Conference for Innovation in Technology (INOCON),10.1109/INOCON60754.2024.10511555,https://ieeexplore.ieee.org/document/10511555/,,Bio-electrical impedance spectroscopy; Mental stress-handling capability; machine learning models; support vector machines; Body compositional parameters,Support vector machines; Technological innovation; Sociology; Psychology; Human factors; Machine learning; Predictive models,"Department of Electrical & Electronic Engineering, Rajshahi University of Engineering & Technology, Bangladesh","Department of Electrical & Electronic Engineering, Rajshahi University of Engineering & Technology, Bangladesh",,Conference Paper,1,IEEE Xplore,I744
"Parasar, Anuradha; S, Naveena; Priyadharshini, B. Indira; Soorya, S.; Lamba, Anil Kumar; Devi, M. Nirmala","Parasar, Anuradha; S, Naveena; Priyadharshini, B. Indira; Soorya, S.; Lamba, Anil Kumar; Devi, M. Nirmala",Analysing Social Media Addiction and Deceptive Psychological Behaviour Among Students Using a Hybrid Deep Ensemble Framework,2025,2025 Global Conference in Emerging Technology (GINOTECH),10.1109/GINOTECH63460.2025.11077111,https://ieeexplore.ieee.org/document/11077111/,,Social media addiction; deceptive behaviour; deep learning; ensemble learning; XGBoost; convolutional neural networks; behavioural analysis; explainable ai; SHAP values; academic performance; sentiment analysis; hybrid framework,Deep learning; Sentiment analysis; Accuracy; Text analysis; Social networking (online); Explainable AI; Addiction; Surveillance; Psychology; Real-time systems,"School of Liberal Education, Galgotias University, Uttar Pradesh, India; Department of Information Technology, Bannari Amman Institute of Technology, Sathyamangalam, Tamilnadu, India; Department of Commerce (E-Commerce), NGM College, Pollachi, Tamilnadu, India; Department of CSE, Velalar College of Engineering and Technology, Artificial Intelligence and Machine Learning, Thindal, Erode, Tamilnadu, India; Department of CSE, MMEC Maharishi Markandeshwar (Deemed to be University), Ambala, Haryana, India; Department of English, St. Martin's Engineering College, Telangana, India","School of Liberal Education, Galgotias University, Uttar Pradesh, India; Department of Information Technology, Bannari Amman Institute of Technology, Sathyamangalam, Tamilnadu, India; Department of Commerce (E-Commerce), NGM College, Pollachi, Tamilnadu, India; Department of CSE, Velalar College of Engineering and Technology, Artificial Intelligence and Machine Learning, Thindal, Erode, Tamilnadu, India; Department of CSE, MMEC Maharishi Markandeshwar (Deemed to be University), Ambala, Haryana, India; Department of English, St. Martin's Engineering College, Telangana, India",,Conference Paper,2,IEEE Xplore,I746
"De, Samprita; Ghosh, Smritika; Sen, Deepanjan; Das, Swarup; Sarkar, Arindam","De, Samprita; Ghosh, Smritika; Sen, Deepanjan; Das, Swarup; Sarkar, Arindam",Comparative Analysis of Heterogeneous Ensemble Models for Early Depression Prediction Among Undergraduates,2025,"2025 International Conference on Computing, Intelligence, and Application (CIACON)",10.1109/CIACON65473.2025.11189611,https://ieeexplore.ieee.org/document/11189611/,,depression; ensemble learning; multicollinearity; pearson correlation coefficient; data augmentation,Correlation coefficient; Training; Surveys; Accuracy; Redundancy; Mental health; Predictive models; Depression; Robustness; Testing,"Dept. of Computer Applications, Dr. B. C. Roy Academy of Professional Courses, Durgapur, India; Dept. of Computer Science and Technology, University of North Bengal, Siliguri, India; Dept. of Computer Science and Electronics, Ramakrishna Mission Vidyamandira, Howrah, India","Dept. of Computer Applications, Dr. B. C. Roy Academy of Professional Courses, Durgapur, India; Dept. of Computer Science and Technology, University of North Bengal, Siliguri, India; Dept. of Computer Science and Electronics, Ramakrishna Mission Vidyamandira, Howrah, India",,Conference Paper,0,IEEE Xplore,I748
"Kannan, J.Vishnu; N.Deepa; Devi.T","Kannan, J.Vishnu; N.Deepa; Devi.T",A Hybrid RF with BERT Model for Improved Eco-Anxiety Prediction among Medical Learners by Multi-Factor Data Fusion,2026,2026 7th International Conference on Smart Systems and Inventive Technology (ICSSIT),10.1109/ICSSIT69151.2026.11656591,https://ieeexplore.ieee.org/document/11656591/,,Eco-Anxiety Prediction; Hybrid RF with BERT; Mental Health Forecasting; Multi-Modal Data Fusion; Predictive Modelling in Healthcare; Psychological Risk Assessment,Modeling; Human factors; Stress; Bit error rate; Equations; Indexes; Indexing; Mental health; Climate; Meteorology,"Department of Computer Science and Engineering, Saveetha School of Engineering, Saveetha Institute of Medical and Technical Sciences, Chennai","Department of Computer Science and Engineering, Saveetha School of Engineering, Saveetha Institute of Medical and Technical Sciences, Chennai",,Conference Paper,0,IEEE Xplore,I749
"Kuang, Jinran; Li, Mingjing; Jin, Guonian; Wang, Zhiyong; Xiao, Yang","Kuang, Jinran; Li, Mingjing; Jin, Guonian; Wang, Zhiyong; Xiao, Yang",Implementation of a Student Psychological Crisis Early Warning System Based on Multimodal Data Fusion,2025,"2025 International Conference on Machine Learning, Computational Intelligence and Pattern Recognition (MLCIPR)",10.1109/MLCIPR68329.2025.11407293,https://ieeexplore.ieee.org/document/11407293/,,Psychological Crisis; Early Warning; Anomaly Detection; Emotion Recognition,Emotion recognition; Data privacy; Social networking (online); Heuristic algorithms; Mental health; Speech recognition; Alarm systems; Data collection; Protection; Videos,"School of Computing and Artificial Intelligence, Hubei University of Science and Technology, Xianning, China; Mental Health Education and Counseling Center, Hubei University of Science and Technology, Xianning, China","School of Computing and Artificial Intelligence, Hubei University of Science and Technology, Xianning, China; Mental Health Education and Counseling Center, Hubei University of Science and Technology, Xianning, China",,Conference Paper,0,IEEE Xplore,I752
"Panda, Amiya Ranjan; Roy, Sattwik; Mishra, Manoj Kumar; Sahoo, Soumyashree; Mohapatra, Subhransu; Gaurisaria, Mahendra Kumar","Panda, Amiya Ranjan; Roy, Sattwik; Mishra, Manoj Kumar; Sahoo, Soumyashree; Mohapatra, Subhransu; Gaurisaria, Mahendra Kumar",Hyperparameter Tuning Of Machine Learning Models: Analysing Student’s Depression Data,2025,2025 International Conference on Emerging Systems and Intelligent Computing (ESIC),10.1109/ESIC64052.2025.10962651,https://ieeexplore.ieee.org/document/10962651/,,Bayesian Optimization; Classification performance graph; ML Classifier; Grid search CV; Hyperparameter Tuning; Random Search CV,Support vector machines; Logistic regression; Accuracy; Computational modeling; Nearest neighbor methods; Depression; Data models; Bayes methods; Tuning; Optimization,"School of Computer Engineering, KIIT Deemed to be University, Bhubaneswar, Odisha","School of Computer Engineering, KIIT Deemed to be University, Bhubaneswar, Odisha",,Conference Paper,3,IEEE Xplore,I756
"Nooraini, Helena; Salamah, Umi; Prasetyo, Heri","Nooraini, Helena; Salamah, Umi; Prasetyo, Heri",The Comparison of Classification of Stress Level Related to Student's Menstrual Cycle Irregularities with Support Vector Machine and Decision Tree Algorithm,2022,2022 5th International Conference on Information and Communications Technology (ICOIACT),10.1109/ICOIACT55506.2022.9972141,https://ieeexplore.ieee.org/document/9972141/,,stress; menstrual cycle; classification; SMOTE; support vector machines; Radial Basis Function; decision trees; Gini Index,Support vector machines; Support vector machine classification; Human factors; Mental health; Classification algorithms; Information and communication technology; Decision trees,"Departement of Informatics, Faculty of Mathematics and Natural Sciences, Universitas Sebelas Maret, Surakarta, Indonesia","Departement of Informatics, Faculty of Mathematics and Natural Sciences, Universitas Sebelas Maret, Surakarta, Indonesia",,Conference Paper,0,IEEE Xplore,I764
"Ananthanagu, U; Agarwal, Pooja","Ananthanagu, U; Agarwal, Pooja",Fostering Resilience: Machine Learning Models for Student Stress Prediction in Education,2024,2024 IEEE 9th International Conference for Convergence in Technology (I2CT),10.1109/I2CT61223.2024.10543492,https://ieeexplore.ieee.org/document/10543492/,,Anxiety; Depression; Deep Learning; Machine Learning; Stress,Deep learning; Support vector machines; Biological system modeling; Transfer learning; Psychology; Human factors; Predictive models,"Department of Computer Science and Engineering, PES University, Bengaluru, India","Department of Computer Science and Engineering, PES University, Bengaluru, India",,Conference Paper,2,IEEE Xplore,I765
"Larrazabal, Maria A.; Wang, Zhiyuan; Rucker, Mark; Toner, Emma R.; Boukhechba, Mehdi; Teachman, Bethany A.; Barnes, Laura E.","Larrazabal, Maria A.; Wang, Zhiyuan; Rucker, Mark; Toner, Emma R.; Boukhechba, Mehdi; Teachman, Bethany A.; Barnes, Laura E.",Understanding State Social Anxiety in Virtual Social Interactions Using Multimodal Wearable Sensing Indicators,2025,2025 IEEE International Conference on Smart Computing (SMARTCOMP),10.1109/SMARTCOMP65954.2025.00074,https://ieeexplore.ieee.org/document/11058606/,,State social anxiety; passive sensing; wearable sensing; social contexts,Temperature measurement; Fluctuations; Accuracy; Biological system modeling; Anxiety disorders; Mental health; Predictive models; Sensors; Wearable devices; Context modeling,"Department of Psychology, University of Virginia, Charlottesville, VA, USA; Department of Systems and Information Engineering, University of Virginia, Charlottesville, VA, USA; Johnson & Johnson Innovative Medicine, Titusville, NJ, USA","Department of Psychology, University of Virginia, Charlottesville, VA, USA; Department of Systems and Information Engineering, University of Virginia, Charlottesville, VA, USA; Johnson & Johnson Innovative Medicine, Titusville, NJ, USA",,Conference Paper,4,IEEE Xplore,I767
"Wang, Zhenkun; Bogdan, Ioana Corina; Liu, Chonghao; Nazarian, Shahin; Bogdan, Paul","Wang, Zhenkun; Bogdan, Ioana Corina; Liu, Chonghao; Nazarian, Shahin; Bogdan, Paul",IoT-Enabled Smartwatches for Secure Examinations and Healthcare Assessments,2025,2025 IEEE 21st International Conference on Automation Science and Engineering (CASE),10.1109/CASE58245.2025.11164074,https://ieeexplore.ieee.org/document/11164074/,,,,"Ming Hsieh Dept. of Electrical and Computer Engineering, University of Southern California (USC), Los Angeles, USA; Dept. of Electronics and Computers, Transilvania University of Brasov, Romania","Ming Hsieh Dept. of Electrical and Computer Engineering, University of Southern California (USC), Los Angeles, USA; Dept. of Electronics and Computers, Transilvania University of Brasov, Romania",,Conference Paper,0,IEEE Xplore,I768
"Larrain, Gonzalo B.; Rojas-Morales, Nicolás; Jeneral, Psy. Daniel Olcay; Rogel, Nicolás Gonzalez","Larrain, Gonzalo B.; Rojas-Morales, Nicolás; Jeneral, Psy. Daniel Olcay; Rogel, Nicolás Gonzalez",Towards a Classifier Ensamble to prevent Burnout Syndrome on University Students,2022,2022 41st International Conference of the Chilean Computer Science Society (SCCC),10.1109/SCCC57464.2022.10000313,https://ieeexplore.ieee.org/document/10000313/,,Burnout syndrome; Human Place; Neural Networks,Computer science; Instruments; Anxiety disorders; Artificial neural networks; Depression; Proposals,"Computer Science Department, Universidad Técnica Federico Santa María; Servicios y soluciones de calidad de vida, Valparaíso, Chile","Computer Science Department, Universidad Técnica Federico Santa María; Servicios y soluciones de calidad de vida, Valparaíso, Chile",,Conference Paper,1,IEEE Xplore,I782
"Shifani, S. Agnes; MManideepika; SK, Shabanabegum; Khafajeh, Hayel; Yuvadharshini, S.; Mamatha, B.","Shifani, S. Agnes; MManideepika; SK, Shabanabegum; Khafajeh, Hayel; Yuvadharshini, S.; Mamatha, B.",A Novel Prediction Methodology to Detect Students Electronic Gadget Addiction based on Using Deep Learning Principle,2025,2025 International Conference on Recent Innovation in Science Engineering and Technology (ICRISET),10.1109/ICRISET64803.2025.11252188,https://ieeexplore.ieee.org/document/11252188/,,Electronic Gadget Addiction; Deep Learning; convolutional neural networks; bidirectional long short term memory; Student Behavior Prediction; Attention Mechanism; Digital Wellness; Screen-Time Monitoring,Deep learning; Surveys; Support vector machines; Technological innovation; attention mechanism; Addiction; Surveillance; Convolutional neural networks; Synthetic aperture sonar; Standards,"Dept of ECE, Saveetha School of Engineering, Saveetha Institute of Medical and Technical Sciences, Chennai; Department of ECE, QIS College of Engineering and Technology, Andhra Pradesh, India; Department of Artificial Intelligence, Faculty of Information Technology, Zarqa University, Zarqa, Jordan; Dept of M.E VLSI and Embedded System, Saveetha School of Engineering, Saveetha Institute of Medical and Technical Sciences, Chennai; Department of CSE-AI&ML, MLR Institute of Technology, Hyderabad, Telangana, India","Dept of ECE, Saveetha School of Engineering, Saveetha Institute of Medical and Technical Sciences, Chennai; Department of ECE, QIS College of Engineering and Technology, Andhra Pradesh, India; Department of Artificial Intelligence, Faculty of Information Technology, Zarqa University, Zarqa, Jordan; Dept of M.E VLSI and Embedded System, Saveetha School of Engineering, Saveetha Institute of Medical and Technical Sciences, Chennai; Department of CSE-AI&ML, MLR Institute of Technology, Hyderabad, Telangana, India",,Conference Paper,2,IEEE Xplore,I785
"Upadhyay, Devesh Kumar; Mohapatra, Subrajeet; Singh, Niraj Kumar; Bakhla, Ajay Kumar","Upadhyay, Devesh Kumar; Mohapatra, Subrajeet; Singh, Niraj Kumar; Bakhla, Ajay Kumar",Stacked SVM model for Dysthymia prediction in undergraduates students,2021,2021 8th International Conference on Signal Processing and Integrated Networks (SPIN),10.1109/SPIN52536.2021.9566004,https://ieeexplore.ieee.org/document/9566004/,,Psychological Disorder; Dysthyrnia; Persistent Depression Disorder (PDD); Cognitive psychology; support vector machines; Multi-kernel; Confusion matrix,Support vector machines; Psychology; Signal processing algorithms; Machine learning; Predictive models; Brain modeling; Depression,"Department of Computer Science and Engineering, Birla Institute of Technology, Ranchi, India; Department of Psychiatry, Rajendra Institute of Medical Sciences, Ranchi, India","Department of Computer Science and Engineering, Birla Institute of Technology, Ranchi, India; Department of Psychiatry, Rajendra Institute of Medical Sciences, Ranchi, India",,Conference Paper,1,IEEE Xplore,I797
"Lathaharan, Abilash; Ravendran, Danushan; Varatharasa, Agash; Thayaparan, Abinaya; Kasthuriarachchi, Sanvitha; Rajendran, Karthiga","Lathaharan, Abilash; Ravendran, Danushan; Varatharasa, Agash; Thayaparan, Abinaya; Kasthuriarachchi, Sanvitha; Rajendran, Karthiga",Transforming Online Learning with CNN and NLP: Personalized Education,2023,"2023 IEEE 14th Annual Ubiquitous Computing, Electronics & Mobile Communication Conference (UEMCON)",10.1109/UEMCON59035.2023.10316124,https://ieeexplore.ieee.org/document/10316124/,,Virtual Learning; Virtual Classroom; Deep Learning; Text Analytics; Easy Learning; Well-being in Education,Education; Authentication; Mental health; Mobile communication; Image reconstruction,"Department of Computer Science & Software Engineering, Sri Lanka Institute of Information Technology, New Kandy Road, Malabe, Sri Lanka; Department of Information Technology, SSri Lanka Institute of Information Technology, New Kandy Road, Malabe, Sri Lanka","Department of Computer Science & Software Engineering, Sri Lanka Institute of Information Technology, New Kandy Road, Malabe, Sri Lanka; Department of Information Technology, SSri Lanka Institute of Information Technology, New Kandy Road, Malabe, Sri Lanka",,Conference Paper,3,IEEE Xplore,I799
"Hidayat, Rohmad; Lhaksmana, Kemas M; Nurhayati, Iis Kurnia","Hidayat, Rohmad; Lhaksmana, Kemas M; Nurhayati, Iis Kurnia",Language Anxiety Detection in English Texts Using BERT and SVM,2025,2025 International Conference on Data Science and Its Applications (ICoDSA),10.1109/ICoDSA67155.2025.11156995,https://ieeexplore.ieee.org/document/11156995/,,language anxiety; bert; text classification; deep learning models; support vector machines,Support vector machines; Accuracy; Computational modeling; Anxiety disorders; Bidirectional control; Mental health; Transformers; Encoding; Data models; Context modeling,"School of Computing, Telkom University, Bandung, Indonesia; School of Communication and Social Sciences, Telkom University, Bandung, Indonesia","School of Computing, Telkom University, Bandung, Indonesia; School of Communication and Social Sciences, Telkom University, Bandung, Indonesia",,Conference Paper,1,IEEE Xplore,I801
"Sakaguchi, Kota; Sakuma, Takuto; Kato, Shohei","Sakaguchi, Kota; Sakuma, Takuto; Kato, Shohei",Underbagging-Based Ensemble Learning approach to Detection of Depression from Smartphone Logs,2023,2023 IEEE 12th Global Conference on Consumer Electronics (GCCE),10.1109/GCCE59613.2023.10315432,https://ieeexplore.ieee.org/document/10315432/,,mental health; sensing; lifelog; depression; machine learning; support vector machines,Support vector machines; Sensitivity; Oral communication; Medical services; Depression; Feature extraction; Ensemble learning,"Graduate School of Engineering, Nagoya Institute of Technology, Nagoya-City, Aichi, Japan","Graduate School of Engineering, Nagoya Institute of Technology, Nagoya-City, Aichi, Japan",,Conference Paper,1,IEEE Xplore,I809
"S, Abhinav P V; Boyina, Kamal; Reddy, Gujja Manaswi; Akshita, Gunturi; Nair, Priyanka C","S, Abhinav P V; Boyina, Kamal; Reddy, Gujja Manaswi; Akshita, Gunturi; Nair, Priyanka C",Multi-Class Prediction of Suicide Behavior of Adolescents Using Machine Learning Approach,2023,2023 14th International Conference on Computing Communication and Networking Technologies (ICCCNT),10.1109/ICCCNT56998.2023.10307128,https://ieeexplore.ieee.org/document/10307128/,,Suicide attempt; data analysis; machine learning; classification algorithms; random forests,Surveys; Support vector machines; Machine learning algorithms; Psychology; Predictive models; Prediction algorithms; Rendering (computer graphics),"Dept. of Computer Science and Engineering, Amrita School of Computing, Bengaluru, Amrita Vishwa Vidyapeetham, India","Dept. of Computer Science and Engineering, Amrita School of Computing, Bengaluru, Amrita Vishwa Vidyapeetham, India",,Conference Paper,8,IEEE Xplore,I820
"Li, Jiayu; Wang, Manman; Zhang, Feifei; Liu, Guangyuan; Wen, Wanhui","Li, Jiayu; Wang, Manman; Zhang, Feifei; Liu, Guangyuan; Wen, Wanhui",Chronic Stress Recognition Based on Time-Slot Analysis of Ambulatory Electrocardiogram and Tri-Axial Acceleration,2024,IEEE Transactions on Affective Computing,10.1109/TAFFC.2023.3326747,https://ieeexplore.ieee.org/document/10292877/,,Ambulatory electrocardiogram; autonomic nervous activity; chronic stress; machine learning; circadian rhythm,Human factors; Stress; Physiology; Electrocardiography; Psychology; Feature extraction; Electroencephalography,"Chongqing Key Laboratory of Nonlinear Circuits and Intelligent Information Processing and the College of Electronic and Information Engineering, Southwest University, Chongqing, China","Chongqing Key Laboratory of Nonlinear Circuits and Intelligent Information Processing and the College of Electronic and Information Engineering, Southwest University, Chongqing, China",,Article,11,IEEE Xplore,I823
"Sakhi, Abdelhak; Mansour, Salah-Eddine; Sekkaki, Abderrahim; Benzidane, Karim","Sakhi, Abdelhak; Mansour, Salah-Eddine; Sekkaki, Abderrahim; Benzidane, Karim",The Use of the AI to Classify the Emotion Intelligence (EI) Students,2022,"2022 IEEE 13th Annual Information Technology, Electronics and Mobile Communication Conference (IEMCON)",10.1109/IEMCON56893.2022.9946581,https://ieeexplore.ieee.org/document/9946581/,,Image recognition; Perceptron; Image processing; LFP,Deep learning; Image recognition; Process control; Atmosphere; Speech recognition; Computer applications; Mobile communication,"Industrial Engineering, Processing and Logistics Laboratory, Faculty of Sciences, University Hassan II of Casablanca, Casablanca, Morocco; Industrial Engineering, Processing and Logistics Laboratory, University Hassan II of Casablanca, Casablanca, Morocco","Industrial Engineering, Processing and Logistics Laboratory, Faculty of Sciences, University Hassan II of Casablanca, Casablanca, Morocco; Industrial Engineering, Processing and Logistics Laboratory, University Hassan II of Casablanca, Casablanca, Morocco",,Conference Paper,0,IEEE Xplore,I841
"Bian, Jiang; Yang, Sijia; Xiong, Haoyi; Wang, Licheng; Fu, Yanjie; Sun, Zeyi; Guo, Zhishan","Bian, Jiang; Yang, Sijia; Xiong, Haoyi; Wang, Licheng; Fu, Yanjie; Sun, Zeyi; Guo, Zhishan",CRLEDD: Regularized Causalities Learning for Early Detection of Diseases Using Electronic Health Record (EHR) Data,2021,IEEE Transactions on Emerging Topics in Computational Intelligence,10.1109/TETCI.2020.3010017,https://ieeexplore.ieee.org/document/9163317/,,Classification algorithms; detection algorithms; linear discriminant analysis,Diseases; Training; Covariance matrices; Estimation; Predictive models; Support vector machines; Linear discriminant analysis,"Department of Electrical and Computer Engineering, University of Central Florida, Orlando, FL, USA; State Key Laboratory of Networking and Switching Technology, Beijing University of Posts and Telecommunications, Beijing, China; Big Data Lab, Baidu Inc., Beijing, China; Department of Computer Science, University of Central Florida, Orlando, FL, USA; Department of Engineering Management and Systems Engineering, Missouri University of Science and Technology, Rolla, MO, USA","Department of Electrical and Computer Engineering, University of Central Florida, Orlando, FL, USA; State Key Laboratory of Networking and Switching Technology, Beijing University of Posts and Telecommunications, Beijing, China; Big Data Lab, Baidu Inc., Beijing, China; Department of Computer Science, University of Central Florida, Orlando, FL, USA; Department of Engineering Management and Systems Engineering, Missouri University of Science and Technology, Rolla, MO, USA",,Article,11,IEEE Xplore,I846
"Xu, Jiakang; Zhu, Lixia; Yi, Yuanyuan","Xu, Jiakang; Zhu, Lixia; Yi, Yuanyuan",Anxiety and Depression Recognition Based on Electrocardiogram Signals,2025,2025 11th International Conference on Computer and Communications (ICCC),10.1109/ICCC68654.2025.11437861,https://ieeexplore.ieee.org/document/11437861/,,Depression; anxiety; ECG; machine learning; early screening,Anxiety disorders; Electrocardiography; Predictive models; Depression; Feature extraction; Real-time systems; Recording; Convolutional neural networks; Wearable devices; Biomedical monitoring,"College of Electronic and Information Engineering, Southwest University, Chongqing, China","College of Electronic and Information Engineering, Southwest University, Chongqing, China",,Conference Paper,0,IEEE Xplore,I857
"Zhao, Wei; Go, Kentaro","Zhao, Wei; Go, Kentaro",Short-Term Emotion Change Prediction with Compact and Informative Mobile Sensing Inputs,2026,IEEE Access,10.1109/ACCESS.2026.3735286,https://ieeexplore.ieee.org/document/11698688/,,Emotion Change Prediction; Mobile Sensing; Objective Sensor Data; Compact Input Configuration; Behavioral Feature Selection; Interpretability Analysis,Modeling; Image sensors; Windows; Labeling; Timing; smartphones; Training; Mental health; Testing; Machine learning,"School of Software, Jiangxi Agricultural University, Nanchang, China; Interdisciplinary Graduate School of Medicine and Engineering, University of Yamanashi, Kofu, Japan","School of Software, Jiangxi Agricultural University, Nanchang, China; Interdisciplinary Graduate School of Medicine and Engineering, University of Yamanashi, Kofu, Japan",,Article,0,IEEE Xplore,I859
"Varsha, S K; Sri, R. Leena; Anuvidhya, K","Varsha, S K; Sri, R. Leena; Anuvidhya, K",An Intelligent Machine Learning System for Real- Time Stress Management Based on a Mini-Xception Algorithm and Deep Neural Network Models,2023,2023 IEEE International Conference on Contemporary Computing and Communications (InC4),10.1109/InC457730.2023.10263028,https://ieeexplore.ieee.org/document/10263028/,,C N N; Deep learning; Image processing; Open CV; Real-time face emotion recognition and Stress deduction,Visualization; Anxiety disorders; Human factors; Games; Streaming media; Probability; Real-time systems,"Computer Science and Engineering Thiagarajar College of Engineering, Madurai, Tamil Nadu, India","Computer Science and Engineering Thiagarajar College of Engineering, Madurai, Tamil Nadu, India",,Conference Paper,3,IEEE Xplore,I861
"Anggreainy, Maria Susan","Anggreainy, Maria Susan",Stress Level Classification Using Random Forest with Hyperparameter Optimization and AUC-ROC Evaluation,2025,2025 8th International Seminar on Research of Information Technology and Intelligent Systems (ISRITI),10.1109/ISRITI68345.2025.11393107,https://ieeexplore.ieee.org/document/11393107/,,stress level; classification; random forests; hyperparameter optimization; AUC ROC Evaluation,Seminars; Accuracy; Anxiety disorders; Pipelines; Human factors; Mental health; Predictive models; Hyperparameter optimization; Tuning; Random forests,"Computer Science Department, BINUS Graduiate Program, Doctor of Computer Science Bina Nusantara University, Jakarta, Indonesia","Computer Science Department, BINUS Graduiate Program, Doctor of Computer Science Bina Nusantara University, Jakarta, Indonesia",,Conference Paper,0,IEEE Xplore,I864
"Khanaganni, Anulaxmi S; M, Monisha H; Kumar, R Ashok","Khanaganni, Anulaxmi S; M, Monisha H; Kumar, R Ashok",Stress Level Analysis Using EEG Signals: A Comparative Study of EEGNET and CNN Deep Learning Models,2024,2024 5th IEEE Global Conference for Advancement in Technology (GCAT),10.1109/GCAT62922.2024.10923858,https://ieeexplore.ieee.org/document/10923858/,,electroencephalography; stress prediction; deep learning; EEGNet; convolutional neural networks; mental health; brain activity; Stroop test; data preprocessing; model performance,Deep learning; Training; Visualization; Analytical models; Human factors; Predictive models; Brain modeling; Electroencephalography; Data models; Convolutional neural networks,"Dept Information Science and Engineering, BMS College of Engineering, Bangalore, India; Dept Computer Science and Business Systems, BMS College of Engineering, Bangalore, India","Dept Information Science and Engineering, BMS College of Engineering, Bangalore, India; Dept Computer Science and Business Systems, BMS College of Engineering, Bangalore, India",,Conference Paper,6,IEEE Xplore,I865
"Masi, Giulia; Amprimo, Gianluca; Rechichi, Irene; Ferraris, Claudia; Olmo, Gabriella","Masi, Giulia; Amprimo, Gianluca; Rechichi, Irene; Ferraris, Claudia; Olmo, Gabriella",Does Baseline Stress Affect Electrodermal Activity? A Serious-Game-Based Pilot Study,2024,2024 46th Annual International Conference of the IEEE Engineering in Medicine and Biology Society (EMBC),10.1109/EMBC53108.2024.10781944,https://ieeexplore.ieee.org/document/10781944/,,EDA; Stress; serious games; Machine Learning; Health informatics,Analytical models; Correlation; Accuracy; Games; Physiology; Recording; Informatics; Engineering in medicine and biology; Stress,"Politecnico di Torino, Turin, Italy; CNR-IEIIT Italy, Turin, Italy","Politecnico di Torino, Turin, Italy; CNR-IEIIT Italy, Turin, Italy",,Conference Paper,1,IEEE Xplore,I875
"Kansara, Nirav C.; Vala, Brijesh; Shaikh, Mohammad Shahnawaz","Kansara, Nirav C.; Vala, Brijesh; Shaikh, Mohammad Shahnawaz",Leveraging AI for detection of mental health disorders: an investigation of multiple classifiers,2025,Parul University International Conference on Engineering and Technology 2025 (PiCET 2025),10.1049/icp.2025.1325,https://ieeexplore.ieee.org/document/11074513/,,,Mental health; Psychology; Classification of mental disorders; Artificial intelligence; Computer science; Psychiatry; Prevalence of mental disorders,"Department of Computer Sceince Engineering, Parul University, Vadodara, India; Department of Computer Science Engineering, Parul Institute of Engineering and Technology, Parul University, Vadodara, India; Department of AI & DS, Parul Institute of Engineering and Technology, Parul University, Vadodara, India","Department of Computer Sceince Engineering, Parul University, Vadodara, India; Department of Computer Science Engineering, Parul Institute of Engineering and Technology, Parul University, Vadodara, India; Department of AI & DS, Parul Institute of Engineering and Technology, Parul University, Vadodara, India",,Conference Paper,2,IEEE Xplore,I885
"R, Mynavathi; P, Rajendran; V, Kanimozhi; G, Buvaneswaran; S, Mahalakshmi","R, Mynavathi; P, Rajendran; V, Kanimozhi; G, Buvaneswaran; S, Mahalakshmi",AI-Based Real-Time Stress Monitoring in Autism Students: Instant Caregiver Alerts and Support Recommendations,2025,2025 2nd Asia Pacific Conference on Innovation in Technology (APCIT),10.1109/APCIT65661.2025.11410691,https://ieeexplore.ieee.org/document/11410691/,,Autism Spectrum Disorder; Real-time stress detection; Non-contact camera monitoring; Emotion recognition,Visualization; Autism; Technological innovation; Facial expressions; Anxiety disorders; Market research; Cameras; Real-time systems; Wearable devices; Monitoring,"Department of Information Technology, Velalar College of Engineering and Technology, Erode, India; Department of General Engineering, Velalar College of Engineering and Technology, Erode, India","Department of Information Technology, Velalar College of Engineering and Technology, Erode, India; Department of General Engineering, Velalar College of Engineering and Technology, Erode, India",,Conference Paper,0,IEEE Xplore,I897
"Badhani, Preeti; M, Suresh Kumar; Ruzikulova, Amina; Durdonakhon, Muydinova; Sultanboy, Jumanazarov; Turaeva, Gulnoz","Badhani, Preeti; M, Suresh Kumar; Ruzikulova, Amina; Durdonakhon, Muydinova; Sultanboy, Jumanazarov; Turaeva, Gulnoz",Stress Detection and Decision Making Using Natural Language Processing and Fuzzy Sets to Prevent Burnout in Transformed Online Learning Platforms,2026,"2026 International Conference on Intelligent Processing, Hardware, Electronics, and Radio Systems (CIPHER)",10.1109/CIPHER70417.2026.11523966,https://ieeexplore.ieee.org/document/11523966/,,Natural Language Processing; Fuzzy Set Theory; Stress Detection; Burnout Prevention; Online Learning Platforms; Sentiment Analysis; Decision Making; Educational Data Mining; Learner Well-being,Human factors; Modeling; Stress; Natural language processing; Equations; Printing; Electronic learning; Signal detection; Fuzzy logic; Learning (artificial intelligence),"Dept. of Computer Science & Engineering, Graphic Era Hill University, Dehradun, Uttarakhand, India; Department of ISE, Dayananda Sagar College of Engineering, Bangalore, India; Department of Psychology, Navoi State University, Navoi, Uzbekistan; Department of Pedagogy, Fergana State University, Fergana, Uzbekistan; Faculty of Hospital Therapy and Hemodialysis, Tashkent State Medical University, Tashkent, Uzbekistan; Department of Preschool and Primary Education, Termiz University of Economics and Service, Termez, Uzbekistan","Dept. of Computer Science & Engineering, Graphic Era Hill University, Dehradun, Uttarakhand, India; Department of ISE, Dayananda Sagar College of Engineering, Bangalore, India; Department of Psychology, Navoi State University, Navoi, Uzbekistan; Department of Pedagogy, Fergana State University, Fergana, Uzbekistan; Faculty of Hospital Therapy and Hemodialysis, Tashkent State Medical University, Tashkent, Uzbekistan; Department of Preschool and Primary Education, Termiz University of Economics and Service, Termez, Uzbekistan",,Conference Paper,0,IEEE Xplore,I908
"Hendryani, Atika; Rizkinia, Mia; Gunawan, Dadang","Hendryani, Atika; Rizkinia, Mia; Gunawan, Dadang",Enhancement of Stress Classification Using Web Camera-Based Imaging Photoplethysmography With a Frame Alignment Method,2024,IEEE Access,10.1109/ACCESS.2024.3452934,https://ieeexplore.ieee.org/document/10662967/,,Biomedical imaging; heart rate (HR); HR estimation; feature extraction; logistic,Human factors; Heart rate variability; Accuracy; Cameras; Stress measurement; Feature extraction; Biomedical imaging; Logistics; Classification algorithms,"Department of Electrical Engineering, Universitas Indonesia, Depok, West Java, Indonesia","Department of Electrical Engineering, Universitas Indonesia, Depok, West Java, Indonesia",,Article,7,IEEE Xplore,I920
